#pragma once

// Hier Bilder definieren. Umwandlung z.B. über folgende Website:
//
//    https://javl.github.io/image2cpp/

// 'background', 160x128px
const uint16_t epd_bitmap_background [] PROGMEM = {
	0x8416, 0x8416, 0x8416, 0x8416, 0x8416, 0x8416, 0x8416, 0x83f6, 0x8416, 0x8416, 0x8416, 0x8416, 0x8416, 0x8416, 0x7c16, 0x8416, 
	0x7c16, 0x7c16, 0x7c16, 0x8416, 0x8416, 0x8416, 0x8416, 0x8416, 0x83f6, 0x8416, 0x83f6, 0x8416, 0x8416, 0x8416, 0x83f6, 0x8416, 
	0x8416, 0x7c16, 0x83f6, 0x8416, 0x8416, 0x83f6, 0x8416, 0x7c16, 0x83f6, 0x8416, 0x8416, 0x8416, 0x8416, 0x8416, 0x8416, 0x7c16, 
	0x8416, 0x8416, 0x7c16, 0x8416, 0x8416, 0x8416, 0x8416, 0x8416, 0x8416, 0x7c16, 0x8416, 0x8416, 0x8416, 0x8416, 0x8416, 0x8416, 
	0x8416, 0x83f6, 0x8416, 0x8416, 0x8416, 0x8416, 0x8416, 0x8416, 0x8416, 0x8416, 0x8416, 0x7c16, 0x8416, 0x8416, 0x8416, 0x8416, 
	0x8416, 0x8416, 0x7c16, 0x8416, 0x8416, 0x83f6, 0x7c16, 0x83f6, 0x8416, 0x8416, 0x8416, 0x8416, 0x8416, 0x8416, 0x8416, 0x83f6, 
	0x8416, 0x83f6, 0x8416, 0x8416, 0x8416, 0x8416, 0x8416, 0x8416, 0x8416, 0x83f6, 0x8416, 0x83f6, 0x8416, 0x7c16, 0x8416, 0x8416, 
	0x83f6, 0x8416, 0x8416, 0x7c16, 0x8416, 0x8416, 0x8416, 0x8416, 0x8416, 0x8416, 0x8416, 0x7c16, 0x8416, 0x8416, 0x7c16, 0x7c16, 
	0x8416, 0x8416, 0x83f6, 0x8416, 0x8416, 0x8416, 0x8416, 0x8416, 0x8416, 0x8416, 0x7bf6, 0x7bf6, 0x83f6, 0x8416, 0x8416, 0x8416, 
	0x8416, 0x8416, 0x7c16, 0x8416, 0x8416, 0x7c16, 0x83f6, 0x83f6, 0x8416, 0x7bf6, 0x8416, 0x8416, 0x8416, 0x8416, 0x8416, 0x8416, 
	0x8416, 0x7c16, 0x7c16, 0x8416, 0x8416, 0x8416, 0x8416, 0x8416, 0x8416, 0x8416, 0x8416, 0x7c16, 0x8416, 0x8416, 0x8416, 0x8416, 
	0x8416, 0x7c16, 0x7c16, 0x83f6, 0x83f6, 0x8416, 0x8416, 0x8416, 0x8416, 0x8416, 0x8416, 0x8416, 0x83f6, 0x8416, 0x8416, 0x8416, 
	0x83f6, 0x7c16, 0x8416, 0x8416, 0x7c16, 0x83f6, 0x8416, 0x83f6, 0x7bf6, 0x8416, 0x83f6, 0x8416, 0x8416, 0x7c16, 0x8416, 0x8416, 
	0x8416, 0x8416, 0x8416, 0x7c16, 0x8416, 0x8416, 0x7c16, 0x83f6, 0x8416, 0x8416, 0x83f6, 0x8416, 0x8416, 0x8416, 0x8416, 0x8416, 
	0x8416, 0x8416, 0x8416, 0x8416, 0x83f6, 0x8416, 0x8416, 0x8416, 0x8416, 0x8416, 0x8416, 0x8416, 0x8416, 0x8416, 0x8416, 0x83f6, 
	0x83f6, 0x7c16, 0x8416, 0x8416, 0x83f6, 0x8416, 0x8416, 0x8416, 0x83f6, 0x8416, 0x8416, 0x8416, 0x8416, 0x8416, 0x8416, 0x8416, 
	0x8416, 0x8416, 0x8416, 0x8416, 0x83f6, 0x8416, 0x8416, 0x7c16, 0x8416, 0x8416, 0x8416, 0x8416, 0x8416, 0x8416, 0x8416, 0x8416, 
	0x83f6, 0x8416, 0x7c16, 0x8416, 0x8416, 0x8416, 0x8416, 0x8416, 0x7c16, 0x8416, 0x83f6, 0x7c16, 0x7bf6, 0x8416, 0x8416, 0x7c16, 
	0x8416, 0x8416, 0x8416, 0x83f6, 0x8416, 0x7c16, 0x8416, 0x8416, 0x8416, 0x8416, 0x8416, 0x8416, 0x83f6, 0x8416, 0x8416, 0x7c16, 
	0x83f6, 0x8416, 0x8416, 0x8416, 0x8416, 0x83f6, 0x8416, 0x8416, 0x8416, 0x7c16, 0x8416, 0x8416, 0x8416, 0x8416, 0x8416, 0x8416, 
	0x8416, 0x8416, 0x8416, 0x8416, 0x7c16, 0x7bf6, 0x8416, 0x7c16, 0x8416, 0x83f6, 0x8416, 0x7c16, 0x8416, 0x7c16, 0x8416, 0x8416, 
	0x8416, 0x8416, 0x7c16, 0x8416, 0x83f6, 0x8416, 0x8416, 0x8416, 0x8416, 0x8416, 0x8416, 0x8416, 0x8416, 0x8416, 0x8416, 0x83f6, 
	0x8416, 0x8416, 0x8416, 0x7c16, 0x83f6, 0x8416, 0x8416, 0x8416, 0x7c16, 0x8416, 0x8416, 0x8416, 0x8416, 0x8416, 0x8416, 0x8416, 
	0x8416, 0x8416, 0x83f6, 0x8416, 0x8416, 0x8416, 0x8416, 0x8416, 0x8416, 0x8416, 0x8416, 0x8416, 0x8416, 0x8416, 0x83f6, 0x83f6, 
	0x8416, 0x8416, 0x8416, 0x8416, 0x8416, 0x8416, 0x8416, 0x83f6, 0x8416, 0x7c16, 0x83f6, 0x8416, 0x8416, 0x83f6, 0x8416, 0x8416, 
	0x8416, 0x83f6, 0x8416, 0x8416, 0x83f6, 0x8416, 0x8416, 0x8416, 0x83f6, 0x8416, 0x8416, 0x8416, 0x8416, 0x8416, 0x8416, 0x83f6, 
	0x8416, 0x8416, 0x8416, 0x8416, 0x83f6, 0x8416, 0x83f6, 0x7c16, 0x8416, 0x8416, 0x8416, 0x8416, 0x8416, 0x83f6, 0x8416, 0x7c16, 
	0x8416, 0x8416, 0x8416, 0x8416, 0x8416, 0x8416, 0x83f6, 0x8416, 0x8416, 0x8416, 0x83f6, 0x8416, 0x7bf6, 0x8416, 0x83f6, 0x8416, 
	0x8416, 0x7c16, 0x8416, 0x8416, 0x8416, 0x8416, 0x7bf6, 0x8416, 0x8416, 0x8416, 0x8416, 0x8416, 0x8416, 0x8416, 0x8416, 0x7c16, 
	0x8416, 0x7bf6, 0x7c16, 0x8416, 0x8416, 0x8416, 0x8416, 0x8416, 0x8416, 0x8416, 0x83f6, 0x8416, 0x8416, 0x8416, 0x8416, 0x8416, 
	0x8416, 0x8416, 0x83f6, 0x8416, 0x7c16, 0x8416, 0x83f6, 0x7c16, 0x8416, 0x8416, 0x8416, 0x8416, 0x8416, 0x83f6, 0x8416, 0x8416, 
	0x83f6, 0x7c16, 0x8416, 0x8416, 0x7c16, 0x8416, 0x8416, 0x8416, 0x7c16, 0x8416, 0x8416, 0x8416, 0x8416, 0x7c16, 0x8416, 0x8416, 
	0x7c16, 0x83f6, 0x83f6, 0x8416, 0x8416, 0x8416, 0x8416, 0x8416, 0x8416, 0x8416, 0x8416, 0x8416, 0x83f6, 0x7c16, 0x8416, 0x8416, 
	0x8416, 0x8416, 0x8416, 0x8416, 0x8416, 0x7bf6, 0x8416, 0x8416, 0x8416, 0x8416, 0x83f6, 0x8416, 0x83f6, 0x8416, 0x7c16, 0x7c16, 
	0x8416, 0x83f6, 0x8416, 0x7bf6, 0x8416, 0x8416, 0x8416, 0x8416, 0x8416, 0x8416, 0x7c16, 0x7c16, 0x8416, 0x83f6, 0x8416, 0x7c16, 
	0x83f6, 0x8416, 0x7c16, 0x8416, 0x83f6, 0x8416, 0x8416, 0x8416, 0x8416, 0x7c16, 0x7c16, 0x7c16, 0x8416, 0x8416, 0x8416, 0x8416, 
	0x8416, 0x8416, 0x83f6, 0x8416, 0x8416, 0x8416, 0x8416, 0x8416, 0x8416, 0x8416, 0x7c16, 0x7c16, 0x8416, 0x8416, 0x8416, 0x83f6, 
	0x8416, 0x8416, 0x8416, 0x8416, 0x7c16, 0x8416, 0x83f6, 0x8416, 0x8416, 0x8416, 0x8416, 0x83f6, 0x8416, 0x8416, 0x8416, 0x8416, 
	0x8416, 0x8416, 0x8416, 0x8416, 0x8416, 0x8416, 0x8416, 0x7c16, 0x8416, 0x83f6, 0x8416, 0x8416, 0x8416, 0x8416, 0x8416, 0x83f6, 
	0x83f6, 0x8416, 0x8416, 0x7c16, 0x8416, 0x8416, 0x8416, 0x8416, 0x8416, 0x8416, 0x8416, 0x83f6, 0x7c16, 0x8416, 0x8416, 0x8416, 
	0x8416, 0x8416, 0x83f6, 0x8416, 0x8416, 0x8416, 0x8416, 0x8416, 0x8416, 0x8416, 0x8416, 0x8416, 0x8416, 0x8416, 0x7c16, 0x8416, 
	0x8416, 0x83f6, 0x7c16, 0x7c16, 0x8416, 0x8416, 0x8416, 0x8416, 0x8416, 0x8416, 0x7bf6, 0x8416, 0x7c16, 0x8416, 0x7bf6, 0x8416, 
	0x8416, 0x8416, 0x8416, 0x8416, 0x8416, 0x8416, 0x83f6, 0x8416, 0x7c16, 0x8416, 0x8416, 0x7c16, 0x8416, 0x7c16, 0x8416, 0x8416, 
	0x8416, 0x7c16, 0x8416, 0x8416, 0x8416, 0x8416, 0x8416, 0x8416, 0x8416, 0x83f6, 0x8416, 0x8416, 0x8416, 0x8416, 0x8416, 0x83f6, 
	0x8416, 0x83f6, 0x7c16, 0x7c16, 0x8416, 0x8416, 0x8416, 0x8416, 0x8416, 0x7c16, 0x8416, 0x8416, 0x83f6, 0x8416, 0x8416, 0x83f6, 
	0x83f6, 0x7c16, 0x8416, 0x8416, 0x8416, 0x8416, 0x7c16, 0x8416, 0x8416, 0x7bf6, 0x83f6, 0x8416, 0x8416, 0x7c16, 0x8416, 0x8416, 
	0x8416, 0x8416, 0x8416, 0x8416, 0x8416, 0x7c16, 0x7c16, 0x7c16, 0x8416, 0x7c16, 0x7c16, 0x8416, 0x8416, 0x8416, 0x8416, 0x83f6, 
	0x8416, 0x8416, 0x8416, 0x7bf6, 0x83f6, 0x7c16, 0x7c16, 0x7c16, 0x8416, 0x8416, 0x83f6, 0x8416, 0x8416, 0x8416, 0x8416, 0x8416, 
	0x8416, 0x83f6, 0x7c16, 0x8416, 0x8416, 0x83f6, 0x8416, 0x8416, 0x8416, 0x8416, 0x8416, 0x8416, 0x8416, 0x8416, 0x83f6, 0x8416, 
	0x83f6, 0x8416, 0x8416, 0x7c16, 0x7bf6, 0x8416, 0x8416, 0x8416, 0x8416, 0x8416, 0x8416, 0x7c16, 0x8416, 0x83f6, 0x8416, 0x8416, 
	0x7c16, 0x8416, 0x83f6, 0x8416, 0x8416, 0x8416, 0x8416, 0x7c16, 0x8416, 0x8416, 0x83f6, 0x8416, 0x8416, 0x8416, 0x7c16, 0x8416, 
	0x8416, 0x8416, 0x8416, 0x83f6, 0x8416, 0x8416, 0x8416, 0x8416, 0x7c16, 0x8416, 0x8416, 0x8416, 0x83f6, 0x7c16, 0x8416, 0x7bf6, 
	0x7c16, 0x83f6, 0x83f6, 0x83f6, 0x7c16, 0x8416, 0x8416, 0x8416, 0x8416, 0x83f6, 0x8416, 0x8416, 0x8416, 0x8416, 0x83f6, 0x8416, 
	0x8416, 0x8416, 0x8416, 0x83f6, 0x83f6, 0x8416, 0x8416, 0x8416, 0x7c16, 0x8416, 0x8416, 0x8416, 0x8416, 0x8416, 0x83f6, 0x8416, 
	0x8416, 0x8416, 0x8416, 0x8416, 0x7bf6, 0x7c16, 0x8416, 0x7c16, 0x8416, 0x8416, 0x8416, 0x8416, 0x8416, 0x83f6, 0x8416, 0x7c16, 
	0x8416, 0x8416, 0x83f6, 0x83f6, 0x7c16, 0x8416, 0x8416, 0x8416, 0x8416, 0x8416, 0x8416, 0x7c16, 0x83f6, 0x8416, 0x7c16, 0x83f6, 
	0x8416, 0x8416, 0x83f6, 0x7c16, 0x8416, 0x8416, 0x8416, 0x8416, 0x8416, 0x7c16, 0x8416, 0x8416, 0x83f6, 0x8416, 0x8416, 0x8416, 
	0x8416, 0x83f6, 0x8416, 0x8416, 0x8416, 0x8416, 0x83f6, 0x8416, 0x8416, 0x8416, 0x8416, 0x8416, 0x8416, 0x8416, 0x8416, 0x8416, 
	0x8416, 0x83f6, 0x8416, 0x8416, 0x8416, 0x8416, 0x8416, 0x8416, 0x83f6, 0x8416, 0x8416, 0x8416, 0x8416, 0x7c16, 0x8416, 0x8416, 
	0x8416, 0x8416, 0x8416, 0x8416, 0x8416, 0x7c16, 0x7bf6, 0x7c16, 0x8416, 0x8416, 0x8416, 0x83f6, 0x8416, 0x7c16, 0x7c16, 0x8416, 
	0x8416, 0x8416, 0x8416, 0x8416, 0x8416, 0x8416, 0x8416, 0x7bf6, 0x8416, 0x8416, 0x8416, 0x8416, 0x8416, 0x8416, 0x8416, 0x7c16, 
	0x8416, 0x83f6, 0x8416, 0x83f6, 0x8416, 0x8416, 0x8416, 0x8416, 0x8416, 0x7c16, 0x8416, 0x8416, 0x8416, 0x8416, 0x8416, 0x83f6, 
	0x7bf6, 0x8416, 0x8416, 0x8416, 0x8416, 0x8416, 0x7c16, 0x7c16, 0x8416, 0x8416, 0x8416, 0x8416, 0x8416, 0x83f6, 0x8416, 0x8416, 
	0x8416, 0x8416, 0x83f6, 0x7c16, 0x7bf6, 0x7c16, 0x8416, 0x8416, 0x8416, 0x7c16, 0x8416, 0x83f6, 0x8416, 0x7c16, 0x8416, 0x8416, 
	0x83f6, 0x8416, 0x8416, 0x8416, 0x7c16, 0x8416, 0x8416, 0x8416, 0x8416, 0x8416, 0x7c16, 0x83f6, 0x8416, 0x8416, 0x8416, 0x8416, 
	0x8416, 0x7bf6, 0x8416, 0x8416, 0x83f6, 0x8416, 0x8416, 0x8416, 0x7bf6, 0x8416, 0x8416, 0x8416, 0x8416, 0x83f6, 0x8416, 0x8416, 
	0x8416, 0x8416, 0x7c16, 0x83f6, 0x8416, 0x8416, 0x8416, 0x8416, 0x8416, 0x8416, 0x7c16, 0x8416, 0x8416, 0x8416, 0x8416, 0x8416, 
	0x83f6, 0x8416, 0x8416, 0x8416, 0x8416, 0x8416, 0x7c16, 0x8416, 0x83f6, 0x8416, 0x8416, 0x83f6, 0x8416, 0x8416, 0x8416, 0x83f6, 
	0x8416, 0x8416, 0x7c16, 0x8416, 0x8416, 0x7c16, 0x8416, 0x8416, 0x8416, 0x8416, 0x8416, 0x8416, 0x8416, 0x7c16, 0x8416, 0x8416, 
	0x8416, 0x8416, 0x8416, 0x8416, 0x8416, 0x7c16, 0x7c16, 0x8416, 0x8416, 0x83f6, 0x8416, 0x8416, 0x8416, 0x8416, 0x83f6, 0x8416, 
	0x8416, 0x8416, 0x8416, 0x8416, 0x8416, 0x83f6, 0x8416, 0x8416, 0x8416, 0x8416, 0x83f6, 0x8416, 0x8416, 0x8416, 0x8416, 0x8416, 
	0x8416, 0x8416, 0x83f6, 0x8416, 0x8416, 0x8416, 0x8416, 0x8416, 0x8416, 0x83f6, 0x8416, 0x7c16, 0x8416, 0x7c16, 0x8416, 0x8416, 
	0x8416, 0x83f6, 0x8416, 0x83f6, 0x8416, 0x8416, 0x8416, 0x7c16, 0x8416, 0x7c16, 0x8416, 0x8416, 0x83f6, 0x8416, 0x8416, 0x8416, 
	0x8416, 0x8416, 0x8416, 0x8416, 0x7c16, 0x8416, 0x7bf6, 0x8416, 0x8416, 0x7bf6, 0x83f6, 0x83f6, 0x83f6, 0x8416, 0x8416, 0x8416, 
	0x8416, 0x7bf6, 0x8416, 0x8416, 0x7c16, 0x8416, 0x83f6, 0x8416, 0x8416, 0x7bf6, 0x7c16, 0x7c16, 0x7c16, 0x83f6, 0x8416, 0x83f6, 
	0x83f6, 0x83f6, 0x8416, 0x8416, 0x8416, 0x8416, 0x8416, 0x83f6, 0x8416, 0x7bf6, 0x83f6, 0x7c16, 0x7c16, 0x8416, 0x7c16, 0x83f6, 
	0x8416, 0x8416, 0x8416, 0x8416, 0x8416, 0x8416, 0x8416, 0x8416, 0x8416, 0x83f6, 0x83f6, 0x8416, 0x8416, 0x8416, 0x8416, 0x7c16, 
	0x8416, 0x7c16, 0x83f6, 0x8416, 0x8416, 0x8416, 0x8416, 0x8416, 0x8416, 0x7c16, 0x83f6, 0x8416, 0x8416, 0x8416, 0x8416, 0x8416, 
	0x8416, 0x8416, 0x8416, 0x83f6, 0x8416, 0x8416, 0x8416, 0x8416, 0x8416, 0x83f6, 0x83f6, 0x8416, 0x8416, 0x8416, 0x8416, 0x8416, 
	0x8416, 0x7c16, 0x8416, 0x8416, 0x7c16, 0x8416, 0x8416, 0x7c16, 0x8416, 0x83f6, 0x8416, 0x8416, 0x8416, 0x8416, 0x7bf6, 0x7c16, 
	0x8416, 0x8416, 0x8416, 0x7c16, 0x8416, 0x8416, 0x8416, 0x8416, 0x8416, 0x8416, 0x8416, 0x8416, 0x8416, 0x8416, 0x8416, 0x8416, 
	0x8416, 0x8416, 0x8416, 0x8416, 0x8416, 0x8416, 0x8416, 0x83f6, 0x8416, 0x83f6, 0x8416, 0x8416, 0x8416, 0x8416, 0x8416, 0x8416, 
	0x8416, 0x8416, 0x83f6, 0x8416, 0x7c16, 0x8416, 0x8416, 0x8416, 0x83f6, 0x8416, 0x8416, 0x8416, 0x7c16, 0x8416, 0x8416, 0x8416, 
	0x8416, 0x8416, 0x8416, 0x8416, 0x8416, 0x7c16, 0x8416, 0x8416, 0x8416, 0x8416, 0x7c16, 0x8416, 0x7bf6, 0x8416, 0x8416, 0x8416, 
	0x8416, 0x7c16, 0x83f6, 0x8416, 0x8416, 0x8416, 0x83f6, 0x83f6, 0x8416, 0x8416, 0x8416, 0x8416, 0x8416, 0x8416, 0x8416, 0x83f6, 
	0x8416, 0x8416, 0x8416, 0x83f6, 0x8416, 0x8416, 0x8416, 0x8416, 0x8416, 0x8416, 0x8416, 0x7c16, 0x8416, 0x83f6, 0x83f6, 0x8416, 
	0x8416, 0x7bf6, 0x8416, 0x8416, 0x83f6, 0x8416, 0x8416, 0x8416, 0x8416, 0x83f6, 0x7c16, 0x8416, 0x8416, 0x8416, 0x8416, 0x8416, 
	0x8416, 0x8416, 0x8416, 0x8416, 0x8416, 0x8416, 0x7c16, 0x83f6, 0x8416, 0x8416, 0x8416, 0x8416, 0x8416, 0x8416, 0x83f6, 0x8416, 
	0x8416, 0x8416, 0x8416, 0x8416, 0x8416, 0x8416, 0x83f6, 0x8416, 0x7c16, 0x83f6, 0x8416, 0x83f6, 0x7c16, 0x8416, 0x8416, 0x8416, 
	0x8416, 0x7c16, 0x8416, 0x83f6, 0x8416, 0x8416, 0x83f6, 0x8416, 0x8416, 0x8416, 0x8416, 0x8416, 0x8416, 0x8416, 0x83f6, 0x8416, 
	0x8416, 0x8416, 0x8416, 0x8416, 0x83f6, 0x8416, 0x8416, 0x7c16, 0x8416, 0x8416, 0x83f6, 0x8416, 0x8416, 0x8416, 0x7c16, 0x8416, 
	0x8416, 0x8416, 0x8416, 0x83f6, 0x8416, 0x8416, 0x8416, 0x8416, 0x8416, 0x7c16, 0x83f6, 0x8416, 0x8416, 0x8416, 0x8416, 0x8416, 
	0x7c16, 0x8416, 0x7c16, 0x7c16, 0x8416, 0x8416, 0x83f6, 0x8416, 0x8416, 0x8416, 0x8416, 0x8416, 0x8416, 0x8416, 0x8416, 0x8416, 
	0x8416, 0x8416, 0x8416, 0x8416, 0x83f6, 0x8416, 0x7c16, 0x83f6, 0x8416, 0x83f6, 0x83f6, 0x7c16, 0x8416, 0x8416, 0x8416, 0x8416, 
	0x8416, 0x8416, 0x8416, 0x8416, 0x8416, 0x8416, 0x8416, 0x8416, 0x8416, 0x8416, 0x8416, 0x8416, 0x8416, 0x83f6, 0x8416, 0x7c16, 
	0x7c16, 0x83f6, 0x8416, 0x7c16, 0x7c16, 0x8416, 0x8416, 0x8416, 0x8416, 0x8416, 0x8416, 0x83f6, 0x8416, 0x8416, 0x83f6, 0x8416, 
	0x8416, 0x8416, 0x8416, 0x8416, 0x8416, 0x83f6, 0x8416, 0x8416, 0x83f6, 0x83f6, 0x83f6, 0x8416, 0x8416, 0x8416, 0x8416, 0x8416, 
	0x8416, 0x8416, 0x8416, 0x8416, 0x8416, 0x8416, 0x83f6, 0x8416, 0x8416, 0x8416, 0x8416, 0x8416, 0x8416, 0x83f6, 0x8416, 0x7c16, 
	0x8416, 0x8416, 0x8416, 0x8416, 0x8416, 0x83f6, 0x8416, 0x8416, 0x8416, 0xad55, 0x8416, 0x7bf6, 0x8416, 0x8416, 0x83f6, 0x8416, 
	0x8416, 0x8416, 0x7c16, 0x8416, 0x8416, 0x83f6, 0x8416, 0x83f6, 0x8416, 0x8416, 0x8416, 0x83f6, 0x83f6, 0x8416, 0x83f6, 0x83f6, 
	0x8416, 0x8416, 0x8416, 0x83f6, 0x83f6, 0x8416, 0x83f6, 0x7bf6, 0x8416, 0x83f6, 0x8416, 0x7c16, 0x8416, 0x8416, 0x8416, 0x7c16, 
	0x83f6, 0x8416, 0x83f6, 0x83f6, 0x8416, 0x7c16, 0x83f6, 0x8416, 0x8416, 0x8416, 0x8416, 0x8416, 0x8416, 0x8416, 0x8416, 0x8416, 
	0x8416, 0x83f6, 0x83f6, 0x8416, 0x8416, 0x8416, 0x8416, 0x8416, 0x8416, 0x83f6, 0x7c16, 0x8416, 0x8416, 0x7c16, 0x8416, 0x7bf6, 
	0x8416, 0x630c, 0x8416, 0x8416, 0x8416, 0x8416, 0x7c16, 0x7c16, 0x8416, 0x8416, 0x8416, 0x8416, 0x7bf6, 0x8416, 0x8416, 0x8416, 
	0x8416, 0x8416, 0x8416, 0x8416, 0x83f6, 0x8416, 0x83f6, 0x8416, 0x8416, 0x8416, 0x8416, 0x8416, 0x8416, 0x8416, 0x8416, 0x8416, 
	0x8416, 0x8416, 0x8416, 0x8416, 0x7c16, 0x8416, 0x8416, 0x8416, 0x8416, 0x8416, 0x8416, 0x7bf6, 0x8416, 0x8416, 0x8416, 0x83f6, 
	0x8416, 0x8416, 0x8416, 0x8416, 0x8416, 0x8416, 0x8416, 0x8416, 0x2945, 0x8416, 0x8416, 0x8416, 0x8416, 0x8416, 0x8416, 0x8416, 
	0x8416, 0x7bf6, 0x8416, 0x83f6, 0x8416, 0x83f6, 0x8416, 0x7c16, 0x83f6, 0x8416, 0x8416, 0x8416, 0x8416, 0x8416, 0x7c16, 0x8416, 
	0x8416, 0x8416, 0x83f6, 0x8416, 0x7c16, 0x8416, 0x8416, 0x7c16, 0x8416, 0x8416, 0x8416, 0x8416, 0x8416, 0x7c16, 0x7c16, 0x8416, 
	0x8416, 0x83f6, 0x8416, 0x8416, 0x7c16, 0x83f6, 0x8416, 0x83f6, 0x8416, 0x8416, 0x8416, 0x8416, 0x8416, 0x8416, 0x8416, 0x8416, 
	0x8416, 0x83f6, 0x8416, 0x8416, 0x8416, 0x8416, 0x8416, 0x7c16, 0x8416, 0x7c16, 0x8416, 0x8416, 0x8416, 0x8416, 0x8416, 0x8416, 
	0x83f6, 0x8416, 0x83f6, 0x83f6, 0x8416, 0x8416, 0x7c16, 0x8416, 0x7c16, 0x8416, 0x8416, 0x8416, 0x8416, 0x8416, 0x7c16, 0x8416, 
	0x8416, 0x8416, 0x8416, 0x8416, 0x83f6, 0x8416, 0x8416, 0x8416, 0x8416, 0x8416, 0x8416, 0x8416, 0x8416, 0x8416, 0x8416, 0x83f6, 
	0x8416, 0x8416, 0x7c16, 0x8416, 0x8416, 0x8416, 0x8416, 0x8416, 0x8416, 0x7c16, 0x8416, 0x8416, 0x7c16, 0x8416, 0x8416, 0x8416, 
	0x8416, 0x7c16, 0x8416, 0x8416, 0x8416, 0x7c16, 0x83f6, 0x8416, 0x8416, 0x7c16, 0x8416, 0x8416, 0x8416, 0x8416, 0x8416, 0x8416, 
	0x8416, 0x8416, 0x7c16, 0x8416, 0x8416, 0x8416, 0x8416, 0x8416, 0x8416, 0x8416, 0x8416, 0x8416, 0x8416, 0x83f6, 0x8416, 0x83f6, 
	0x8416, 0x8416, 0x8416, 0x7c16, 0x8416, 0x8416, 0x8416, 0x8416, 0x8416, 0x83f6, 0x8416, 0x8416, 0x8416, 0x8416, 0x8416, 0x83f6, 
	0x8416, 0x7c16, 0x8416, 0x7c16, 0x7c16, 0x8416, 0x8416, 0x8416, 0x8416, 0x8416, 0x8416, 0x8416, 0x8416, 0x8416, 0x8416, 0x8416, 
	0x8416, 0x8416, 0x8416, 0x8416, 0x8416, 0x8416, 0x8416, 0x8416, 0x8416, 0x8416, 0x8416, 0x8416, 0x83f6, 0x8416, 0x7c16, 0x8416, 
	0x7bf6, 0x8416, 0x83f6, 0x8416, 0x8416, 0x8416, 0x8416, 0x8416, 0x8416, 0x8416, 0x8416, 0x8416, 0x83f6, 0x7bf6, 0x83f6, 0x8416, 
	0x8416, 0x8416, 0x8416, 0x7c16, 0x83f6, 0x8416, 0x83f6, 0x83f6, 0x83f6, 0x8416, 0x83f6, 0x8416, 0x8416, 0x7c16, 0x8416, 0x8416, 
	0x8416, 0x8416, 0x83f6, 0x7c16, 0x7c16, 0x8416, 0x8416, 0x8416, 0x8416, 0x8416, 0x8416, 0x8416, 0x8416, 0x8416, 0x8416, 0x8416, 
	0x83f6, 0x8416, 0x83f6, 0x8416, 0x83f6, 0x83f6, 0x83f6, 0x8416, 0x8416, 0x8416, 0x8416, 0x8416, 0x7c16, 0x7c16, 0x7c16, 0x7c16, 
	0x8416, 0x8416, 0x7bf6, 0x8416, 0x8416, 0x7c16, 0x83f6, 0x7c16, 0x83f6, 0x8416, 0x8416, 0x8416, 0x8416, 0x8416, 0x8416, 0x8416, 
	0x8416, 0x8416, 0x8416, 0x83f6, 0x8416, 0x8416, 0x8416, 0x83f6, 0x8416, 0x8416, 0x83f6, 0x7c16, 0x8416, 0x8416, 0x8416, 0x8416, 
	0x8416, 0x8416, 0x8416, 0x8416, 0x8416, 0x7c16, 0x8416, 0x83f6, 0x8416, 0x8416, 0x8416, 0x83f6, 0x8416, 0x8416, 0x8416, 0x8416, 
	0x83f6, 0x8416, 0x7bf6, 0x7c16, 0x8416, 0x7c16, 0x83f6, 0x8416, 0x7c16, 0x8416, 0x8416, 0x8416, 0x8416, 0x8416, 0x7bf6, 0x7c16, 
	0x8416, 0x7c16, 0x8416, 0x7c16, 0x8416, 0x8416, 0x8416, 0x83f6, 0x8416, 0x83f6, 0x7bf6, 0x8416, 0x8416, 0x8416, 0x8416, 0x8416, 
	0x83f6, 0x8416, 0x8416, 0x8416, 0x83f6, 0x8416, 0x8416, 0x8416, 0x8416, 0x8416, 0x8416, 0x8416, 0x8416, 0x8416, 0x8416, 0x8416, 
	0x8416, 0x7bf6, 0x83f6, 0x83f6, 0x8416, 0x83f6, 0x8416, 0x8416, 0x8416, 0x83f6, 0x7c16, 0x8416, 0x8416, 0x8416, 0x8416, 0x8416, 
	0x7c16, 0x83f6, 0x8416, 0x8416, 0x8416, 0x8416, 0x8416, 0x8416, 0x8416, 0x8416, 0x8416, 0x8416, 0x8416, 0x8416, 0x8416, 0x8416, 
	0x8416, 0x8416, 0x8416, 0x8416, 0x8416, 0x8416, 0x8416, 0x7c16, 0x83f6, 0x8416, 0x8416, 0x8416, 0x7bf6, 0x8416, 0x8416, 0x8416, 
	0x8416, 0x8416, 0x8416, 0x8416, 0x8416, 0x8416, 0x8416, 0x8416, 0x8416, 0x83f6, 0x8416, 0x83f6, 0x7c16, 0x8416, 0x8416, 0x83f6, 
	0x8416, 0x8416, 0x8416, 0x8416, 0x8416, 0x8416, 0x8416, 0x8416, 0x8416, 0x8416, 0x8416, 0x8416, 0x8416, 0x8416, 0x8416, 0x8416, 
	0x8416, 0x7bf6, 0x83f6, 0x8416, 0x7c16, 0x8416, 0x8416, 0x8416, 0x8416, 0x8416, 0x83f6, 0x8416, 0x8416, 0x8416, 0x83f6, 0x8416, 
	0x8416, 0x8416, 0x8416, 0x7c16, 0x83f6, 0x8416, 0x8416, 0xffff, 0x8416, 0x8416, 0x8416, 0x8416, 0x8416, 0x8416, 0x8416, 0x83f6, 
	0x8416, 0x7bf6, 0x8416, 0x8416, 0x8416, 0x8416, 0x7bf6, 0x7c16, 0x8416, 0x8416, 0x7c16, 0x8416, 0x8416, 0x8416, 0x8416, 0x8416, 
	0x8416, 0x7c16, 0x8416, 0x8416, 0x8416, 0x8416, 0x8416, 0x8416, 0x8416, 0x83f6, 0x8416, 0x8416, 0x8416, 0x8416, 0x8416, 0x8416, 
	0x8416, 0x8416, 0x8416, 0x83f6, 0x8416, 0x8416, 0x8416, 0x8416, 0x8416, 0x8416, 0x8416, 0x8416, 0x8416, 0x8416, 0x8416, 0x83f6, 
	0x8416, 0x7c16, 0x8416, 0x8416, 0x8416, 0x8416, 0x8416, 0x83f6, 0x7c16, 0x8416, 0x7c16, 0x8416, 0x8416, 0x8416, 0x7c16, 0x83f6, 
	0x8416, 0x7c16, 0x83f6, 0x8416, 0x8416, 0x83f6, 0x8416, 0x8416, 0x83f6, 0x8416, 0x8416, 0x8416, 0x8416, 0x8416, 0x8416, 0x8416, 
	0x83f6, 0x83f6, 0x8416, 0x8416, 0x7c16, 0x7c16, 0x7c16, 0x8416, 0x83f6, 0x8416, 0x8416, 0x8416, 0x8416, 0x8416, 0x8416, 0x8416, 
	0x83f6, 0x8416, 0x8416, 0x83f6, 0x8416, 0x7c16, 0x8416, 0x8416, 0x8416, 0x7c16, 0x83f6, 0x7c16, 0x8416, 0x8416, 0x7c16, 0x8416, 
	0x8416, 0x8416, 0x8416, 0x8416, 0x8416, 0x8416, 0x7c16, 0x8416, 0x8416, 0x8416, 0x8416, 0x8416, 0x8416, 0x8416, 0x8416, 0x7c16, 
	0x83f6, 0x8416, 0x8416, 0x8416, 0x8416, 0x8416, 0x8416, 0x8416, 0x8416, 0x8416, 0x8416, 0x7c16, 0x8416, 0x8416, 0x8416, 0x8416, 
	0x8416, 0x8416, 0x83f6, 0x83f6, 0x8416, 0x8416, 0x7bf6, 0x8416, 0x8416, 0x8416, 0x8416, 0x8416, 0x7c16, 0x8416, 0x83f6, 0x8416, 
	0x8416, 0x8416, 0x83f6, 0x8416, 0x8416, 0x8416, 0x83f6, 0x8416, 0x8416, 0x83f6, 0x8416, 0x8416, 0x8416, 0x83f6, 0x83f6, 0x8416, 
	0x8416, 0x8416, 0x8416, 0x8416, 0x83f6, 0x8416, 0x8416, 0x83f6, 0x8416, 0x8416, 0x8416, 0x83f6, 0x8416, 0x7bf6, 0x8416, 0x8416, 
	0x83f6, 0x8416, 0x8416, 0x8416, 0x8416, 0x8416, 0x8416, 0x7c16, 0x8416, 0x8416, 0x7bf6, 0x7c16, 0x8416, 0x8416, 0x8416, 0x8416, 
	0x8416, 0x8416, 0x8416, 0x8416, 0x8416, 0x8416, 0x8416, 0x8416, 0x8416, 0x8416, 0x8416, 0x83f6, 0x8416, 0x7c16, 0x83f6, 0x7c16, 
	0x8416, 0x8416, 0x8416, 0x8416, 0x8416, 0x8416, 0x8416, 0x83f6, 0x8416, 0x8416, 0x8416, 0x8416, 0x8416, 0xffff, 0x8416, 0x7c16, 
	0x8416, 0x8416, 0x8416, 0x8416, 0x8416, 0x8416, 0x83f6, 0x83f6, 0x8416, 0x8416, 0x8416, 0x8416, 0x8416, 0x8416, 0x8416, 0x8416, 
	0x8416, 0x83f6, 0x8416, 0x8416, 0x83f6, 0x8416, 0x8416, 0x83f6, 0x8416, 0x8416, 0x7c16, 0x7c16, 0x8416, 0x8416, 0x8416, 0x83f6, 
	0x7c16, 0x8416, 0x8416, 0x8416, 0x8416, 0x7c16, 0x8416, 0x7bf6, 0x8416, 0x8416, 0x8416, 0x83f6, 0x8416, 0x8416, 0x8416, 0x8416, 
	0x8416, 0x8416, 0x8416, 0x8416, 0x7bf6, 0x83f6, 0x8416, 0x8416, 0x8416, 0x83f6, 0x8416, 0x8416, 0x8416, 0x8416, 0x8416, 0x8416, 
	0x7bf6, 0x83f6, 0x8416, 0x8416, 0x8416, 0x83f6, 0x7c16, 0x8416, 0x83f6, 0x8416, 0x8416, 0x7c16, 0x8416, 0x7c16, 0x8416, 0x8416, 
	0x8416, 0x83f6, 0x8416, 0x7c16, 0x8416, 0x8416, 0x8416, 0x8416, 0x8416, 0x8416, 0x8416, 0x8416, 0x8416, 0x8416, 0x8416, 0x8416, 
	0x8416, 0x8416, 0x8416, 0x8416, 0x8416, 0x8416, 0x8416, 0x7c16, 0x8416, 0x8416, 0x7bf6, 0x8416, 0x8416, 0x8416, 0x8416, 0x7bf6, 
	0x8416, 0x7c16, 0x83f6, 0x8416, 0x8416, 0x8416, 0x8416, 0x8416, 0x7c16, 0x8416, 0x8416, 0x7bf6, 0x8416, 0x8416, 0x8416, 0x8416, 
	0x8416, 0x8416, 0x8416, 0x83f6, 0x8416, 0x7bf6, 0x8416, 0x8416, 0x83f6, 0x8416, 0x83f6, 0x8416, 0x83f6, 0x8416, 0x8416, 0x8416, 
	0x8416, 0x8416, 0x8416, 0x83f6, 0x8416, 0x8416, 0x8416, 0x8416, 0x8416, 0x8416, 0x7c16, 0x8416, 0x8416, 0x8416, 0x8416, 0x8416, 
	0x8416, 0x7c16, 0x8416, 0x8416, 0x83f6, 0x8416, 0x8416, 0x8416, 0x8416, 0x8416, 0x8416, 0x7c16, 0x8416, 0x8416, 0x8416, 0x8416, 
	0x8416, 0x8416, 0x7c16, 0x8416, 0x8416, 0x8416, 0x7c16, 0x8416, 0x8416, 0x7c16, 0x8416, 0x8416, 0x8416, 0x8416, 0x83f6, 0x8416, 
	0x8416, 0x8416, 0x8416, 0x8416, 0x8416, 0x8416, 0x83f6, 0x7c16, 0x8416, 0x8416, 0x7c16, 0x8416, 0x7c16, 0x8416, 0x8416, 0x7c16, 
	0x8416, 0x8416, 0x8416, 0x8416, 0x83f6, 0x8416, 0x83f6, 0x8416, 0x8416, 0x8416, 0x8416, 0x8416, 0x7c16, 0x8416, 0x8416, 0x8416, 
	0x8416, 0x7c16, 0x8416, 0x83f6, 0x8416, 0x7c16, 0x8416, 0x83f6, 0x7c16, 0x8416, 0x8416, 0x8416, 0x7bf6, 0x8416, 0x7c16, 0x8416, 
	0x8416, 0x83f6, 0x8416, 0x8416, 0x8416, 0x7c16, 0x8416, 0x8416, 0x8416, 0x8416, 0x7c16, 0x8416, 0x8416, 0x7c16, 0x8416, 0x8416, 
	0x7c16, 0x8416, 0x83f6, 0x8416, 0x8416, 0x8416, 0x7c16, 0x8416, 0x83f6, 0x8416, 0x7c16, 0x8416, 0x8416, 0x8416, 0x8416, 0x8416, 
	0x7c16, 0x83f6, 0x8416, 0x8416, 0x8416, 0x7c16, 0x8416, 0x8416, 0x8416, 0x8416, 0x8416, 0x8416, 0x8416, 0x8416, 0x8416, 0x8416, 
	0x8416, 0x7c16, 0x8416, 0x8416, 0x8416, 0x8416, 0x8416, 0x83f6, 0x8416, 0x8416, 0x8416, 0x8416, 0x8416, 0x8416, 0x8416, 0x7c16, 
	0x8416, 0x83f6, 0x8416, 0x8416, 0x7c16, 0x8416, 0x8416, 0x7c16, 0x8416, 0x8416, 0x7bf6, 0x8416, 0x8416, 0x83f6, 0x8416, 0x8416, 
	0x8416, 0x83f6, 0x7c16, 0x8416, 0x8416, 0x8416, 0x8416, 0x8416, 0x7c16, 0x8416, 0x83f6, 0x8416, 0x8416, 0x8416, 0x8416, 0x8416, 
	0x8416, 0x7c16, 0x8416, 0x8416, 0x8416, 0x8416, 0x8416, 0x8416, 0x8416, 0x8416, 0x8416, 0x8416, 0x8416, 0x8416, 0x8416, 0x8416, 
	0x8416, 0x8416, 0x8416, 0x8416, 0x8416, 0x8416, 0x8416, 0x83f6, 0x83f6, 0x8416, 0x83f6, 0x8416, 0x8416, 0x8416, 0x8416, 0x7c16, 
	0x8416, 0x8416, 0x8416, 0x7c16, 0x8416, 0x8416, 0x8416, 0x8416, 0x8416, 0x8416, 0x7c16, 0x8416, 0x8416, 0x8416, 0x7c16, 0x7c16, 
	0x7c16, 0x8416, 0x83f6, 0x8416, 0x8416, 0x8416, 0x8416, 0x8416, 0x8416, 0x7bf6, 0x8416, 0x8416, 0x83f6, 0x8416, 0x8416, 0x7c16, 
	0x8416, 0x7c16, 0x8416, 0x8416, 0x8416, 0x8416, 0x83f6, 0x8416, 0x8416, 0x8416, 0x8416, 0x8416, 0x8416, 0x8416, 0x83f6, 0x8416, 
	0x8416, 0x8416, 0x8416, 0x8416, 0x8416, 0x8416, 0x83f6, 0x8416, 0x83f6, 0x8416, 0x83f6, 0x83f6, 0x7c16, 0x83f6, 0x8416, 0x8416, 
	0x8416, 0x83f6, 0x8416, 0x83f6, 0x83f6, 0x83f6, 0x8416, 0x8416, 0x8416, 0x83f6, 0x8416, 0x8416, 0x8416, 0x8416, 0x7c16, 0x8416, 
	0x8416, 0x8416, 0x8416, 0x8416, 0x8416, 0x8416, 0x8416, 0x8416, 0x8416, 0x8416, 0x8416, 0x8416, 0x8416, 0x8416, 0x7c16, 0x8416, 
	0x8416, 0x8416, 0x8416, 0x8416, 0x8416, 0x8416, 0x8416, 0x8416, 0x8416, 0x8416, 0x8416, 0x8416, 0x8416, 0x8416, 0x8416, 0x8416, 
	0x8416, 0x8416, 0x8416, 0x8416, 0x8416, 0x7c16, 0x8416, 0x83f6, 0x8416, 0x8416, 0x7c16, 0x8416, 0x8416, 0x8416, 0x83f6, 0x8416, 
	0x8416, 0x8416, 0x8416, 0x8416, 0x8416, 0x8416, 0x83f6, 0x8416, 0x7c16, 0x7c16, 0x8416, 0x8416, 0x8416, 0x83f6, 0x8416, 0x8416, 
	0x83f6, 0x8416, 0x7bf6, 0x83f6, 0x8416, 0x7bf6, 0x8416, 0x8416, 0x8416, 0x8416, 0x8416, 0x8416, 0x8416, 0x8416, 0x8416, 0x8416, 
	0x7c16, 0x8416, 0x8416, 0x8416, 0x7c16, 0x7bf6, 0x8416, 0x8416, 0x8416, 0x8416, 0x7c16, 0x8416, 0x83f6, 0x8416, 0x8416, 0x8416, 
	0x8416, 0x8416, 0x8416, 0x8416, 0x7c16, 0x8416, 0x8416, 0x8416, 0x8416, 0x83f6, 0x8416, 0x8416, 0x7c16, 0x8416, 0x8416, 0x8416, 
	0x8416, 0x7bf6, 0x8416, 0x8416, 0x8416, 0x8416, 0x8416, 0x8416, 0x8416, 0x83f6, 0x8416, 0x8416, 0x8416, 0x8416, 0x8416, 0x8416, 
	0x8416, 0x7bf6, 0x83f6, 0x8416, 0x8416, 0x8416, 0x8416, 0x8416, 0x630c, 0x7c16, 0x8416, 0x8416, 0x83f6, 0x8416, 0x8416, 0x8416, 
	0x8416, 0x7c16, 0x8416, 0x8416, 0x8416, 0x8416, 0x8416, 0x8416, 0x8416, 0x83f6, 0x83f6, 0x8416, 0x8416, 0x8416, 0x8416, 0x8416, 
	0x8416, 0x83f6, 0x8416, 0x8416, 0x8416, 0x8416, 0x8416, 0x8416, 0x8416, 0x83f6, 0x8416, 0x8416, 0x7c16, 0x83f6, 0x8416, 0x8416, 
	0x8416, 0x83f6, 0x83f6, 0x8416, 0x83f6, 0x8416, 0x8416, 0x7c16, 0x8416, 0x8416, 0x8416, 0x7c16, 0x8416, 0x8416, 0x83f6, 0x83f6, 
	0x7c16, 0x7c16, 0x8416, 0x8416, 0x8416, 0x8416, 0x8416, 0x8416, 0x8416, 0x83f6, 0x8416, 0x8416, 0x8416, 0x83f6, 0x83f6, 0x8416, 
	0x83f6, 0x83f6, 0x8416, 0x8416, 0x8416, 0x8416, 0x8416, 0x8416, 0x8416, 0x83f6, 0x8416, 0x8416, 0x8416, 0x8416, 0x83f6, 0x8416, 
	0x8416, 0x8416, 0x8416, 0x8416, 0x8416, 0x8416, 0x8416, 0x8416, 0x8416, 0x8416, 0x8416, 0x8416, 0x8416, 0x8416, 0x8416, 0x8416, 
	0x7c16, 0x8416, 0x8416, 0x8416, 0x8416, 0x8416, 0x8416, 0x8416, 0x7bf6, 0x8416, 0x8416, 0x8416, 0x8416, 0x8416, 0x83f6, 0x8416, 
	0x8416, 0x8416, 0x8416, 0x8416, 0x8416, 0x8416, 0x7c16, 0x8416, 0x8416, 0x7c16, 0x8416, 0x8416, 0x83f6, 0x8416, 0x8416, 0x83f6, 
	0x8416, 0x8416, 0x8416, 0x7c16, 0x8416, 0x8416, 0x8416, 0x8416, 0x7c16, 0x8416, 0x8416, 0x8416, 0x8416, 0x8416, 0x8416, 0x83f6, 
	0x83f6, 0x8416, 0x8416, 0x7c16, 0x8416, 0x8416, 0x8416, 0x7bf6, 0x7c16, 0x8416, 0x8416, 0x8416, 0x83f6, 0x83f6, 0x8416, 0x8416, 
	0x8416, 0x83f6, 0x8416, 0x8416, 0x8416, 0x8416, 0x7c16, 0x8416, 0x8416, 0x7c16, 0x8416, 0x8416, 0x8416, 0x83f6, 0x8416, 0x83f6, 
	0x7c16, 0x8416, 0x7c16, 0x8416, 0x8416, 0x8416, 0x83f6, 0x8416, 0x8416, 0x8416, 0x8416, 0x7bf6, 0x8416, 0x8416, 0x8416, 0x8416, 
	0x8416, 0x8416, 0x8416, 0x8416, 0x8416, 0x8416, 0x83f6, 0x8416, 0x8416, 0x7c16, 0x8416, 0x8416, 0x83f6, 0x83f6, 0x83f6, 0x8416, 
	0x8416, 0x8416, 0x83f6, 0x8416, 0x8416, 0x8416, 0x8416, 0x8416, 0x8416, 0x8416, 0x8416, 0x8416, 0x8416, 0x8416, 0x8416, 0x83f6, 
	0x8416, 0x8416, 0x8416, 0x8416, 0x8416, 0x8416, 0x8416, 0x8416, 0x7c16, 0x8416, 0x7c16, 0x7bf6, 0x8416, 0x7c16, 0x8416, 0x83f6, 
	0x8416, 0x8416, 0x8416, 0x8416, 0x8416, 0x8416, 0x8416, 0x8416, 0x8416, 0x8416, 0x8416, 0x8416, 0x8416, 0x8416, 0x8416, 0x8416, 
	0x7bf6, 0x83f6, 0x7c16, 0x8416, 0x8416, 0x83f6, 0x8416, 0x8416, 0x8416, 0x8416, 0x8416, 0x8416, 0x7bf6, 0x8416, 0x8416, 0x8416, 
	0x8416, 0x83f6, 0x83f6, 0x8416, 0x83f6, 0x8416, 0x8416, 0x7bf6, 0x8416, 0x8416, 0x8416, 0x8416, 0x8416, 0x8416, 0x8416, 0x8416, 
	0x8416, 0x8416, 0x8416, 0x8416, 0x8416, 0x83f6, 0x8416, 0x7bf6, 0x8416, 0x8416, 0x8416, 0x8416, 0x83f6, 0x8416, 0x8416, 0x8416, 
	0x83f6, 0x8416, 0x8416, 0x8416, 0x8416, 0x83f6, 0x7c16, 0x8416, 0x7c16, 0x8416, 0x8416, 0x7c16, 0x8416, 0x8416, 0x83f6, 0x8416, 
	0x83f6, 0x8416, 0x7c16, 0x8416, 0x8416, 0x83f6, 0x8416, 0x8416, 0x8416, 0x8416, 0x7c16, 0x8416, 0x7c16, 0x8416, 0x8416, 0x83f6, 
	0x8416, 0x8416, 0x8416, 0x7c16, 0x8416, 0x8416, 0x83f6, 0x8416, 0x8416, 0x8416, 0x8416, 0x8416, 0x8416, 0x8416, 0x8416, 0x7c16, 
	0x8416, 0x8416, 0x8416, 0x8416, 0x8416, 0x8416, 0x7c16, 0x83f6, 0x8416, 0x8416, 0x7c16, 0x8416, 0x8416, 0x83f6, 0x8416, 0x7c16, 
	0x8416, 0x8416, 0x83f6, 0x8416, 0x83f6, 0x8416, 0x8416, 0x8416, 0x8416, 0x8416, 0x8416, 0x8416, 0x7c16, 0x8416, 0x8416, 0x8416, 
	0x8416, 0x8416, 0x8416, 0x8416, 0x8416, 0x8416, 0x8416, 0x8416, 0x8416, 0x8416, 0x8416, 0x7bf6, 0x7c16, 0x7c16, 0x8416, 0x8416, 
	0x8416, 0x8416, 0x8416, 0x7bf6, 0x8416, 0x83f6, 0x83f6, 0x8416, 0x83f6, 0x8416, 0x8416, 0x8416, 0x8416, 0x8416, 0x8416, 0x8416, 
	0x83f6, 0x8416, 0x83f6, 0x7c16, 0x8416, 0x8416, 0x7c16, 0x8416, 0x7c16, 0x83f6, 0x8416, 0x83f6, 0x8416, 0x7c16, 0x8416, 0x8416, 
	0x7c16, 0x8416, 0x8416, 0x8416, 0x83f6, 0x8416, 0x7c16, 0x8416, 0x8416, 0x83f6, 0x8416, 0x8416, 0x8416, 0x8416, 0x8416, 0x8416, 
	0x8416, 0x7c16, 0x8416, 0x8416, 0x8416, 0x8416, 0x8416, 0x7c16, 0x8416, 0x8416, 0x7bf6, 0x83f6, 0x8416, 0x8416, 0x7c16, 0x8416, 
	0x8416, 0x7bf6, 0x7c16, 0x83f6, 0x8416, 0x8416, 0x83f6, 0x8416, 0x8416, 0x8416, 0x8416, 0x8416, 0x7c16, 0x8416, 0x8416, 0x83f6, 
	0x83f6, 0x8416, 0x8416, 0x7c16, 0x8416, 0x8416, 0x8416, 0x8416, 0x83f6, 0x8416, 0x83f6, 0x8416, 0x8416, 0x83f6, 0x83f6, 0x83f6, 
	0x8416, 0x8416, 0x7c16, 0x83f6, 0x8416, 0x8416, 0x8416, 0x7c16, 0x83f6, 0x8416, 0x8416, 0x83f6, 0x8416, 0x8416, 0x7c16, 0x8416, 
	0x7bf6, 0x8416, 0x8416, 0x8416, 0x8416, 0x8416, 0x8416, 0x7c16, 0x8416, 0x8416, 0x8416, 0x8416, 0x8416, 0x7c16, 0x83f6, 0x83f6, 
	0x83f6, 0x83f6, 0x8416, 0x7c16, 0x8416, 0x8416, 0x8416, 0x8416, 0x8416, 0x8416, 0x8416, 0x8416, 0x8416, 0x7c16, 0x83f6, 0x8416, 
	0x83f6, 0x8416, 0x8416, 0x8416, 0x8416, 0x7c16, 0x8416, 0x8416, 0x8416, 0x83f6, 0x8416, 0x83f6, 0x8416, 0x8416, 0x8416, 0x8416, 
	0x8416, 0x8416, 0x8416, 0x8416, 0x8416, 0x83f6, 0x8416, 0x8416, 0x7c16, 0x8416, 0x7c16, 0x8416, 0x7c16, 0x83f6, 0x7c16, 0x8416, 
	0x8416, 0x83f6, 0x7c16, 0x83f6, 0x8416, 0x8416, 0x8416, 0x7c16, 0x8416, 0x8416, 0x8416, 0x8416, 0x8416, 0x83f6, 0x8416, 0x8416, 
	0x83f6, 0x8416, 0x8416, 0x83f6, 0x8416, 0x7c16, 0x8416, 0x7c16, 0x8416, 0x8416, 0x83f6, 0x8416, 0x83f6, 0x8416, 0x8416, 0x8416, 
	0x7c16, 0x8416, 0x8416, 0x8416, 0x8416, 0x8416, 0x8416, 0x8416, 0x83f6, 0x8416, 0x8416, 0x8416, 0x8416, 0x8416, 0x8416, 0x7c16, 
	0x7c16, 0x8416, 0x83f6, 0x8416, 0x8416, 0x8416, 0x8416, 0x8416, 0x8416, 0x8416, 0x7c16, 0x83f6, 0x7c16, 0x83f6, 0x8416, 0x8416, 
	0x8416, 0x8416, 0x83f6, 0x8416, 0x8416, 0x8416, 0x8416, 0x8416, 0x8416, 0x8416, 0x8416, 0x8416, 0x8416, 0x8416, 0x7c16, 0x8416, 
	0x7bf6, 0x83f6, 0x7c16, 0x8416, 0x8416, 0x8416, 0x7c16, 0x8416, 0x83f6, 0x8416, 0x8416, 0x8416, 0x83f6, 0x8416, 0x8416, 0x8416, 
	0x83f6, 0x8416, 0x8416, 0x83f6, 0x8416, 0x8416, 0x8416, 0x8416, 0x8416, 0x83f6, 0x8416, 0x83f6, 0x7c16, 0x8416, 0x8416, 0x83f6, 
	0x8416, 0x8416, 0x8416, 0x8416, 0x8416, 0x7c16, 0x8416, 0x8416, 0x8416, 0x7c16, 0x8416, 0x8416, 0x8416, 0x83f6, 0x8416, 0x8416, 
	0x7c16, 0x7c16, 0x8416, 0x8416, 0x8416, 0x8416, 0x8416, 0x83f6, 0x83f6, 0x8416, 0x8416, 0x8416, 0x8416, 0x8416, 0x83f6, 0x8416, 
	0x7c16, 0x83f6, 0x83f6, 0x7c16, 0x8416, 0x8416, 0x8416, 0x8416, 0x8416, 0x83f6, 0x8416, 0x8416, 0x8416, 0x8416, 0x83f6, 0x83f6, 
	0x83f6, 0x7c16, 0x8416, 0x8416, 0x83f6, 0x8416, 0x8416, 0x8416, 0x8416, 0x8416, 0x8416, 0x8416, 0x8416, 0x8416, 0x8416, 0x7bf6, 
	0x83f6, 0x7c16, 0x8416, 0x8416, 0x83f6, 0x8416, 0x8416, 0x8416, 0x8416, 0x8416, 0x83f6, 0x8416, 0x8416, 0x8416, 0x8416, 0x8416, 
	0x8416, 0x8416, 0x8416, 0x8416, 0x8416, 0x8416, 0x8416, 0x8416, 0x8416, 0x83f6, 0x8416, 0x8416, 0x83f6, 0x8416, 0x8416, 0x7c16, 
	0x8416, 0x8416, 0x8416, 0x8416, 0x8416, 0x8416, 0x8416, 0x83f6, 0x8416, 0x7c16, 0x7c16, 0x8416, 0x8416, 0x8416, 0x8416, 0x8416, 
	0x8416, 0x83f6, 0x8416, 0x8416, 0x8416, 0x8416, 0x83f6, 0x8416, 0x7bf6, 0x8416, 0x8416, 0x8416, 0x83f6, 0x7c16, 0x8416, 0x8416, 
	0x8416, 0x7c16, 0x83f6, 0x8416, 0x8416, 0x8416, 0x8416, 0x8416, 0x7c16, 0x8416, 0x8416, 0x8416, 0x8416, 0x8416, 0x8416, 0x8416, 
	0x8416, 0x8416, 0x8416, 0x8416, 0x8416, 0x7c16, 0x7c16, 0x8416, 0x8416, 0x8416, 0x8416, 0x8416, 0x8416, 0x8416, 0x8416, 0x8416, 
	0x83f6, 0x8416, 0x8416, 0x8416, 0x8416, 0x8416, 0x83f6, 0x8416, 0x83f6, 0x83f6, 0x8416, 0x8416, 0x8416, 0x7c16, 0x7c16, 0x8416, 
	0x8416, 0x7c16, 0x8416, 0x8416, 0x8416, 0x7c16, 0x8416, 0x8416, 0x8416, 0x8416, 0x8416, 0x7c16, 0x7c16, 0x8416, 0x8416, 0x8416, 
	0x83f6, 0x8416, 0x8416, 0x83f6, 0x8416, 0x8416, 0x8416, 0x8416, 0x8416, 0x83f6, 0x83f6, 0x8416, 0x83f6, 0x83f6, 0x8416, 0x8416, 
	0x8416, 0x83f6, 0x8416, 0x8416, 0x8416, 0x8416, 0x8416, 0x7c16, 0x7c16, 0x8416, 0x8416, 0x8416, 0x7c16, 0x7c16, 0x83f6, 0x8416, 
	0x83f6, 0x8416, 0x8416, 0x8416, 0x8416, 0x7c16, 0x8416, 0x8416, 0x8416, 0x8416, 0x8416, 0x7c16, 0x8416, 0x8416, 0x7bf6, 0x8416, 
	0x8416, 0x83f6, 0x8416, 0x7c16, 0x7c16, 0x8416, 0x83f6, 0x83f6, 0x8416, 0x8416, 0x8416, 0x8416, 0x8416, 0x8416, 0x8416, 0x8416, 
	0x8416, 0x8416, 0x8416, 0x8416, 0x83f6, 0x8416, 0x8416, 0x8416, 0x8416, 0x83f6, 0x8416, 0x8416, 0x8416, 0x83f6, 0x8416, 0x8416, 
	0x8416, 0x8416, 0x7c16, 0x7c16, 0x83f6, 0x8416, 0x83f6, 0x83f6, 0x8416, 0x83f6, 0x8416, 0x8416, 0x8416, 0x8416, 0x8416, 0x8416, 
	0x8416, 0x8416, 0x8416, 0x8416, 0x8416, 0x8416, 0x8416, 0x8416, 0x8416, 0x8416, 0x8416, 0x8416, 0x8416, 0x8416, 0x7c16, 0x8416, 
	0x8416, 0x8416, 0x8416, 0x7c16, 0x8416, 0x7c16, 0x7c16, 0x7c16, 0x8416, 0x8416, 0x8416, 0x8416, 0x8416, 0x8416, 0x8416, 0x83f6, 
	0x8416, 0x8416, 0x8416, 0x8416, 0x8416, 0x83f6, 0x8416, 0x83f6, 0x8416, 0x8416, 0x83f6, 0x8416, 0x8416, 0x8416, 0x83f6, 0x8416, 
	0x8416, 0x8416, 0x8416, 0x8416, 0x8416, 0x8416, 0x8416, 0x8416, 0x8416, 0x7c16, 0x7c16, 0x8416, 0x8416, 0x8416, 0x8416, 0x7c16, 
	0x8416, 0x8416, 0x8416, 0x8416, 0x8416, 0x7c16, 0x83f6, 0x8416, 0x8416, 0x83f6, 0x8416, 0x7bf6, 0x8416, 0x8416, 0x8416, 0x8416, 
	0x7c16, 0x8416, 0x8416, 0x8416, 0x7c16, 0x8416, 0x8416, 0x7bf6, 0x7c16, 0x8416, 0x83f6, 0x8416, 0x8416, 0x8416, 0x8416, 0x8416, 
	0x7c16, 0x8416, 0x8416, 0x8416, 0x8416, 0x8416, 0x83f6, 0x7c16, 0x8416, 0x8416, 0x83f6, 0x83f6, 0x83f6, 0x8416, 0x7c16, 0x8416, 
	0x83f6, 0x83f6, 0x7c16, 0x8416, 0x8416, 0x8416, 0x83f6, 0x8416, 0x8416, 0x8416, 0x8416, 0x8416, 0x83f6, 0x8416, 0x8416, 0x8416, 
	0x8416, 0x8416, 0x8416, 0x8416, 0x8416, 0x7c16, 0x8416, 0x83f6, 0x8416, 0x8416, 0x8416, 0x8416, 0x8416, 0x83f6, 0x8416, 0x8416, 
	0x83f6, 0x7c16, 0x8416, 0x8416, 0x83f6, 0x8416, 0x8416, 0x8416, 0x8416, 0x8416, 0x7c16, 0x8416, 0x8416, 0x83f6, 0x8416, 0x8416, 
	0x8416, 0x83f6, 0x8416, 0x8416, 0x8416, 0x8416, 0x8416, 0x8416, 0x8416, 0x8416, 0x8416, 0x7c16, 0x7c16, 0x8416, 0x8416, 0x7c16, 
	0x8416, 0x8416, 0x8416, 0x83f6, 0x8416, 0x8416, 0x8416, 0x8416, 0x83f6, 0x8416, 0x8416, 0x8416, 0x8416, 0x8416, 0x8416, 0x7c16, 
	0x83f6, 0x8416, 0x8416, 0x8416, 0x8416, 0x8416, 0x7c16, 0x2945, 0x7c16, 0x8416, 0x8416, 0x8416, 0x8416, 0x83f6, 0x7c16, 0x8416, 
	0x8416, 0x8416, 0x8416, 0x8416, 0x8416, 0x8416, 0x7c16, 0x8416, 0x8416, 0x8416, 0x8416, 0x83f6, 0x8416, 0x7c16, 0x83f6, 0xad55, 
	0x8416, 0x7c16, 0x83f6, 0x8416, 0x8416, 0x8416, 0x8416, 0x8416, 0x8416, 0x8416, 0x8416, 0x8416, 0x8416, 0x8416, 0x8416, 0x83f6, 
	0x7c16, 0x8416, 0x7c16, 0x8416, 0x8416, 0x8416, 0x8416, 0x8416, 0x8416, 0x8416, 0x7c16, 0x83f6, 0x7c16, 0x8416, 0x8416, 0x8416, 
	0x8416, 0x7c16, 0x8416, 0x7c16, 0x8416, 0x8416, 0x7c16, 0x7c16, 0x83f6, 0x8416, 0x8416, 0x8416, 0x8416, 0x8416, 0x8416, 0x8416, 
	0x8416, 0x8416, 0x7c16, 0x8416, 0x7c16, 0x8416, 0x8416, 0x8416, 0x8416, 0x8416, 0x8416, 0x8416, 0x8416, 0x83f6, 0x8416, 0x7c16, 
	0x8416, 0x8416, 0x83f6, 0x83f6, 0x7c16, 0x7c16, 0x83f6, 0x8416, 0x7c16, 0x8416, 0x8416, 0x8416, 0x8416, 0x8416, 0x83f6, 0x7c16, 
	0x8416, 0x8416, 0x7c16, 0x8416, 0x8416, 0x7c16, 0x8416, 0x8416, 0x83f6, 0x8416, 0x8416, 0x83f6, 0x8416, 0x8416, 0x83f6, 0x8416, 
	0x7c16, 0x7c16, 0x8416, 0x7c16, 0x8416, 0x8416, 0x8416, 0x8416, 0x8416, 0x8416, 0x83f6, 0x8416, 0x8416, 0x8416, 0x8416, 0x8416, 
	0x8416, 0x8416, 0x8416, 0x8416, 0x8416, 0x8416, 0x83f6, 0x8416, 0x7bf6, 0x8416, 0x83f6, 0x7bf6, 0x8416, 0x8416, 0x83f6, 0x8416, 
	0x8416, 0x7c16, 0x8416, 0x83f6, 0x8416, 0x7c16, 0x8416, 0x8416, 0x8416, 0x8416, 0x8416, 0x8416, 0x83f6, 0x8416, 0x8416, 0x8416, 
	0x7c16, 0x8416, 0x8416, 0x83f6, 0x8416, 0x8416, 0x8416, 0x7c16, 0x8416, 0x8416, 0x7c16, 0x8416, 0x83f6, 0x8416, 0x8416, 0x8416, 
	0x8416, 0x8416, 0x8416, 0x8416, 0x8416, 0x8416, 0x8416, 0x8416, 0x8416, 0x8416, 0x8416, 0x8416, 0x8416, 0x7c16, 0x8416, 0x8416, 
	0x8416, 0x8416, 0x8416, 0x8416, 0x8416, 0x8416, 0x8416, 0x7c16, 0x8416, 0x8416, 0x8416, 0x83f6, 0x8416, 0x8416, 0x8416, 0x83f6, 
	0x8416, 0x8416, 0x8416, 0x8416, 0x7bf6, 0x8416, 0x7c16, 0x8416, 0x8416, 0x8416, 0x8416, 0x8416, 0x8416, 0x7c16, 0x8416, 0x8416, 
	0x7c16, 0x8416, 0x7c16, 0x8416, 0x8416, 0x8416, 0x8416, 0x8416, 0x7c16, 0x8416, 0x8416, 0x8416, 0x8416, 0x8416, 0x8416, 0x8416, 
	0x8416, 0x8416, 0x8416, 0x8416, 0x7c16, 0x8416, 0x8416, 0x8416, 0x83f6, 0x8416, 0x8416, 0x8416, 0x8416, 0x8416, 0x8416, 0x8416, 
	0x8416, 0x8416, 0x8416, 0x8416, 0x8416, 0x7bf6, 0x8416, 0x7c16, 0x8416, 0x83f6, 0x8416, 0x8416, 0x8416, 0x8416, 0x8416, 0x8416, 
	0x8416, 0x8416, 0x8416, 0x8416, 0x8416, 0x8416, 0x8416, 0x8416, 0x8416, 0x7c16, 0x8416, 0x7c16, 0x8416, 0x8416, 0x8416, 0x8416, 
	0x8416, 0x83f6, 0x8416, 0x83f6, 0x8416, 0x7c16, 0x8416, 0x83f6, 0x8416, 0x83f6, 0x8416, 0x8416, 0x8416, 0x7c16, 0x8416, 0x83f6, 
	0x8416, 0x7c16, 0x83f6, 0x7c16, 0x8416, 0x8416, 0x8416, 0x8416, 0x83f6, 0x8416, 0x8416, 0x8416, 0x8416, 0x7c16, 0x8416, 0x8416, 
	0x83f6, 0x8416, 0x8416, 0x8416, 0x8416, 0x8416, 0x8416, 0x8416, 0x7c16, 0x7c16, 0x8416, 0x8416, 0x8416, 0x83f6, 0x8416, 0x83f6, 
	0x8416, 0x8416, 0x8416, 0x8416, 0x8416, 0x8416, 0x8416, 0x8416, 0x8416, 0x7bf6, 0x7bf6, 0x8416, 0x8416, 0x8416, 0x83f6, 0x8416, 
	0x8416, 0x8416, 0x7c16, 0x8416, 0x8416, 0x8416, 0x8416, 0x7c16, 0x8416, 0x8416, 0x8416, 0x8416, 0x8416, 0x83f6, 0x8416, 0x7c16, 
	0x8416, 0x8416, 0x8416, 0x7c16, 0x8416, 0x8416, 0x7c16, 0x8416, 0x8416, 0x8416, 0x8416, 0x8416, 0x7c16, 0x8416, 0x8416, 0x8416, 
	0x83f6, 0x8416, 0x8416, 0x7c16, 0x8416, 0x8416, 0x8416, 0x7c16, 0x8416, 0x8416, 0x8416, 0x83f6, 0x8416, 0x7c16, 0x8416, 0x8416, 
	0x8416, 0x8416, 0x8416, 0x8416, 0x8416, 0x7bf6, 0x8416, 0x8416, 0x8416, 0x7c16, 0x8416, 0x8416, 0x8416, 0x7c16, 0x8416, 0x8416, 
	0x8416, 0x8416, 0x8416, 0x8416, 0x7bf6, 0x8416, 0x7c16, 0x8416, 0x8416, 0x8416, 0x83f6, 0x8416, 0x8416, 0x8416, 0x83f6, 0x8416, 
	0x8416, 0x83f6, 0x7c16, 0x83f6, 0x8416, 0x7c16, 0x8416, 0x7c16, 0x83f6, 0x8416, 0x8416, 0x8416, 0x8416, 0x8416, 0x7c16, 0x8416, 
	0x8416, 0x83f6, 0x7c16, 0x8416, 0x83f6, 0x83f6, 0x83f6, 0x8416, 0x8416, 0x8416, 0x8416, 0x8416, 0x8416, 0x8416, 0x8416, 0x8416, 
	0x8416, 0x8416, 0x8416, 0x7c16, 0x83f6, 0x7c16, 0x83f6, 0x8416, 0x8416, 0x8416, 0x8416, 0x83f6, 0x8416, 0x8416, 0x8416, 0x8416, 
	0x8416, 0x8416, 0x7bf6, 0x83f6, 0x83f6, 0x7c16, 0x8416, 0x83f6, 0x8416, 0x8416, 0x8416, 0x8416, 0x8416, 0x8416, 0x8416, 0x8416, 
	0x8416, 0x8416, 0x8416, 0x8416, 0x8416, 0x8416, 0x7c16, 0x8416, 0x8416, 0x8416, 0x83f6, 0x7c16, 0x8416, 0x8416, 0x8416, 0x8416, 
	0x8416, 0x7c16, 0x83f6, 0x8416, 0x8416, 0x8416, 0x8416, 0x8416, 0x7c16, 0x8416, 0x8416, 0x7c16, 0x83f6, 0x8416, 0x7c16, 0x7c16, 
	0x7c16, 0x8416, 0x8416, 0x7c16, 0x8416, 0x8416, 0x8416, 0x8416, 0x8416, 0x8416, 0x7c16, 0x8416, 0x8416, 0x8416, 0x8416, 0x8416, 
	0x8416, 0x8416, 0x8416, 0x8416, 0x8416, 0x8416, 0x8416, 0x83f6, 0x8416, 0x83f6, 0x8416, 0x7c16, 0x8416, 0x8416, 0x8416, 0x8416, 
	0x8416, 0x8416, 0x83f6, 0x8416, 0x8416, 0x83f6, 0x8416, 0x7c16, 0x8416, 0x83f6, 0x8416, 0x8416, 0x8416, 0x8416, 0x8416, 0x8416, 
	0x8416, 0x8416, 0x8416, 0x8416, 0x7c16, 0x8416, 0x7bf6, 0x7c16, 0x8416, 0x8416, 0x83f6, 0x7c16, 0x8416, 0x7c16, 0x8416, 0x8416, 
	0x83f6, 0x8416, 0x8416, 0x8416, 0x83f6, 0x7c16, 0x8416, 0x7bf6, 0x8416, 0x83f6, 0x8416, 0x83f6, 0x8416, 0x8416, 0x8416, 0x8416, 
	0x7c16, 0x8416, 0x8416, 0x8416, 0x8416, 0x8416, 0x83f6, 0x8416, 0x8416, 0x8416, 0x8416, 0x8416, 0x8416, 0x7c16, 0x83f6, 0x7bf6, 
	0x8416, 0x8416, 0x8416, 0x7c16, 0x8416, 0x8416, 0x8416, 0x7c16, 0x8416, 0x8416, 0x8416, 0x8416, 0x8416, 0x8416, 0x7c16, 0x8416, 
	0x83f6, 0x8416, 0x8416, 0x8416, 0x8416, 0x7bf6, 0x8416, 0x8416, 0x83f6, 0x7c16, 0x83f6, 0x8416, 0x8416, 0x8416, 0x8416, 0x8416, 
	0x8416, 0x7bf6, 0x8416, 0x8416, 0x83f6, 0x7bf6, 0x8416, 0x7c16, 0x8416, 0x8416, 0x8416, 0x83f6, 0x7c16, 0x8416, 0x8416, 0x83f6, 
	0x8416, 0x8416, 0x8416, 0x8416, 0x8416, 0x8416, 0x83f6, 0x8416, 0x8416, 0x8416, 0x8416, 0x7bf6, 0x8416, 0x8416, 0x83f6, 0x83f6, 
	0x7c16, 0x8416, 0x8416, 0x8416, 0x8416, 0x8416, 0x83f6, 0x7c16, 0x8416, 0x8416, 0x8416, 0x8416, 0x8416, 0x7c16, 0x7c16, 0x8416, 
	0x8416, 0x8416, 0x8416, 0x8416, 0x8416, 0x7c16, 0x8416, 0x8416, 0x83f6, 0x8416, 0x8416, 0x7c16, 0x7c16, 0x8416, 0x8416, 0x83f6, 
	0x8416, 0x8416, 0x8416, 0x83f6, 0x8416, 0x8416, 0x8416, 0x83f6, 0x7c16, 0x8416, 0x8416, 0x8416, 0x8416, 0x8416, 0x8416, 0x8416, 
	0x8416, 0x8416, 0x8416, 0x8416, 0x8416, 0x83f6, 0x8416, 0x8416, 0x83f6, 0x8416, 0x8416, 0x8416, 0x8416, 0x8416, 0x8416, 0x8416, 
	0x8416, 0x7c16, 0x8416, 0x8416, 0x83f6, 0x7bf6, 0x8416, 0x8416, 0x8416, 0x8416, 0x83f6, 0x8416, 0x8416, 0x8416, 0x8416, 0x83f6, 
	0x83f6, 0x7c16, 0x8416, 0x7c16, 0x8416, 0x8416, 0x83f6, 0x7c16, 0x8416, 0x8416, 0x7c16, 0x8416, 0x7c16, 0x8416, 0x8416, 0x7bf6, 
	0x8416, 0x8416, 0x8416, 0x8416, 0x8416, 0x8416, 0x83f6, 0x8416, 0x8416, 0x8416, 0x8416, 0x8416, 0x8416, 0x8416, 0x83f6, 0x8416, 
	0x7c16, 0x8416, 0x8416, 0x8416, 0x8416, 0x8416, 0x8416, 0x8416, 0x8416, 0x8416, 0x7c16, 0x8416, 0x8416, 0x8416, 0x83f6, 0x8416, 
	0x7c16, 0x8416, 0x8416, 0x8416, 0x8416, 0x83f6, 0x8416, 0x8416, 0x8416, 0x83f6, 0x7bf6, 0x8416, 0x7bf6, 0x8416, 0x7bf6, 0x7bf6, 
	0x8416, 0x8416, 0x8416, 0x83f6, 0x8416, 0x8416, 0x8416, 0x8416, 0x8416, 0x8416, 0x8416, 0x8416, 0x8416, 0x8416, 0x83f6, 0x8416, 
	0x7c16, 0x8416, 0x8416, 0x7c16, 0x7c16, 0x83f6, 0x8416, 0x8416, 0x8416, 0x8416, 0x83f6, 0x7c16, 0x8416, 0x8416, 0x8416, 0x7c16, 
	0x7c16, 0x8416, 0x8416, 0x8416, 0x8416, 0x8416, 0x8416, 0x8416, 0x8416, 0x83f6, 0x7c16, 0x8416, 0x8416, 0x8416, 0x8416, 0x7c16, 
	0x8416, 0x8416, 0x8416, 0x8416, 0x8416, 0x8416, 0x8416, 0x8416, 0x8416, 0x8416, 0x8416, 0x8416, 0x8416, 0x8416, 0x7c16, 0x8416, 
	0x8416, 0x8416, 0x7c16, 0x8416, 0x8416, 0x7c16, 0x8416, 0x7c16, 0x83f6, 0x83f6, 0x8416, 0x8416, 0x8416, 0x8416, 0x8416, 0x83f6, 
	0x8416, 0x83f6, 0x8416, 0x7c16, 0x8416, 0x83f6, 0x83f6, 0x7c16, 0x8416, 0x8416, 0x8416, 0x7c16, 0x8416, 0x83f6, 0x8416, 0x7c16, 
	0x8416, 0x8416, 0x8416, 0x7c16, 0x83f6, 0x8416, 0x7c16, 0x8416, 0x8416, 0x8416, 0x8416, 0x8416, 0x8416, 0x8416, 0x8416, 0x8416, 
	0x8416, 0x7c16, 0x83f6, 0x7c16, 0x8416, 0x8416, 0x7c16, 0x8416, 0x8416, 0x7bf6, 0x8416, 0x83f6, 0x83f6, 0x8416, 0x83f6, 0x8416, 
	0x8416, 0x8416, 0x8416, 0x8416, 0x8416, 0x8416, 0x8416, 0x8416, 0x8416, 0x8416, 0x7c16, 0x83f6, 0x8416, 0x7c16, 0x83f6, 0x8416, 
	0x8416, 0x8416, 0x8416, 0x8416, 0x8416, 0x8416, 0x8416, 0x8416, 0x8416, 0x8416, 0x8416, 0x8416, 0x83f6, 0x83f6, 0x83f6, 0x8416, 
	0x8416, 0x8416, 0x8416, 0x8416, 0x7c16, 0x8416, 0x8416, 0x8416, 0x8416, 0x83f6, 0x7c16, 0x8416, 0x83f6, 0x8416, 0x8416, 0x8416, 
	0x8416, 0x8416, 0x8416, 0x8416, 0x8416, 0x8416, 0x83f6, 0x7c16, 0x8416, 0x83f6, 0x8416, 0x83f6, 0x8416, 0x8416, 0x8416, 0x7c16, 
	0x8416, 0x8416, 0x8416, 0x8416, 0x7bf6, 0x83f6, 0x8416, 0x8416, 0x8416, 0x8416, 0x8416, 0x8416, 0x8416, 0x83f6, 0x8416, 0x7bf6, 
	0x83f6, 0x8416, 0x83f6, 0x8416, 0x8416, 0x83f6, 0x8416, 0x8416, 0x8416, 0x8416, 0x8416, 0x8416, 0x8416, 0x8416, 0x83f6, 0x8416, 
	0x8416, 0x8416, 0x8416, 0x8416, 0x8416, 0x8416, 0x8416, 0x8416, 0x8416, 0x8416, 0x7bf6, 0x8416, 0x8416, 0x8416, 0x8416, 0x8416, 
	0x83f6, 0x8416, 0x7c16, 0x7c16, 0x8416, 0x83f6, 0x8416, 0x8416, 0x7c16, 0x8416, 0x7bf6, 0x8416, 0x8416, 0x8416, 0x8416, 0x8416, 
	0x7c16, 0x8416, 0x8416, 0x8416, 0x83f6, 0x8416, 0x8416, 0x8416, 0x8416, 0x8416, 0x8416, 0x8416, 0x8416, 0x8416, 0x83f6, 0x8416, 
	0x8416, 0x8416, 0x8416, 0x8416, 0x8416, 0x8416, 0x8416, 0x8416, 0x8416, 0x8416, 0x8416, 0x8416, 0x8416, 0x8416, 0x8416, 0x8416, 
	0x8416, 0x8416, 0x83f6, 0x8416, 0x8416, 0x8416, 0x8416, 0x8416, 0x8416, 0x8416, 0x8416, 0x8416, 0x83f6, 0x83f6, 0x8416, 0x8416, 
	0x8416, 0x83f6, 0x8416, 0x8416, 0x8416, 0x8416, 0x83f6, 0x8416, 0x7c16, 0x8416, 0x83f6, 0x8416, 0x8416, 0x8416, 0x8416, 0x7c16, 
	0x8416, 0x8416, 0x8416, 0x8416, 0x8416, 0x8416, 0x7c16, 0x8416, 0x8416, 0x8416, 0x83f6, 0x7bf6, 0x8416, 0x83f6, 0x8416, 0x8416, 
	0x8416, 0x8416, 0x8416, 0x8416, 0x8416, 0x8416, 0x8416, 0x7c16, 0x83f6, 0x8416, 0x8416, 0x8416, 0x8416, 0x7c16, 0x7c16, 0x8416, 
	0x8416, 0x8416, 0x8416, 0x8416, 0x8416, 0x8416, 0x8416, 0x8416, 0x8416, 0x8416, 0x8416, 0x8416, 0x8416, 0x8416, 0x8416, 0x8416, 
	0x8416, 0x8416, 0x8416, 0x7c16, 0x8416, 0x8416, 0x8416, 0x7c16, 0x8416, 0x83f6, 0x7c16, 0x8416, 0x83f6, 0x8416, 0x8416, 0x83f6, 
	0x8416, 0x8416, 0x83f6, 0x83f6, 0x8416, 0x8416, 0x8416, 0x83f6, 0x8416, 0x8416, 0x8416, 0xffff, 0x8416, 0x8416, 0x83f6, 0x83f6, 
	0x83f6, 0x8416, 0x8416, 0x7c16, 0x8416, 0x8416, 0x8416, 0x7c16, 0x8416, 0x8416, 0x8416, 0x8416, 0x8416, 0x7c16, 0x8416, 0x7bf6, 
	0x8416, 0x83f6, 0x8416, 0x8416, 0x8416, 0x8416, 0x8416, 0x8416, 0x7c16, 0x8416, 0x8416, 0x8416, 0x7c16, 0x7c16, 0x8416, 0x8416, 
	0x7bf6, 0x8416, 0x7c16, 0x8416, 0x8416, 0x7c16, 0x7bf6, 0x8416, 0x8416, 0x8416, 0x8416, 0x83f6, 0x8416, 0x8416, 0x8416, 0x8416, 
	0x8416, 0x8416, 0x8416, 0x8416, 0x83f6, 0x8416, 0x8416, 0x8416, 0x8416, 0x83f6, 0x8416, 0x7c16, 0x7c16, 0x8416, 0x8416, 0x8416, 
	0x8416, 0x8416, 0x8416, 0x83f6, 0x8416, 0x8416, 0x8416, 0x8416, 0x8416, 0x8416, 0x8416, 0x8416, 0x8416, 0x7c16, 0x8416, 0x8416, 
	0x7c16, 0x8416, 0x8416, 0x8416, 0x8416, 0x83f6, 0x7c16, 0x8416, 0x8416, 0x8416, 0x8416, 0x8416, 0x83f6, 0x8416, 0x8416, 0x8416, 
	0x7c16, 0x8416, 0x8416, 0x83f6, 0x8416, 0x8416, 0x83f6, 0x8416, 0x8416, 0x8416, 0x8416, 0x7bf6, 0x7bf6, 0x8416, 0x8416, 0x8416, 
	0x8416, 0x8416, 0x8416, 0x83f6, 0x83f6, 0x83f6, 0x7c16, 0x7c16, 0x8416, 0x8416, 0x8416, 0x8416, 0x8416, 0x8416, 0x7c16, 0x8416, 
	0x8416, 0x8416, 0x8416, 0x83f6, 0x8416, 0x8416, 0x8416, 0x8416, 0x8416, 0xad55, 0x7c16, 0x8416, 0x7bf6, 0x8416, 0x83f6, 0x8416, 
	0x83f6, 0x8416, 0x8416, 0x8416, 0x8416, 0x7c16, 0x8416, 0x7c16, 0x8416, 0x83f6, 0x8416, 0x7c16, 0x8416, 0x83f6, 0x8416, 0x83f6, 
	0x8416, 0x7c16, 0x8416, 0x8416, 0x8416, 0x8416, 0x83f6, 0x7c16, 0x8416, 0x8416, 0x8416, 0x83f6, 0x8416, 0x8416, 0x7c16, 0x7c16, 
	0x8416, 0x8416, 0x8416, 0x83f6, 0x8416, 0x8416, 0x8416, 0x8416, 0x7bf6, 0x8416, 0x8416, 0x8416, 0x7c16, 0x8416, 0x8416, 0x8416, 
	0x8416, 0x8416, 0x7c16, 0x8416, 0x8416, 0x8416, 0x8416, 0x83f6, 0x83f6, 0x8416, 0x7c16, 0x8416, 0x8416, 0x8416, 0x8416, 0x8416, 
	0x8416, 0x8416, 0x7c16, 0x8416, 0x8416, 0x8416, 0x7c16, 0x8416, 0x8416, 0x8416, 0x8416, 0x7c16, 0x8416, 0x8416, 0x8416, 0x8416, 
	0x7c16, 0x8416, 0x8416, 0x8416, 0x8416, 0x8416, 0x8416, 0x8416, 0x7bf6, 0x8416, 0x8416, 0x83f6, 0x8416, 0x8416, 0x8416, 0x7c16, 
	0x8416, 0x7c16, 0x8416, 0x8416, 0x8416, 0x83f6, 0x8416, 0x8416, 0x8416, 0x8416, 0x8416, 0x8416, 0x8416, 0x8416, 0x83f6, 0x8416, 
	0x8416, 0x8416, 0x8416, 0x8416, 0x8416, 0x8416, 0x83f6, 0x8416, 0x8416, 0x8416, 0x8416, 0x8416, 0x8416, 0x8416, 0x8416, 0x83f6, 
	0x8416, 0x8416, 0x8416, 0x83f6, 0x8416, 0x8416, 0x8416, 0x83f6, 0x7c16, 0x8416, 0x83f6, 0x8416, 0x83f6, 0x7c16, 0x7c16, 0x8416, 
	0x83f6, 0x8416, 0x8416, 0x83f6, 0x7c16, 0x7c16, 0x83f6, 0x8416, 0x8416, 0x8416, 0x8416, 0x7c16, 0x83f6, 0x8416, 0x8416, 0x8416, 
	0x8416, 0x83f6, 0x7bf6, 0x8416, 0x83f6, 0x8416, 0x8416, 0x8416, 0x8416, 0x7c16, 0x8416, 0x8416, 0x8416, 0x8416, 0x8416, 0x7c16, 
	0x8416, 0x7c16, 0x83f6, 0x8416, 0x8416, 0x83f6, 0x8416, 0x7c16, 0x7c16, 0x8416, 0x8416, 0x8416, 0x8416, 0x83f6, 0x7c16, 0x83f6, 
	0x7c16, 0x7c16, 0x8416, 0x7bf6, 0x8416, 0x7bf6, 0x8416, 0x8416, 0x83f6, 0x83f6, 0x8416, 0x83f6, 0x83f6, 0x8416, 0x8416, 0x8416, 
	0x8416, 0x83f6, 0x8416, 0x8416, 0x8416, 0x8416, 0x83f6, 0x83f6, 0x8416, 0x8416, 0x8416, 0x8416, 0x7c16, 0x8416, 0x7c16, 0x8416, 
	0x8416, 0x8416, 0x8416, 0x83f6, 0x8416, 0x8416, 0x83f6, 0x83f6, 0x8416, 0x8416, 0x8416, 0x8416, 0x8416, 0x8416, 0x8416, 0x8416, 
	0x8416, 0x83f6, 0x8416, 0x8416, 0x8416, 0x7c16, 0x8416, 0x8416, 0x8416, 0x8416, 0x83f6, 0x8416, 0x8416, 0x8416, 0x8416, 0x7c16, 
	0x8416, 0x8416, 0x7c16, 0x8416, 0x8416, 0x7c16, 0x83f6, 0x8416, 0x8416, 0x8416, 0x83f6, 0x8416, 0x83f6, 0x83f6, 0x8416, 0x8416, 
	0x8416, 0x8416, 0x83f6, 0x8416, 0x8416, 0x8416, 0x83f6, 0x8416, 0x8416, 0x8416, 0x8416, 0x8416, 0x8416, 0x83f6, 0x8416, 0x8416, 
	0x8416, 0x8416, 0x8416, 0x8416, 0x8416, 0x8416, 0x8416, 0x8416, 0x7c16, 0x8416, 0x8416, 0x8416, 0x8416, 0x83f6, 0x8416, 0x8416, 
	0x83f6, 0x8416, 0x83f6, 0x8416, 0x8416, 0x7c16, 0x8416, 0x83f6, 0x83f6, 0x8416, 0x83f6, 0x8416, 0x8416, 0x8416, 0x8416, 0x8416, 
	0x8416, 0x8416, 0x8416, 0x8416, 0x8416, 0x8416, 0x8416, 0x8416, 0x8416, 0x8416, 0x83f6, 0x8416, 0x8416, 0x8416, 0x7c16, 0x8416, 
	0x8416, 0x8416, 0x8416, 0x7c16, 0x8416, 0x8416, 0x83f6, 0x8416, 0x8416, 0x8416, 0x8416, 0x8416, 0x83f6, 0x8416, 0x83f6, 0x8416, 
	0x7c16, 0x8416, 0x8416, 0x7c16, 0x8416, 0x8416, 0x83f6, 0x8416, 0x8416, 0x8416, 0x8416, 0x8416, 0x8416, 0x8416, 0x8416, 0x8416, 
	0x8416, 0x8416, 0x8416, 0x7c16, 0x83f6, 0x8416, 0x8416, 0x8416, 0x8416, 0x8416, 0x8416, 0x8416, 0x8416, 0x8416, 0x8416, 0x7bf6, 
	0x83f6, 0x8416, 0x8416, 0x7bf6, 0x8416, 0x8416, 0x8416, 0x7c16, 0x8416, 0x8416, 0x8416, 0x7c16, 0x8416, 0x8416, 0x83f6, 0x8416, 
	0x8416, 0x83f6, 0x8416, 0x7c16, 0x8416, 0x8416, 0x8416, 0x83f6, 0x7c16, 0x8416, 0x7c16, 0x8416, 0x7c16, 0x8416, 0x8416, 0x83f6, 
	0x8416, 0x8416, 0x8416, 0x83f6, 0x8416, 0x8416, 0x8416, 0x8416, 0x8416, 0x8416, 0x8416, 0x8416, 0x83f6, 0x83f6, 0x8416, 0x7c16, 
	0x8416, 0x8416, 0x8416, 0x8416, 0x8416, 0x8416, 0x8416, 0x8416, 0x7c16, 0x8416, 0x8416, 0x8416, 0x83f6, 0x7c16, 0x8416, 0x8416, 
	0x8416, 0x8416, 0x7c16, 0x83f6, 0x7bf6, 0x8416, 0x8416, 0x8416, 0x8416, 0x8416, 0x8416, 0x8416, 0x7c16, 0x8416, 0x8416, 0x8416, 
	0x83f6, 0x83f6, 0x83f6, 0x8416, 0x8416, 0x8416, 0x8416, 0x7c16, 0x8416, 0x8416, 0x8416, 0x83f6, 0x8416, 0x83f6, 0x8416, 0x8416, 
	0x8416, 0x8416, 0x8416, 0x8416, 0x8416, 0x8416, 0x7c16, 0x83f6, 0x8416, 0x8416, 0x8416, 0x8416, 0x7c16, 0x8416, 0x8416, 0x8416, 
	0x7c16, 0x8416, 0x8416, 0x8416, 0x8416, 0x8416, 0x8416, 0x83f6, 0x83f6, 0x8416, 0x8416, 0x7c16, 0x8416, 0x8416, 0x7c16, 0x7c16, 
	0x8416, 0x8416, 0x8416, 0x8416, 0x83f6, 0x8416, 0x83f6, 0x7c16, 0x8416, 0x8416, 0x8416, 0x7c16, 0x7bf6, 0x8416, 0x8416, 0x83f6, 
	0x8416, 0x8416, 0x8416, 0x8416, 0x8416, 0x7c16, 0x8416, 0x7c16, 0x7c16, 0x8416, 0x8416, 0x7c16, 0x8416, 0x83f6, 0x8416, 0x8416, 
	0x83f6, 0x83f6, 0x8416, 0x8416, 0x83f6, 0x8416, 0x8416, 0x7c16, 0x8416, 0x7c16, 0x8416, 0x8416, 0x7c16, 0x8416, 0x8416, 0x8416, 
	0x8416, 0x8416, 0x8416, 0x8416, 0x7c16, 0x8416, 0x8416, 0x7c16, 0x8416, 0x8416, 0x8416, 0x8416, 0x8416, 0x8416, 0x8416, 0x83f6, 
	0x8416, 0x8416, 0x8416, 0x8416, 0x8416, 0x8416, 0x8416, 0x8416, 0x8416, 0x8416, 0x8416, 0x8416, 0x8416, 0x8416, 0x83f6, 0x8416, 
	0x83f6, 0x8416, 0x8416, 0x8416, 0x8416, 0x83f6, 0x8416, 0x8416, 0x83f6, 0x8416, 0x8416, 0x8416, 0x83f6, 0x8416, 0x83f6, 0x7c16, 
	0x8416, 0x8416, 0x8416, 0x8416, 0x8416, 0x8416, 0x83f6, 0x8416, 0x8416, 0x83f6, 0x8416, 0x8416, 0x8416, 0x7c16, 0x8416, 0x8416, 
	0x83f6, 0x8416, 0x8416, 0x8416, 0x8416, 0x8416, 0x8416, 0x8416, 0x7c16, 0x8416, 0x8416, 0x8416, 0x8416, 0x8416, 0x83f6, 0x8416, 
	0x8416, 0x8416, 0x8416, 0x8416, 0x8416, 0x83f6, 0x8416, 0x8416, 0x8416, 0x8416, 0x8416, 0x8416, 0x83f6, 0x8416, 0x8416, 0x7c16, 
	0x8416, 0x83f6, 0x8416, 0x8416, 0x8416, 0x7c16, 0x8416, 0x8416, 0x8416, 0x8416, 0x7c16, 0x8416, 0x83f6, 0x8416, 0x8416, 0x8416, 
	0x8416, 0x8416, 0x7c16, 0x8416, 0x83f6, 0x8416, 0x8416, 0x8416, 0x8416, 0x8416, 0x8416, 0x8416, 0x8416, 0x83f6, 0x8416, 0x8416, 
	0x83f6, 0x8416, 0x8416, 0x83f6, 0x8416, 0x8416, 0x83f6, 0x7c16, 0x83f6, 0x8416, 0x7c16, 0x83f6, 0x8416, 0x83f6, 0x8416, 0x8416, 
	0x8416, 0x8416, 0x8416, 0x8416, 0x8416, 0x8416, 0x8416, 0x8416, 0x8416, 0x8416, 0x83f6, 0x8416, 0x83f6, 0x8416, 0x7c16, 0x8416, 
	0x7bf6, 0x8416, 0x7bf6, 0x8416, 0x83f6, 0x7c16, 0x8416, 0x8416, 0x7c16, 0x8416, 0x8416, 0x8416, 0x8416, 0x8416, 0x7c16, 0x8416, 
	0x8416, 0x8416, 0x8416, 0x8416, 0x8416, 0x8416, 0x83f6, 0x7c16, 0x8416, 0x8416, 0x8416, 0x8416, 0x8416, 0x8416, 0x8416, 0x7c16, 
	0x7c16, 0x83f6, 0x7c16, 0x8416, 0x7c16, 0x8416, 0x7c16, 0x8416, 0x8416, 0x8416, 0x8416, 0x8416, 0x8416, 0x8416, 0x8416, 0x8416, 
	0x8416, 0x83f6, 0x8416, 0x8416, 0x8416, 0x8416, 0x8416, 0x8416, 0x8416, 0x8416, 0x8416, 0x8416, 0x8416, 0x8416, 0x8416, 0x8416, 
	0x8416, 0x8416, 0x8416, 0x8416, 0x8416, 0x8416, 0x8416, 0x8416, 0x83f6, 0x8416, 0x7c16, 0x83f6, 0x8416, 0x8416, 0x7c16, 0x8416, 
	0x83f6, 0x83f6, 0x8416, 0x7bf6, 0x8416, 0x83f6, 0x8416, 0x8416, 0x8416, 0x8416, 0x8416, 0x8416, 0x8416, 0x8416, 0x8416, 0x8416, 
	0x8416, 0x8416, 0x8416, 0x8416, 0x8416, 0x8416, 0x8416, 0x7c16, 0x8416, 0x8416, 0x83f6, 0x8416, 0x8416, 0x83f6, 0x8416, 0x8416, 
	0x8416, 0x8416, 0x8416, 0x7c16, 0x83f6, 0x8416, 0x8416, 0x8416, 0x7c16, 0x8416, 0x8416, 0x83f6, 0x8416, 0x8416, 0x8416, 0x8416, 
	0x8416, 0x8416, 0x7c16, 0x8416, 0x8416, 0x8416, 0x8416, 0x8416, 0x8416, 0x8416, 0x8416, 0x8416, 0x8416, 0x8416, 0x7bf6, 0x8416, 
	0x7bf6, 0x8416, 0x8416, 0x7bf6, 0x7c16, 0x8416, 0x8416, 0x83f6, 0x8416, 0x8416, 0x8416, 0x83f6, 0x8416, 0x7c16, 0x8416, 0x8416, 
	0x7c16, 0x8416, 0x8416, 0x8416, 0x8416, 0x8416, 0x7c16, 0x8416, 0x7c16, 0x8416, 0x8416, 0x8416, 0x8416, 0x8416, 0x83f6, 0x8416, 
	0x8416, 0x83f6, 0x7c16, 0x8416, 0x8416, 0x83f6, 0x8416, 0x8416, 0x8416, 0x8416, 0x8416, 0x8416, 0x83f6, 0x8416, 0x83f6, 0x7c16, 
	0x8416, 0x8416, 0x8416, 0x8416, 0x8416, 0x83f6, 0x8416, 0x7c16, 0x7c16, 0x8416, 0x8416, 0x8416, 0x7c16, 0x8416, 0x7c16, 0x7c16, 
	0x8416, 0x83f6, 0x7c16, 0x8416, 0x7c16, 0x83f6, 0x83f6, 0x8416, 0x8416, 0x8416, 0x8416, 0x8416, 0x8416, 0x8416, 0x8416, 0x8416, 
	0x7c16, 0x8416, 0x8416, 0x8416, 0x8416, 0x8416, 0x7bf6, 0x8416, 0x8416, 0x8416, 0x8416, 0x83f6, 0x7c16, 0x8416, 0x7c16, 0x8416, 
	0x8416, 0x8416, 0x8416, 0x83f6, 0x8416, 0x8416, 0x8416, 0x8416, 0x7c16, 0x8416, 0x7c16, 0x8416, 0x7c16, 0x8416, 0x7bf6, 0x83f6, 
	0x8416, 0x8416, 0x7c16, 0x8416, 0x7bf6, 0x8416, 0x8416, 0x8416, 0x8416, 0x8416, 0x8416, 0x8416, 0x83f6, 0x8416, 0x8416, 0x8416, 
	0x8416, 0x8416, 0x8416, 0x8416, 0x8416, 0x8416, 0x83f6, 0x8416, 0x7bf6, 0x83f6, 0x8416, 0x8416, 0x8416, 0x83f6, 0x8416, 0x83f6, 
	0x8416, 0x8416, 0x8416, 0x8416, 0x7c16, 0x8416, 0x83f6, 0x8416, 0x8416, 0x83f6, 0x8416, 0x7c16, 0x8416, 0x8416, 0x8416, 0x8416, 
	0x83f6, 0x7c16, 0x8416, 0x8416, 0x8416, 0x7c16, 0x8416, 0x8416, 0x8416, 0x8416, 0x7c16, 0x8416, 0x8416, 0x7c16, 0x8416, 0x8416, 
	0x8416, 0x83f6, 0x8416, 0x8416, 0x7c16, 0x8416, 0x7c16, 0x8416, 0x8416, 0x8416, 0x8416, 0x8416, 0x8416, 0x7c16, 0x8416, 0x7c16, 
	0x8416, 0x8416, 0x83f6, 0x8416, 0x7bf6, 0x8416, 0x83f6, 0x8416, 0x8416, 0x7c16, 0x8416, 0x8416, 0x8416, 0x8416, 0x7c16, 0x8416, 
	0x8416, 0x8416, 0x8416, 0x7c16, 0x8416, 0x8416, 0x8416, 0x8416, 0x83f6, 0x8416, 0x8416, 0x8416, 0x8416, 0x8416, 0x8416, 0x8416, 
	0x8416, 0x8416, 0x8416, 0x8416, 0x8416, 0x8416, 0x8416, 0x7c16, 0x7c16, 0x8416, 0x8416, 0x7c16, 0x8416, 0x8416, 0x8416, 0x8416, 
	0x8416, 0x8416, 0x83f6, 0x83f6, 0x83f6, 0x83f6, 0x8416, 0x7bf6, 0x7bf6, 0x8416, 0x8416, 0x8416, 0x8416, 0x8416, 0x8416, 0x7c16, 
	0x7c16, 0x8416, 0x8416, 0x7c16, 0x8416, 0x8416, 0x8416, 0x8416, 0x8416, 0x8416, 0x8416, 0x8416, 0x8416, 0x7c16, 0x8416, 0x8416, 
	0x8416, 0x8416, 0x8416, 0x8416, 0x8416, 0x8416, 0x7c16, 0x8416, 0x7c16, 0x83f6, 0x83f6, 0x7c16, 0x8416, 0x8416, 0x8416, 0x8416, 
	0x83f6, 0x8416, 0x8416, 0x8416, 0x7c16, 0x8416, 0x8416, 0x8416, 0x83f6, 0x83f6, 0x8416, 0x8416, 0x83f6, 0x8416, 0x8416, 0x8416, 
	0x7c16, 0x8416, 0x7c16, 0x8416, 0x8416, 0x8416, 0x8416, 0x8416, 0x7c16, 0x83f6, 0x8416, 0x8416, 0x83f6, 0x8416, 0x8416, 0x7c16, 
	0x8416, 0x7c16, 0x7c16, 0x8416, 0x8416, 0x8416, 0x83f6, 0x8416, 0x8416, 0x8416, 0x8416, 0x8416, 0x7bf6, 0x7bf6, 0x8416, 0x8416, 
	0x8416, 0x8416, 0x8416, 0x83f6, 0x8416, 0x8416, 0x8416, 0x8416, 0x7c16, 0x8416, 0x7c16, 0x7c16, 0x8416, 0x630c, 0x8416, 0x8416, 
	0x8416, 0x8416, 0x8416, 0x8416, 0x8416, 0x7c16, 0x8416, 0x8416, 0x8416, 0x83f6, 0x83f6, 0x83f6, 0x8416, 0x8416, 0x8416, 0x8416, 
	0x8416, 0x8416, 0x7c16, 0x83f6, 0x83f6, 0x8416, 0x8416, 0x8416, 0x8416, 0x8416, 0x8416, 0x8416, 0x8416, 0x8416, 0x7c16, 0x8416, 
	0x8416, 0x8416, 0x8416, 0x8416, 0x8416, 0x8416, 0x8416, 0x8416, 0x8416, 0x8416, 0x8416, 0x8416, 0x7bf6, 0x83f6, 0x8416, 0x8416, 
	0x8416, 0x7c16, 0x8416, 0x8416, 0x83f6, 0x7c16, 0x8416, 0x8416, 0x8416, 0x8416, 0x8416, 0x8416, 0x83f6, 0x83f6, 0x8416, 0x8416, 
	0x7c16, 0x8416, 0x7bf6, 0x83f6, 0x8416, 0x8416, 0x8416, 0x8416, 0x8416, 0x83f6, 0x8416, 0x8416, 0x8416, 0x8416, 0x8416, 0x7c16, 
	0x83f6, 0x8416, 0x8416, 0x8416, 0x7c16, 0x8416, 0x8416, 0x8416, 0x8416, 0x8416, 0x7c16, 0x83f6, 0x8416, 0x8416, 0x8416, 0x8416, 
	0x8416, 0x8416, 0x83f6, 0x8416, 0x83f6, 0x8416, 0x8416, 0x8416, 0x8416, 0x8416, 0x8416, 0x8416, 0x8416, 0x8416, 0x7c16, 0x8416, 
	0x83f6, 0x83f6, 0x8416, 0x83f6, 0x7c16, 0x8416, 0x7bf6, 0x8416, 0x8416, 0x8416, 0x8416, 0x8416, 0x83f6, 0x83f6, 0x8416, 0x83f6, 
	0x83f6, 0x83f6, 0x8416, 0x8416, 0x8416, 0x7c16, 0x8416, 0x8416, 0x8416, 0x7c16, 0x8416, 0x8416, 0x8416, 0x83f6, 0x8416, 0x8416, 
	0x8416, 0x8416, 0x83f6, 0x8416, 0x8416, 0x8416, 0x7c16, 0x83f6, 0x8416, 0x8416, 0x8416, 0x8416, 0x8416, 0x8416, 0x8416, 0x8416, 
	0x8416, 0x8416, 0x8416, 0x8416, 0x8416, 0x8416, 0x8416, 0x8416, 0x8416, 0x8416, 0x8416, 0x8416, 0x8416, 0x83f6, 0x8416, 0x8416, 
	0x8416, 0x8416, 0x8416, 0x8416, 0x8416, 0x8416, 0x7c16, 0x8416, 0x8416, 0x7c16, 0x8416, 0x8416, 0x8416, 0x83f6, 0x83f6, 0x8416, 
	0x8416, 0x8416, 0x8416, 0x83f6, 0x7c16, 0x8416, 0x8416, 0x8416, 0x8416, 0x8416, 0x7c16, 0x8416, 0x83f6, 0x83f6, 0x8416, 0x8416, 
	0x8416, 0x8416, 0x8416, 0x8416, 0x8416, 0x8416, 0x8416, 0x83f6, 0x8416, 0x8416, 0x8416, 0x8416, 0x8416, 0x8416, 0x7c16, 0x8416, 
	0x83f6, 0x8416, 0x8416, 0x8416, 0x8416, 0x8416, 0x8416, 0x8416, 0x8416, 0x8416, 0x8416, 0x8416, 0x8416, 0x8416, 0x8416, 0x8416, 
	0x8416, 0x7c16, 0x8416, 0x8416, 0x83f6, 0x83f6, 0x8416, 0x8416, 0x7c16, 0x8416, 0x8416, 0x8416, 0x8416, 0x8416, 0x8416, 0x8416, 
	0x8416, 0x8416, 0x8416, 0x8416, 0x8416, 0x8416, 0x8416, 0x8416, 0x8416, 0x8416, 0x7c16, 0x8416, 0x8416, 0x8416, 0x8416, 0x8416, 
	0xad55, 0x8416, 0x8416, 0x8416, 0x8416, 0x8416, 0x8416, 0x8416, 0x8416, 0x8416, 0x8416, 0x8416, 0x7bf6, 0x8416, 0x8416, 0x7c16, 
	0x8416, 0x8416, 0x8416, 0x8416, 0x8416, 0x8416, 0x83f6, 0x8416, 0x8416, 0x83f6, 0x7c16, 0x8416, 0x8416, 0x8416, 0x8416, 0x8416, 
	0x8416, 0x7c16, 0x8416, 0x8416, 0x7c16, 0x8416, 0x8416, 0x8416, 0x8416, 0x8416, 0x8416, 0x7c16, 0x83f6, 0x8416, 0x7c16, 0x8416, 
	0x7c16, 0x8416, 0x8416, 0x8416, 0x8416, 0x83f6, 0x8416, 0x8416, 0x7c16, 0x8416, 0x8416, 0x8416, 0x7bf6, 0x8416, 0x8416, 0x8416, 
	0x7c16, 0x8416, 0x8416, 0x8416, 0x8416, 0x8416, 0x8416, 0x7c16, 0x8416, 0x8416, 0x8416, 0x8416, 0x7c16, 0x8416, 0x8416, 0x8416, 
	0x83f6, 0x8416, 0x83f6, 0x8416, 0x8416, 0x8416, 0x8416, 0x8416, 0x83f6, 0x83f6, 0x83f6, 0x8416, 0x8416, 0x7bf6, 0x8416, 0x83f6, 
	0x8416, 0x83f6, 0x8416, 0x83f6, 0x8416, 0x7bf6, 0x8416, 0x8416, 0x7c16, 0x7bf6, 0x8416, 0x8416, 0x7bf6, 0x8416, 0x8416, 0x8416, 
	0x83f6, 0x8416, 0x8416, 0x8416, 0x8416, 0x8416, 0x8416, 0x83f6, 0x8416, 0x8416, 0x83f6, 0x8416, 0x8416, 0x7c16, 0x83f6, 0x8416, 
	0x8416, 0x83f6, 0x83f6, 0x8416, 0x8416, 0x8416, 0x8416, 0x8416, 0x8416, 0x8416, 0x8416, 0x8416, 0x8416, 0x8416, 0x8416, 0x8416, 
	0x8416, 0x8416, 0x83f6, 0x8416, 0x8416, 0x83f6, 0x7c16, 0x83f6, 0x8416, 0x83f6, 0x8416, 0x7c16, 0x8416, 0x8416, 0x83f6, 0x8416, 
	0x8416, 0x8416, 0x83f6, 0x8416, 0x8416, 0x8416, 0x8416, 0x8416, 0x8416, 0x8416, 0x8416, 0x8416, 0x8416, 0x8416, 0x8416, 0x8416, 
	0x8416, 0x7c16, 0x83f6, 0x83f6, 0x8416, 0x8416, 0x8416, 0x8416, 0x8416, 0x8416, 0x8416, 0x8416, 0x8416, 0x83f6, 0x7c16, 0x7c16, 
	0x8416, 0x8416, 0x8416, 0x8416, 0x7bf6, 0x8416, 0x8416, 0x8416, 0x8416, 0x83f6, 0x83f6, 0x8416, 0x8416, 0x8416, 0x8416, 0x7c16, 
	0x8416, 0x8416, 0x8416, 0x83f6, 0x83f6, 0x8416, 0x8416, 0x8416, 0x7c16, 0x8416, 0x8416, 0x7bf6, 0x8416, 0x8416, 0x8416, 0x8416, 
	0x8416, 0x83f6, 0x8416, 0x8416, 0x8416, 0x8416, 0x8416, 0x8416, 0x8416, 0x8416, 0x7c16, 0x83f6, 0x8416, 0x83f6, 0x8416, 0x8416, 
	0x8416, 0x7c16, 0x8416, 0x8416, 0x8416, 0x7c16, 0x8416, 0x7c16, 0x83f6, 0x8416, 0x7c16, 0x7c16, 0x8416, 0x8416, 0x83f6, 0x8416, 
	0x8416, 0x8416, 0x7bf6, 0x8416, 0x8416, 0x7bf6, 0x8416, 0x7bf6, 0x7c16, 0x8416, 0x8416, 0x7c16, 0x83f6, 0x83f6, 0x8416, 0x8416, 
	0x8416, 0x8416, 0x8416, 0x8416, 0x7c16, 0x8416, 0x8416, 0x7c16, 0x8416, 0x8416, 0x8416, 0x8416, 0x7c16, 0x83f6, 0x7c16, 0x8416, 
	0x8416, 0x83f6, 0x8416, 0x8416, 0x8416, 0x8416, 0x8416, 0x83f6, 0x8416, 0x83f6, 0x8416, 0x8416, 0x83f6, 0x7bf6, 0x8416, 0x8416, 
	0x83f6, 0x7c16, 0x8416, 0x8416, 0x83f6, 0x8416, 0x8416, 0x8416, 0x8416, 0x8416, 0x8416, 0x7c16, 0x8416, 0x8416, 0x8416, 0x83f6, 
	0x8416, 0x8416, 0x83f6, 0x8416, 0x7c16, 0x7c16, 0x8416, 0x8416, 0x8416, 0x7c16, 0x8416, 0x8416, 0x8416, 0x7bf6, 0x8416, 0x8416, 
	0x83f6, 0x8416, 0x8416, 0x7c16, 0x8416, 0x8416, 0x83f6, 0x7bf6, 0x8416, 0x83f6, 0x8416, 0x8416, 0x8416, 0x8416, 0x8416, 0x8416, 
	0x8416, 0x8416, 0x7c16, 0x7c16, 0x8416, 0x83f6, 0x8416, 0x8416, 0x8416, 0x8416, 0x83f6, 0x8416, 0x8416, 0x8416, 0x7c16, 0x8416, 
	0x8416, 0x8416, 0x83f6, 0x8416, 0x8416, 0x7bf6, 0x7c16, 0x7bf6, 0x8416, 0x7c16, 0x8416, 0x83f6, 0x8416, 0x7c16, 0x83f6, 0x83f6, 
	0x83f6, 0x8416, 0x7c16, 0x8416, 0x8416, 0x8416, 0x8416, 0x8416, 0x8416, 0x8416, 0x83f6, 0x8416, 0x8416, 0x8416, 0x7bf6, 0x83f6, 
	0x8416, 0x8416, 0x7c16, 0x8416, 0x8416, 0x8416, 0x8416, 0x8416, 0x8416, 0x8416, 0x8416, 0x8416, 0x8416, 0x8416, 0x7c16, 0x8416, 
	0x8416, 0x8416, 0x8416, 0x8416, 0x7c16, 0x7c16, 0x8416, 0x8416, 0x8416, 0x7c16, 0x7c16, 0x8416, 0x8416, 0x8416, 0x7c16, 0x8416, 
	0x8416, 0x8416, 0x8416, 0x8416, 0x8416, 0x7c16, 0x8416, 0x8416, 0x83f6, 0x83f6, 0x8416, 0x8416, 0x8416, 0x7c16, 0x8416, 0x7bf6, 
	0x8416, 0x8416, 0x8416, 0x8416, 0x8416, 0x8416, 0x8416, 0x83f6, 0x7c16, 0x8416, 0x83f6, 0x8416, 0x8416, 0x8416, 0x8416, 0x8416, 
	0x8416, 0x8416, 0x7c16, 0x8416, 0x8416, 0x7c16, 0x8416, 0x83f6, 0x7c16, 0x8416, 0x8416, 0x8416, 0x8416, 0x83f6, 0x7c16, 0x8416, 
	0x8416, 0x7c16, 0x7c16, 0x8416, 0x8416, 0x8416, 0x7c16, 0x8416, 0x8416, 0x8416, 0x8416, 0x83f6, 0x7bf6, 0x8416, 0x8416, 0x8416, 
	0x8416, 0x8416, 0x8416, 0x7c16, 0x8416, 0x8416, 0x8416, 0x8416, 0x8416, 0x8416, 0x8416, 0x8416, 0x7c16, 0x8416, 0x8416, 0x8416, 
	0x8416, 0x83f6, 0x8416, 0x8416, 0x8416, 0x8416, 0x8416, 0x8416, 0x8416, 0x8416, 0x8416, 0x8416, 0x8416, 0x8416, 0x7c16, 0x8416, 
	0x7c16, 0x8416, 0x8416, 0x8416, 0x8416, 0x8416, 0x8416, 0x8416, 0x8416, 0x8416, 0x8416, 0x8416, 0x8416, 0x8416, 0x8416, 0x8416, 
	0x8416, 0x8416, 0x83f6, 0x8416, 0x83f6, 0x8416, 0x7c16, 0x7c16, 0x8416, 0x8416, 0x7c16, 0x8416, 0x8416, 0x7c16, 0x8416, 0x8416, 
	0x7c16, 0x8416, 0x83f6, 0x8416, 0x8416, 0x8416, 0x8416, 0x8416, 0x8416, 0x8416, 0x83f6, 0x8416, 0x7bf6, 0x83f6, 0x8416, 0x8416, 
	0x8416, 0x8416, 0x8416, 0x8416, 0x8416, 0x8416, 0x8416, 0x8416, 0x8416, 0x83f6, 0x8416, 0x8416, 0x83f6, 0x83f6, 0x8416, 0x8416, 
	0x8416, 0x7c16, 0x8416, 0x8416, 0x8416, 0x83f6, 0x8416, 0x8416, 0x8416, 0x7bf6, 0x8416, 0x8416, 0x8416, 0x8416, 0x7bf6, 0x8416, 
	0x83f6, 0x8416, 0x8416, 0x8416, 0x8416, 0x8416, 0x8416, 0x83f6, 0x7c16, 0x83f6, 0x8416, 0x83f6, 0x7c16, 0x8416, 0x8416, 0x8416, 
	0x83f6, 0x7c16, 0x8416, 0x83f6, 0x8416, 0x8416, 0x7c16, 0x8416, 0x8416, 0x8416, 0x8416, 0x83f6, 0x7c16, 0x7c16, 0x8416, 0x83f6, 
	0x7c16, 0x8416, 0x8416, 0x8416, 0x8416, 0x8416, 0x8416, 0x8416, 0x7c16, 0x8416, 0x8416, 0x8416, 0x8416, 0x8416, 0x8416, 0x8416, 
	0x8416, 0x8416, 0x8416, 0x8416, 0x8416, 0x83f6, 0x7bf6, 0x7c16, 0x8416, 0x8416, 0x8416, 0x8416, 0x83f6, 0x7c16, 0x8416, 0x8416, 
	0x8416, 0x8416, 0x8416, 0x83f6, 0x8416, 0x8416, 0x8416, 0x83f6, 0x7c16, 0x8416, 0x8416, 0x83f6, 0x8416, 0x83f6, 0x8416, 0x8416, 
	0x8416, 0x8416, 0x8416, 0x83f6, 0x8416, 0x8416, 0x7c16, 0x8416, 0x8416, 0x8416, 0x83f6, 0x8416, 0x8416, 0x8416, 0x83f6, 0x8416, 
	0x7c16, 0x8416, 0x8416, 0x8416, 0x7c16, 0x8416, 0x8416, 0x8416, 0x8416, 0x8416, 0x8416, 0x8416, 0x8416, 0x8416, 0x7bf6, 0x8416, 
	0x8416, 0x8416, 0x8416, 0x8416, 0x8416, 0x83f6, 0x8416, 0x8416, 0x8416, 0x8416, 0x8416, 0x8416, 0x8416, 0x8416, 0x8416, 0x83f6, 
	0x83f6, 0x8416, 0x8416, 0x8416, 0x8416, 0x83f6, 0x8416, 0x8416, 0x8416, 0x8416, 0x8416, 0x8416, 0x8416, 0x8416, 0x7c16, 0x8416, 
	0x8416, 0x8416, 0x83f6, 0x8416, 0x8416, 0x8416, 0x8416, 0x8416, 0x8416, 0x8416, 0x7c16, 0x8416, 0x8416, 0x8416, 0x83f6, 0x7c16, 
	0x7c16, 0x8416, 0x7c16, 0x8416, 0x8416, 0x8416, 0x8416, 0x8416, 0x8416, 0x7c16, 0x8416, 0x8416, 0x8416, 0x8416, 0x8416, 0x8416, 
	0x8416, 0x8416, 0x7c16, 0x8416, 0x8416, 0x8416, 0x8416, 0x8416, 0x8416, 0x8416, 0x83f6, 0x8416, 0x7c16, 0x8416, 0x8416, 0x83f6, 
	0x8416, 0x83f6, 0x8416, 0x8416, 0x8416, 0x7c16, 0x7c16, 0x8416, 0x8416, 0x8416, 0x8416, 0x8416, 0x8416, 0x8416, 0x8416, 0x7c16, 
	0x7c16, 0x8416, 0x8416, 0x8416, 0x7c16, 0x8416, 0x8416, 0x8416, 0x7c16, 0x8416, 0x8416, 0x7c16, 0x83f6, 0x8416, 0x83f6, 0x8416, 
	0x8416, 0x7c16, 0x8416, 0x83f6, 0x8416, 0x8416, 0x8416, 0x8416, 0x8416, 0x8416, 0x8416, 0x8416, 0x8416, 0x8416, 0x8416, 0x8416, 
	0x8416, 0x8416, 0x8416, 0x8416, 0x8416, 0x8416, 0x8416, 0x8416, 0x7c16, 0x8416, 0x7c16, 0x8416, 0x8416, 0x8416, 0x7c16, 0x8416, 
	0x8416, 0x8416, 0x83f6, 0x8416, 0x8416, 0x8416, 0x8416, 0x8416, 0x83f6, 0x8416, 0x83f6, 0x7bf6, 0x8416, 0x8416, 0x8416, 0x8416, 
	0xffff, 0x8416, 0x8416, 0x8416, 0x8416, 0x7c16, 0x83f6, 0x8416, 0x83f6, 0x8416, 0x83f6, 0x8416, 0x83f6, 0x7c16, 0x8416, 0x83f6, 
	0x8416, 0x8416, 0x7c16, 0x8416, 0x8416, 0x8416, 0x8416, 0x8416, 0x8416, 0x8416, 0x8416, 0x83f6, 0x8416, 0x8416, 0x7c16, 0x8416, 
	0x8416, 0x83f6, 0x83f6, 0x8416, 0x8416, 0x8416, 0x8416, 0x8416, 0x8416, 0x8416, 0x8416, 0x8416, 0x8416, 0x8416, 0x8416, 0x8416, 
	0x8416, 0x8416, 0x8416, 0x8416, 0x7c16, 0x8416, 0x7c16, 0x8416, 0x8416, 0x8416, 0x8416, 0x8416, 0x83f6, 0x7c16, 0x83f6, 0x8416, 
	0x8416, 0x8416, 0x8416, 0x7c16, 0x7c16, 0x7c16, 0x8416, 0x8416, 0x8416, 0x7c16, 0x8416, 0x7c16, 0x8416, 0x7c16, 0x8416, 0x83f6, 
	0x7c16, 0x8416, 0x83f6, 0x8416, 0x83f6, 0x8416, 0x83f6, 0x8416, 0x8416, 0x7c16, 0x83f6, 0x83f6, 0x8416, 0x8416, 0x83f6, 0x8416, 
	0x8416, 0x8416, 0x7c16, 0x8416, 0x8416, 0x8416, 0x8416, 0x8416, 0x7c16, 0x8416, 0x8416, 0x8416, 0x8416, 0x8416, 0x8416, 0x8416, 
	0x8416, 0x8416, 0x8416, 0x83f6, 0x8416, 0x8416, 0x83f6, 0x8416, 0x8416, 0x8416, 0x7c16, 0x8416, 0x8416, 0x8416, 0x8416, 0x83f6, 
	0x83f6, 0x8416, 0x83f6, 0x8416, 0x8416, 0x7c16, 0x8416, 0x83f6, 0x8416, 0x83f6, 0x7bf6, 0x8416, 0x7c16, 0x7c16, 0x83f6, 0x8416, 
	0x8416, 0x8416, 0x8416, 0x8416, 0x7bf6, 0x8416, 0x8416, 0x8416, 0x83f6, 0x8416, 0x83f6, 0x8416, 0x8416, 0x8416, 0x8416, 0x8416, 
	0x8416, 0x8416, 0x8416, 0x7c16, 0x83f6, 0x8416, 0x8416, 0x7c16, 0x8416, 0x8416, 0x8416, 0x8416, 0x8416, 0x8416, 0x8416, 0x83f6, 
	0x8416, 0x7c16, 0x8416, 0x8416, 0x7c16, 0x8416, 0x8416, 0x7c16, 0x8416, 0x8416, 0x8416, 0x8416, 0x8416, 0x8416, 0x7c16, 0x8416, 
	0x8416, 0x7c16, 0x7bf6, 0x8416, 0x8416, 0x7c16, 0x7c16, 0x8416, 0x8416, 0x83f6, 0x8416, 0x8416, 0x83f6, 0x8416, 0x8416, 0x8416, 
	0x8416, 0x8416, 0x8416, 0x83f6, 0x7c16, 0x8416, 0x8416, 0x8416, 0x83f6, 0x8416, 0x83f6, 0x8416, 0x8416, 0x8416, 0x8416, 0x7c16, 
	0x83f6, 0x8416, 0x7bf6, 0x7c16, 0x8416, 0x83f6, 0x8416, 0x7bf6, 0x8416, 0x8416, 0x8416, 0x8416, 0x8416, 0x83f6, 0x8416, 0x83f6, 
	0x83f6, 0x8416, 0x8416, 0x8416, 0x8416, 0x7bf6, 0x83f6, 0x8416, 0x7c16, 0x8416, 0x8416, 0x7bf6, 0x7c16, 0x8416, 0x8416, 0x7c16, 
	0x7c16, 0x8416, 0x83f6, 0x8416, 0x83f6, 0x8416, 0x8416, 0x8416, 0x8416, 0x83f6, 0x8416, 0x8416, 0x8416, 0x7c16, 0x8416, 0x7c16, 
	0x8416, 0x8416, 0x7c16, 0x8416, 0x8416, 0x8416, 0x8416, 0x8416, 0x83f6, 0x8416, 0x8416, 0x8416, 0x83f6, 0x8416, 0x83f6, 0x8416, 
	0x8416, 0x8416, 0x83f6, 0x8416, 0x8416, 0x8416, 0x8416, 0x8416, 0x8416, 0x8416, 0x8416, 0x7c16, 0x8416, 0x83f6, 0x8416, 0x83f6, 
	0x7c16, 0x7c16, 0x7c16, 0x8416, 0x83f6, 0x8416, 0x8416, 0x8416, 0x8416, 0x83f6, 0x8416, 0x8416, 0x7c16, 0x83f6, 0x7bf6, 0x8416, 
	0x7c16, 0x8416, 0x8416, 0x83f6, 0x8416, 0x8416, 0x7c16, 0x8416, 0x83f6, 0x8416, 0x7c16, 0x8416, 0x83f6, 0x8416, 0x8416, 0x8416, 
	0x8416, 0x8416, 0x8416, 0x8416, 0x8416, 0x8416, 0x8416, 0x8416, 0x7c16, 0x8416, 0x8416, 0x7c16, 0x8416, 0x8416, 0x8416, 0x83f6, 
	0x7c16, 0x8416, 0x8416, 0x8416, 0x8416, 0x83f6, 0x7c16, 0x83f6, 0x8416, 0x8416, 0x8416, 0x7c16, 0x8416, 0x83f6, 0x83f6, 0x8416, 
	0x83f6, 0x8416, 0x8416, 0x8416, 0x7c16, 0x8416, 0x7c16, 0x8416, 0x8416, 0x8416, 0x8416, 0x8416, 0x8416, 0x8416, 0x8416, 0x8416, 
	0x8416, 0x83f6, 0x8416, 0x83f6, 0x8416, 0x8416, 0x83f6, 0x83f6, 0x7c16, 0x8416, 0x8416, 0x8416, 0x7bf6, 0x7c16, 0x8416, 0x8416, 
	0x8416, 0x8416, 0x8416, 0x8416, 0x8416, 0x8416, 0x8416, 0x8416, 0x8416, 0x7c16, 0x8416, 0x83f6, 0x8416, 0x8416, 0x8416, 0x83f6, 
	0x83f6, 0x8416, 0x8416, 0x8416, 0x8416, 0x8416, 0x83f6, 0x8416, 0x8416, 0x83f6, 0x8416, 0x8416, 0x8416, 0x7c16, 0x8416, 0x8416, 
	0x8416, 0x7c16, 0x8416, 0x8416, 0x8416, 0x8416, 0x8416, 0x8416, 0x8416, 0x83f6, 0x8416, 0x7c16, 0x8416, 0x8416, 0x83f6, 0x8416, 
	0x8416, 0x8416, 0x8416, 0x8416, 0x8416, 0x8416, 0x8416, 0x7c16, 0x8416, 0x8416, 0x8416, 0x8416, 0x8416, 0x7bf6, 0x8416, 0x7c16, 
	0x7c16, 0x8416, 0x8416, 0x8416, 0x8416, 0x8416, 0x83f6, 0x8416, 0x8416, 0x8416, 0x8416, 0x8416, 0x8416, 0x8416, 0x7bf6, 0x8416, 
	0x8416, 0x8416, 0x7bf6, 0x7bf6, 0x83f6, 0x7c16, 0x8416, 0x7c16, 0x83f6, 0x7c16, 0x8416, 0x7c16, 0x8416, 0x8416, 0x8416, 0x8416, 
	0x83f6, 0x8416, 0x8416, 0x8416, 0x8416, 0x8416, 0x8416, 0x8416, 0x8416, 0x8416, 0x8416, 0x8416, 0x8416, 0x2945, 0x8416, 0x8416, 
	0x8416, 0x8416, 0x8416, 0x83f6, 0x83f6, 0x8416, 0x8416, 0x8416, 0x8416, 0x83f6, 0x8416, 0x8416, 0x8416, 0x8416, 0x8416, 0x7c16, 
	0x7c16, 0x8416, 0x8416, 0x8416, 0x8416, 0x8416, 0x8416, 0x8416, 0x8416, 0x8416, 0x8416, 0x8416, 0x7bf6, 0x8416, 0x7c16, 0x8416, 
	0x8416, 0x8416, 0x83f6, 0x8416, 0x8416, 0x7c16, 0x8416, 0x8416, 0x83f6, 0x8416, 0x8416, 0x8416, 0x8416, 0x8416, 0x8416, 0x8416, 
	0x8416, 0x8416, 0x7c16, 0x8416, 0x7c16, 0x7c16, 0x8416, 0x8416, 0x8416, 0x8416, 0x8416, 0x8416, 0x8416, 0x8416, 0x8416, 0x8416, 
	0x8416, 0x7c16, 0x8416, 0x8416, 0x8416, 0x8416, 0x7c16, 0x8416, 0x7c16, 0x8416, 0x8416, 0x8416, 0x83f6, 0x83f6, 0x8416, 0x8416, 
	0x8416, 0x8416, 0x8416, 0x8416, 0x7c16, 0x8416, 0x8416, 0x8416, 0x8416, 0x8416, 0x8416, 0x83f6, 0x7c16, 0x8416, 0x8416, 0x8416, 
	0x83f6, 0x8416, 0x8416, 0x83f6, 0x8416, 0x8416, 0x83f6, 0x83f6, 0x8416, 0x83f6, 0x83f6, 0x8416, 0x8416, 0x7c16, 0x8416, 0x8416, 
	0x8416, 0x8416, 0x8416, 0x8416, 0x7c16, 0x8416, 0x8416, 0x8416, 0x8416, 0x8416, 0x8416, 0x7c16, 0x83f6, 0x83f6, 0x8416, 0x8416, 
	0x7c16, 0x8416, 0x8416, 0x83f6, 0x7c16, 0x83f6, 0x8416, 0x8416, 0x83f6, 0x8416, 0x8416, 0x8416, 0x7c16, 0x8416, 0x8416, 0x8416, 
	0x8416, 0x8416, 0x8416, 0x8416, 0x8416, 0x7c16, 0x8416, 0x8416, 0x8416, 0x8416, 0x8416, 0x8416, 0x7c16, 0x8416, 0x83f6, 0x8416, 
	0x8416, 0x7c16, 0x8416, 0x8416, 0x8416, 0x7c16, 0x8416, 0x8416, 0x8416, 0x7c16, 0x8416, 0x8416, 0x8416, 0x83f6, 0x8416, 0x83f6, 
	0x8416, 0x8416, 0x8416, 0x8416, 0x83f6, 0x83f6, 0x8416, 0x8416, 0x8416, 0x7c16, 0x8416, 0x83f6, 0x8416, 0x8416, 0x8416, 0x8416, 
	0x8416, 0x8416, 0xffff, 0x83f6, 0x8416, 0x8416, 0x8416, 0x8416, 0x8416, 0x7c16, 0x7c16, 0x7c16, 0x8416, 0x8416, 0x8416, 0x8416, 
	0x8416, 0x83f6, 0x7c16, 0x8416, 0x8416, 0x7c16, 0x8416, 0x83f6, 0x8416, 0x83f6, 0x8416, 0x8416, 0x8416, 0x8416, 0x83f6, 0x8416, 
	0x8416, 0x8416, 0x8416, 0x8416, 0x8416, 0x8416, 0x8416, 0x7c16, 0x8416, 0x8416, 0x8416, 0x83f6, 0x83f6, 0x8416, 0x83f6, 0x8416, 
	0x8416, 0x8416, 0x7c16, 0x8416, 0x8416, 0x8416, 0x7c16, 0x8416, 0x8416, 0x8416, 0x83f6, 0x8416, 0x8416, 0x7c16, 0x8416, 0x8416, 
	0x8416, 0x8416, 0x8416, 0x8416, 0x7c16, 0x8416, 0x8416, 0x7bf6, 0x8416, 0x8416, 0x8416, 0x8416, 0x83f6, 0x8416, 0x8416, 0x7c16, 
	0x8416, 0x8416, 0x8416, 0x83f6, 0x83f6, 0x83f6, 0x8416, 0x8416, 0x8416, 0x7c16, 0x8416, 0x8416, 0x8416, 0x8416, 0x7c16, 0x7c16, 
	0x8416, 0x8416, 0x83f6, 0x8416, 0x8416, 0x8416, 0x83f6, 0x7c16, 0x8416, 0x8416, 0x8416, 0x8416, 0x8416, 0x8416, 0x8416, 0x8416, 
	0x7c16, 0x8416, 0x7bf6, 0x8416, 0x8416, 0x83f6, 0x83f6, 0x7c16, 0x8416, 0x83f6, 0x8416, 0x8416, 0x83f6, 0x8416, 0x8416, 0x7c16, 
	0x83f6, 0x7bf6, 0x8416, 0x8416, 0x8416, 0x8416, 0x7c16, 0x8416, 0x8416, 0x8416, 0x83f6, 0x8416, 0x8416, 0x8416, 0x8416, 0x7c16, 
	0x8416, 0x8416, 0x8416, 0x8416, 0x8416, 0x8416, 0x8416, 0x83f6, 0x8416, 0x8416, 0x8416, 0x8416, 0x8416, 0x8416, 0x8416, 0x83f6, 
	0x8416, 0x8416, 0x83f6, 0x83f6, 0x83f6, 0x8416, 0x8416, 0x8416, 0x8416, 0x8416, 0x8416, 0x7c16, 0x8416, 0x8416, 0x8416, 0x7c16, 
	0x83f6, 0x8416, 0x7c16, 0x83f6, 0x8416, 0x8416, 0x8416, 0x8416, 0x8416, 0x8416, 0x8416, 0x83f6, 0x8416, 0x7bf6, 0x83f6, 0x8416, 
	0x8416, 0x8416, 0x8416, 0x8416, 0x8416, 0x8416, 0x8416, 0x8416, 0x8416, 0x8416, 0x8416, 0x83f6, 0x8416, 0x7c16, 0x8416, 0x8416, 
	0x8416, 0x8416, 0x8416, 0x8416, 0x8416, 0x8416, 0x8416, 0x83f6, 0x8416, 0x7c16, 0x8416, 0x8416, 0x8416, 0x8416, 0x8416, 0x7c16, 
	0x8416, 0x8416, 0x8416, 0x8416, 0x8416, 0x7c16, 0x8416, 0x8416, 0x8416, 0x8416, 0x8416, 0x7c16, 0x8416, 0x8416, 0x83f6, 0x8416, 
	0x83f6, 0x8416, 0x7c16, 0x83f6, 0x83f6, 0x7c16, 0x8416, 0x8416, 0x8416, 0x83f6, 0x8416, 0x7c16, 0x7c16, 0x83f6, 0x8416, 0x8416, 
	0x83f6, 0x7c16, 0x8416, 0x8416, 0x8416, 0x7c16, 0x8416, 0x8416, 0x8416, 0x8416, 0x8416, 0x8416, 0x8416, 0x8416, 0x8416, 0x8416, 
	0x8416, 0x8416, 0x8416, 0x83f6, 0x8416, 0x8416, 0x8416, 0x8416, 0x8416, 0x8416, 0x8416, 0x8416, 0x8416, 0x8416, 0x8416, 0x8416, 
	0x8416, 0x8416, 0x8416, 0x8416, 0x8416, 0x8416, 0x8416, 0x8416, 0x8416, 0x8416, 0x8416, 0x8416, 0x8416, 0x8416, 0x8416, 0x8416, 
	0x8416, 0x8416, 0x8416, 0x8416, 0x8416, 0x8416, 0x8416, 0x8416, 0x8416, 0x8416, 0x8416, 0x8416, 0x8416, 0x8416, 0x8416, 0x8416, 
	0x7c16, 0x8416, 0x8416, 0x8416, 0x8416, 0x7c16, 0x7c16, 0x83f6, 0x8416, 0x7c16, 0x8416, 0x83f6, 0x8416, 0x83f6, 0x83f6, 0x7c16, 
	0x8416, 0x8416, 0x8416, 0x8416, 0x83f6, 0x8416, 0x83f6, 0x8416, 0x8416, 0x8416, 0x83f6, 0x8416, 0x8416, 0x83f6, 0x8416, 0x8416, 
	0x83f6, 0x8416, 0x8416, 0x8416, 0x8416, 0x83f6, 0x8416, 0x83f6, 0x8416, 0x8416, 0x7c16, 0x8416, 0x7c16, 0x8416, 0x7c16, 0x8416, 
	0x8416, 0x83f6, 0x8416, 0x8416, 0x8416, 0x8416, 0x8416, 0x8416, 0x8416, 0x8416, 0x7c16, 0x8416, 0x8416, 0x8416, 0x8416, 0x8416, 
	0x8416, 0x8416, 0x8416, 0x8416, 0x7c16, 0x8416, 0x8416, 0x8416, 0x8416, 0x8416, 0x8416, 0x8416, 0x8416, 0x8416, 0x7c16, 0x83f6, 
	0x8416, 0x83f6, 0x83f6, 0x8416, 0x7c16, 0x7c16, 0x8416, 0x8416, 0x8416, 0x8416, 0x8416, 0x8416, 0x8416, 0x8416, 0x8416, 0x8416, 
	0x8416, 0x8416, 0x8416, 0x8416, 0x8416, 0x8416, 0x8416, 0x8416, 0x8416, 0x8416, 0x8416, 0x8416, 0x8416, 0x8416, 0x8416, 0x8416, 
	0x8416, 0x8416, 0x8416, 0x8416, 0x8416, 0x8416, 0x8416, 0x8416, 0x8416, 0x8416, 0x8416, 0x8416, 0x8416, 0x8416, 0x8416, 0x8416, 
	0x8416, 0x8416, 0x8416, 0x8416, 0x8416, 0x8416, 0x8416, 0x8416, 0x8416, 0x8416, 0x8416, 0x8416, 0x8416, 0x8416, 0x8416, 0x8416, 
	0x8416, 0x8416, 0x8416, 0x8416, 0x8416, 0x8416, 0x8416, 0x8416, 0x8416, 0x8416, 0x8416, 0x8416, 0x8416, 0x8416, 0x8416, 0x8416, 
	0x83f6, 0x8416, 0x8416, 0x8416, 0x8416, 0x7bf6, 0x8416, 0x8416, 0x8416, 0x8416, 0x83f6, 0x7bf6, 0x8416, 0x8416, 0x8416, 0x7c16, 
	0x7c16, 0x8416, 0x83f6, 0x8416, 0x83f6, 0x8416, 0x7c16, 0x8416, 0x8416, 0x8416, 0x83f6, 0x7c16, 0x8416, 0x8416, 0x8416, 0x8416, 
	0x8416, 0x8416, 0x8416, 0x8416, 0x8416, 0x8416, 0x7c16, 0x83f6, 0x8416, 0x8416, 0x8416, 0x8416, 0x8416, 0x8416, 0x8416, 0x8416, 
	0x8416, 0x8416, 0x8416, 0x8416, 0x8416, 0x8416, 0x8416, 0x8416, 0x8416, 0x8416, 0x8416, 0x8416, 0x8416, 0x8416, 0x8416, 0x8416, 
	0x8416, 0x8416, 0x8416, 0x8416, 0x8416, 0x8416, 0x8416, 0x8416, 0x8416, 0x8416, 0x8416, 0x8416, 0x8416, 0x8416, 0x8416, 0x8416, 
	0x8416, 0x8416, 0x8416, 0x8416, 0x8416, 0x8416, 0x8416, 0x8416, 0x8416, 0x8416, 0x8416, 0x8416, 0x8416, 0x8416, 0x8416, 0x8416, 
	0x8416, 0x8416, 0x8416, 0x8416, 0x8416, 0x8416, 0x8416, 0x8416, 0x8416, 0x8416, 0x8416, 0x8416, 0x8416, 0x8416, 0x8416, 0x8416, 
	0x8416, 0x8416, 0x8416, 0x8416, 0x8416, 0x8416, 0x8416, 0x8416, 0x8416, 0x8416, 0x8416, 0x8416, 0x8416, 0x8416, 0x8416, 0x8416, 
	0x8416, 0x8416, 0x8416, 0x8416, 0x8416, 0x8416, 0x8416, 0x8416, 0x8416, 0x8416, 0x8416, 0x8416, 0x8416, 0x8416, 0x8416, 0x8416, 
	0x8416, 0x8416, 0x8416, 0x8416, 0x8416, 0x8416, 0x8416, 0x8416, 0x8416, 0x8416, 0x8416, 0x8416, 0x8416, 0x8416, 0x8416, 0x8416, 
	0x83f6, 0x8416, 0x8416, 0x83f6, 0x8416, 0x8416, 0x7bf6, 0x7c16, 0x8416, 0x8416, 0x8416, 0x8416, 0x8416, 0x8416, 0x8416, 0x8416, 
	0x8416, 0x8416, 0x8416, 0x8416, 0x8416, 0x8416, 0x8416, 0x8416, 0x8416, 0x8416, 0x8416, 0x8416, 0x8416, 0x8416, 0x8416, 0x8416, 
	0x8416, 0x8416, 0x8416, 0x8416, 0x8416, 0x8416, 0x8416, 0x8416, 0x8416, 0x8416, 0x8416, 0x8416, 0x8416, 0x8416, 0x8416, 0x8416, 
	0x8416, 0x8416, 0x8416, 0x8416, 0x8416, 0x8416, 0x8416, 0x8416, 0x8416, 0x8416, 0x8416, 0x8416, 0x8416, 0x8416, 0x8416, 0x8416, 
	0x8416, 0x8416, 0x8416, 0x8416, 0x8416, 0x8416, 0x8416, 0x8416, 0x8416, 0x8416, 0x8416, 0x8416, 0x8416, 0x8416, 0x8416, 0x8416, 
	0x8416, 0x8416, 0x8416, 0x8416, 0x8416, 0x8416, 0x8416, 0x8416, 0x8416, 0x8416, 0x8416, 0x8416, 0x8416, 0x8416, 0x8416, 0x8416, 
	0x8416, 0x8416, 0x8416, 0x8416, 0x8416, 0x8416, 0x8416, 0x8416, 0x8416, 0x8416, 0x8416, 0x8416, 0x8416, 0x8416, 0x8416, 0x8416, 
	0x8416, 0x8416, 0x8416, 0x8416, 0x8416, 0x8416, 0x8416, 0x8416, 0x8416, 0x8416, 0x8416, 0x8416, 0x8416, 0x8416, 0x8416, 0x8416, 
	0x8416, 0x8416, 0x8416, 0x8416, 0x8416, 0x8416, 0x8416, 0x8416, 0x8416, 0x8416, 0x8416, 0x8416, 0x8416, 0x8416, 0x8416, 0x8436, 
	0x8416, 0x8416, 0x8436, 0x8436, 0x8436, 0x8436, 0x8416, 0x8416, 0x8436, 0x8436, 0x8436, 0x8436, 0x8436, 0x8436, 0x8436, 0x8436, 
	0x8416, 0x8416, 0x8416, 0x8416, 0x8416, 0x8416, 0x8416, 0x8416, 0x8416, 0x8416, 0x8416, 0x8416, 0x8416, 0x8416, 0x8416, 0x8416, 
	0x8416, 0x8416, 0x8416, 0x8416, 0x8416, 0x8416, 0x8416, 0x8416, 0x8416, 0x8416, 0x8416, 0x8416, 0x8416, 0x8416, 0x8416, 0x8416, 
	0x8416, 0x8416, 0x8416, 0x8416, 0x8416, 0x8416, 0x8416, 0x8416, 0x8416, 0x8416, 0x8416, 0x8416, 0x8416, 0x8416, 0x8416, 0x8416, 
	0x8416, 0x8416, 0x8416, 0x8416, 0x8416, 0x8416, 0x8416, 0x8416, 0x8416, 0x8416, 0x8416, 0x8416, 0x8416, 0x8416, 0x8416, 0x8416, 
	0x8416, 0x8416, 0x8416, 0x8416, 0x8416, 0x8416, 0x8416, 0x8416, 0x8416, 0x8416, 0x8416, 0x8416, 0x8416, 0x8416, 0x8416, 0x8416, 
	0x8416, 0x8416, 0x8416, 0x8416, 0x8416, 0x8416, 0x8416, 0x8416, 0x8416, 0x8416, 0x8416, 0x8416, 0x8416, 0x8416, 0x8416, 0x8416, 
	0x8416, 0x8436, 0x8436, 0x8416, 0x8416, 0x8416, 0x8436, 0x8416, 0x8416, 0x8436, 0x8436, 0x8436, 0x8436, 0x8436, 0x8416, 0x8416, 
	0x8416, 0x8416, 0x8436, 0x8436, 0x8436, 0x8436, 0x8436, 0x8436, 0x8436, 0x8436, 0x8436, 0x8416, 0x8436, 0x8436, 0x8436, 0x8436, 
	0x8436, 0x8436, 0x8436, 0x8436, 0x8436, 0x8436, 0x8436, 0x8436, 0x8436, 0x8436, 0x8436, 0x8436, 0x8436, 0x8436, 0x8436, 0x8436, 
	0x8436, 0x8436, 0x8436, 0x8436, 0x8436, 0x8436, 0x8436, 0x8436, 0x8436, 0x8436, 0x8437, 0x8436, 0x8436, 0x8437, 0x8436, 0x8436, 
	0x8416, 0x8416, 0x8416, 0x8416, 0x8416, 0x8416, 0x8416, 0x8416, 0x8416, 0x8416, 0x8416, 0x8416, 0x8416, 0x8416, 0x8416, 0x8416, 
	0x8416, 0x8416, 0x8416, 0x8416, 0x8416, 0x8416, 0x8416, 0x8416, 0x8416, 0x8416, 0x8416, 0x8416, 0x8416, 0x8416, 0x8416, 0x8416, 
	0x8416, 0x8416, 0x8416, 0x8416, 0x8416, 0x8416, 0x8416, 0x8416, 0x8416, 0x8416, 0x8416, 0x8416, 0x8416, 0x8416, 0x8436, 0x8416, 
	0x8416, 0x8416, 0x8416, 0x8416, 0x8416, 0x8416, 0x8416, 0x8416, 0x8416, 0x8416, 0x8436, 0x8416, 0x8416, 0x8416, 0x8416, 0x8416, 
	0x8416, 0x8436, 0x8436, 0x8416, 0x8436, 0x8436, 0x8416, 0x8416, 0x8416, 0x8416, 0x8436, 0x8436, 0x8436, 0x8436, 0x8436, 0x8436, 
	0x8416, 0x8436, 0x8436, 0x8436, 0x8436, 0x8436, 0x8436, 0x8436, 0x8436, 0x8436, 0x8436, 0x8436, 0x8436, 0x8436, 0x8436, 0x8436, 
	0x8436, 0x8436, 0x8436, 0x8436, 0x8436, 0x8436, 0x8436, 0x8436, 0x8436, 0x8436, 0x8436, 0x8436, 0x8436, 0x8436, 0x8436, 0x8436, 
	0x8436, 0x8436, 0x8436, 0x8436, 0x8436, 0x8437, 0x8436, 0x8436, 0x8437, 0x8436, 0x8436, 0x8436, 0x8436, 0x8437, 0x8436, 0x8436, 
	0x8436, 0x8437, 0x8436, 0x8437, 0x8436, 0x8436, 0x8436, 0x8437, 0x8437, 0x8436, 0x8437, 0x8437, 0x8437, 0x8436, 0x8436, 0x8437, 
	0x8436, 0x8437, 0x8436, 0x8437, 0x8437, 0x8437, 0x8437, 0x8437, 0x8437, 0x8437, 0x8437, 0x8437, 0x8437, 0x8437, 0x8437, 0x8437, 
	0x8416, 0x8416, 0x8416, 0x8416, 0x8416, 0x8416, 0x8416, 0x8416, 0x8416, 0x8436, 0x8416, 0x8416, 0x8436, 0x8416, 0x8416, 0x8416, 
	0x8416, 0x8416, 0x8436, 0x8416, 0x8416, 0x8416, 0x8416, 0x8416, 0x8416, 0x8436, 0x8436, 0x8436, 0x8436, 0x8436, 0x8436, 0x8436, 
	0x8416, 0x8416, 0x8416, 0x8436, 0x8436, 0x8436, 0x8436, 0x8416, 0x8436, 0x8416, 0x8416, 0x8436, 0x8416, 0x8436, 0x8436, 0x8436, 
	0x8436, 0x8436, 0x8436, 0x8436, 0x8436, 0x8436, 0x8436, 0x8436, 0x8436, 0x8436, 0x8436, 0x8436, 0x8436, 0x8436, 0x8436, 0x8436, 
	0x8436, 0x8436, 0x8436, 0x8436, 0x8436, 0x8436, 0x8436, 0x8436, 0x8436, 0x8436, 0x8436, 0x8436, 0x8436, 0x8436, 0x8436, 0x8436, 
	0x8436, 0x8436, 0x8436, 0x8436, 0x8437, 0x8436, 0x8436, 0x8437, 0x8436, 0x8436, 0x8436, 0x8437, 0x8437, 0x8437, 0x8437, 0x8437, 
	0x8436, 0x8437, 0x8437, 0x8436, 0x8437, 0x8436, 0x8437, 0x8436, 0x8437, 0x8437, 0x8437, 0x8437, 0x8437, 0x8437, 0x8437, 0x8436, 
	0x8437, 0x8436, 0x8437, 0x8437, 0x8437, 0x8437, 0x8437, 0x8437, 0x8437, 0x8437, 0x8437, 0x8437, 0x8437, 0x8437, 0x8437, 0x8437, 
	0x8437, 0x8437, 0x8437, 0x8437, 0x8437, 0x8437, 0x8437, 0x8437, 0x8437, 0x8437, 0x8437, 0x8437, 0x8437, 0x8437, 0x8437, 0x8437, 
	0x8437, 0x8437, 0x8437, 0x8437, 0x8437, 0x8437, 0x8437, 0x8437, 0x8437, 0x8437, 0x8437, 0x8437, 0x8437, 0x8437, 0x8437, 0x8437, 
	0x8416, 0x8436, 0x8436, 0x8416, 0x8436, 0x8416, 0x8436, 0x8436, 0x8436, 0x8436, 0x8436, 0x8436, 0x8436, 0x8436, 0x8436, 0x8436, 
	0x8436, 0x8436, 0x8436, 0x8436, 0x8436, 0x8436, 0x8436, 0x8436, 0x8436, 0x8436, 0x8436, 0x8436, 0x8436, 0x8436, 0x8436, 0x8436, 
	0x8436, 0x8436, 0x8436, 0x8436, 0x8436, 0x8437, 0x8437, 0x8436, 0x8436, 0x8437, 0x8436, 0x8436, 0x8436, 0x8436, 0x8437, 0x8437, 
	0x8436, 0x8436, 0x8437, 0x8436, 0x8437, 0x8437, 0x8436, 0x8437, 0x8437, 0x8437, 0x8437, 0x8437, 0x8437, 0x8437, 0x8436, 0x8436, 
	0x8436, 0x8437, 0x8437, 0x8437, 0x8437, 0x8437, 0x8437, 0x8437, 0x8437, 0x8437, 0x8437, 0x8437, 0x8437, 0x8437, 0x8437, 0x8437, 
	0x8437, 0x8437, 0x8437, 0x8437, 0x8437, 0x8437, 0x8437, 0x8437, 0x8437, 0x8437, 0x8437, 0x8437, 0x8437, 0x8437, 0x8437, 0x8437, 
	0x8437, 0x8437, 0x8437, 0x8437, 0x8437, 0x8437, 0x8437, 0x8437, 0x8437, 0x8437, 0x8437, 0x8437, 0x8437, 0x8437, 0x8437, 0x8437, 
	0x8437, 0x8437, 0x8437, 0x8437, 0x8437, 0x8437, 0x8437, 0x8437, 0x8437, 0x8437, 0x8437, 0x8437, 0x8437, 0x8457, 0x8c37, 0x8437, 
	0x8437, 0x8437, 0x8c37, 0x8437, 0x8c37, 0x8437, 0x8c37, 0x8457, 0x8457, 0x8437, 0x8c37, 0x8437, 0x8437, 0x8c57, 0x8457, 0x8437, 
	0x8437, 0x8437, 0x8c37, 0x8c37, 0x8c37, 0x8c37, 0x8c57, 0x8c57, 0x8457, 0x8c57, 0x8c57, 0x8c57, 0x8c37, 0x8c57, 0x8c37, 0x8457, 
	0x8436, 0x8437, 0x8436, 0x8436, 0x8436, 0x8436, 0x8437, 0x8436, 0x8437, 0x8436, 0x8436, 0x8437, 0x8437, 0x8436, 0x8436, 0x8437, 
	0x8436, 0x8436, 0x8437, 0x8436, 0x8437, 0x8437, 0x8436, 0x8437, 0x8436, 0x8437, 0x8437, 0x8436, 0x8437, 0x8437, 0x8437, 0x8437, 
	0x8437, 0x8437, 0x8437, 0x8437, 0x8437, 0x8437, 0x8437, 0x8437, 0x8437, 0x8437, 0x8437, 0x8437, 0x8437, 0x8437, 0x8437, 0x8437, 
	0x8437, 0x8437, 0x8437, 0x8437, 0x8437, 0x8437, 0x8437, 0x8437, 0x8437, 0x8437, 0x8437, 0x8437, 0x8437, 0x8437, 0x8437, 0x8437, 
	0x8437, 0x8437, 0x8437, 0x8437, 0x8437, 0x8437, 0x8437, 0x8437, 0x8437, 0x8437, 0x8437, 0x8437, 0x8437, 0x8437, 0x8437, 0x8437, 
	0x8437, 0x8437, 0x8437, 0x8437, 0x8c37, 0x8437, 0x8c37, 0x8c37, 0x8437, 0x8437, 0x8437, 0x8437, 0x8437, 0x8437, 0x8437, 0x8437, 
	0x8457, 0x8437, 0x8437, 0x8437, 0x8c57, 0x8457, 0x8437, 0x8437, 0x8457, 0x8c57, 0x8c37, 0x8c57, 0x8437, 0x8c57, 0x8c57, 0x8457, 
	0x8457, 0x8c57, 0x8c57, 0x8c37, 0x8c57, 0x8c37, 0x8c57, 0x8c57, 0x8c57, 0x8c57, 0x8c57, 0x8c57, 0x8c57, 0x8c57, 0x8c57, 0x8c57, 
	0x8c57, 0x8c57, 0x8c57, 0x8c57, 0x8c57, 0x8c57, 0x8c57, 0x8c57, 0x8c57, 0x8c57, 0x8c57, 0x8c57, 0x8c57, 0x8c57, 0x8c57, 0x8c57, 
	0x8c57, 0x8c57, 0x8c57, 0x8c57, 0x8c57, 0x8c57, 0x8c57, 0x8c57, 0x8c57, 0x8c57, 0x8c57, 0x8c57, 0x8c57, 0x8c57, 0x8c57, 0x8c57, 
	0x8437, 0x8437, 0x8437, 0x8437, 0x8437, 0x8437, 0x8437, 0x8437, 0x8437, 0x8437, 0x8437, 0x8437, 0x8437, 0x8437, 0x8437, 0x8437, 
	0x8437, 0x8437, 0x8437, 0x8437, 0x8437, 0x8437, 0x8437, 0x8437, 0x8437, 0x8437, 0x8437, 0x8437, 0x8437, 0x8437, 0x8437, 0x8437, 
	0x8437, 0x8437, 0x8437, 0x8437, 0x8437, 0x8437, 0x8437, 0x8437, 0x8437, 0x8437, 0x8437, 0x8437, 0x8437, 0x8c37, 0x8437, 0x8437, 
	0x8c37, 0xffff, 0x8437, 0x8437, 0x8437, 0x8437, 0x8457, 0x8437, 0x8437, 0x8c37, 0x8437, 0x8437, 0x8457, 0x8437, 0x8437, 0x8437, 
	0x8437, 0x8c57, 0x8c37, 0x8457, 0x8457, 0x8c57, 0x8c37, 0x8c57, 0x8457, 0x8c37, 0x8c57, 0x8457, 0x8c57, 0x8c37, 0x8c57, 0x8c37, 
	0x8437, 0x8457, 0x8c57, 0x8c57, 0x8c57, 0x8c57, 0x8c57, 0x8c57, 0x8c57, 0x8c57, 0x8c57, 0x8c57, 0x8c57, 0x8c57, 0x8c57, 0x8c57, 
	0x8c57, 0x8c57, 0x8c57, 0x8c57, 0x8c57, 0x8c57, 0x8c57, 0x8c57, 0x8c57, 0x8c57, 0x8c57, 0x8c57, 0x8c57, 0x8c57, 0x8c57, 0x8c57, 
	0x8c57, 0x8c57, 0x8c57, 0x8c57, 0x8c57, 0x8c57, 0x8c57, 0x8c57, 0x8c57, 0x8c57, 0x8c57, 0x8c57, 0x8c57, 0x8c57, 0x8c57, 0x8c57, 
	0x8c57, 0x8c57, 0x8c57, 0x8c57, 0x8c57, 0x8c57, 0x8c57, 0x8c57, 0x8c57, 0x8c57, 0x8c57, 0x8c57, 0x8c57, 0x8c57, 0x8c57, 0x8c57, 
	0x8c57, 0x8c57, 0x8c57, 0x8c57, 0x8c57, 0x8c57, 0x8c57, 0x8c57, 0x8c57, 0x8c57, 0x8c57, 0x8c57, 0x8c57, 0x8c57, 0x8c57, 0x8c57, 
	0x8437, 0x8437, 0x8437, 0x8437, 0x8437, 0x8437, 0x8437, 0x8c37, 0x8457, 0x8437, 0x8437, 0x8437, 0x8437, 0x8437, 0x8457, 0x8457, 
	0x8437, 0x8c57, 0x8437, 0x8437, 0x8c57, 0x8437, 0x8457, 0x8437, 0x8437, 0x2945, 0x8457, 0x8c57, 0x8c57, 0x8457, 0x8437, 0x8c57, 
	0x8457, 0x8437, 0x8c57, 0x8c57, 0x8c57, 0x8c57, 0x8437, 0x8c57, 0x8c57, 0x8c57, 0x8c57, 0x8c37, 0x8c57, 0x8c57, 0x8c57, 0x8c57, 
	0x8c57, 0x8c57, 0x8c57, 0x8c57, 0x8c57, 0x8c57, 0x8c57, 0x8c57, 0x8c57, 0x8c57, 0x8c57, 0x8c57, 0x8c57, 0x8c57, 0x8c57, 0x8c57, 
	0x8c57, 0x8c57, 0x8c57, 0x8c57, 0x8c57, 0x8c57, 0x8c57, 0x8c57, 0x8c57, 0x8c57, 0x8c57, 0x8c57, 0x8c57, 0x8c57, 0x8c57, 0x8c57, 
	0x8c57, 0x8c57, 0x8c57, 0x8c57, 0x8c57, 0x8c57, 0x8c57, 0x8c57, 0x8c57, 0x8c57, 0x8c57, 0x8c57, 0x8c57, 0x8c57, 0x8c57, 0x8c57, 
	0x8c57, 0x8c57, 0x8c57, 0x8c57, 0x8c57, 0x8c57, 0x8c57, 0x8c57, 0x8c57, 0x8c57, 0x8c57, 0x8c57, 0x8c57, 0x8c57, 0x8c57, 0x8c57, 
	0x8c57, 0x8c57, 0x8c57, 0x8c57, 0x8c57, 0x8c57, 0x8c57, 0x8c57, 0x8c57, 0x8c57, 0x8c57, 0x8c57, 0x8c57, 0x8c57, 0x8c57, 0x8c57, 
	0x8c57, 0x8c57, 0x8c57, 0x8c57, 0x8c57, 0x8c57, 0x8c57, 0x8c57, 0xffff, 0x8c57, 0x8c57, 0x8c57, 0x8c57, 0x8c57, 0x8c57, 0x8c57, 
	0x8c57, 0x8c57, 0x8c57, 0x8c57, 0x8c57, 0x8c57, 0x8c57, 0x8c57, 0x8c57, 0x8c57, 0x8c57, 0x8c57, 0x8c57, 0x8c57, 0x8c57, 0x8c57, 
	0x8c57, 0x8457, 0x8c57, 0x8c57, 0x8457, 0x8c57, 0x8c57, 0x8c57, 0x8c57, 0x8c57, 0x8c57, 0x8c57, 0x8c57, 0x8c57, 0x8c57, 0x8c57, 
	0x8c57, 0x8c57, 0x8c57, 0x8c57, 0x8c57, 0x8c57, 0x8c57, 0x8c57, 0x8c57, 0x8c57, 0x8c57, 0x8c57, 0x8c57, 0x8c57, 0x8c57, 0x8c57, 
	0x8c57, 0x8c57, 0x8c57, 0x8c57, 0x8c57, 0x8c57, 0x8c57, 0x8c57, 0x8c57, 0x8c57, 0x8c57, 0x8c57, 0x8c57, 0x8c57, 0x8c57, 0x8c57, 
	0x8c57, 0x8c57, 0x8c57, 0x8c57, 0x8c57, 0x8c57, 0x8c57, 0x8c57, 0x8c57, 0x8c57, 0x8c57, 0x8c57, 0x8c57, 0x8c57, 0x8c57, 0x8c57, 
	0x8c57, 0x8c57, 0x8c57, 0x8c57, 0x8c57, 0x8c57, 0x8c57, 0x8c57, 0x8c57, 0x8c57, 0x8c57, 0x8c57, 0x8c57, 0x8c57, 0x8c57, 0x8c57, 
	0x8c57, 0x8c57, 0x8c57, 0x8c57, 0x8c57, 0x8c57, 0x8c57, 0x8c57, 0x8c57, 0x8c57, 0x8c57, 0x8c57, 0x8c57, 0x8c57, 0x8c57, 0x8c57, 
	0x8c57, 0x8c57, 0x8c57, 0x8c57, 0x8c57, 0x8c57, 0x8c57, 0x8c57, 0x8c57, 0x8c57, 0x8c57, 0x8c57, 0x8c57, 0x8c57, 0x8c57, 0x8c57, 
	0x8c57, 0x8c57, 0x8c57, 0x8c57, 0x8c57, 0x8c57, 0x8c57, 0x8c57, 0x8c57, 0x8c57, 0x8c77, 0x8c57, 0x8c57, 0x8c57, 0x8c77, 0x8c57, 
	0x8c57, 0x8c57, 0x8c57, 0x8c57, 0x8c57, 0x8c77, 0x8c57, 0x8c57, 0x8c77, 0x8c57, 0x8c57, 0x8c77, 0x8c77, 0x8c77, 0x8c57, 0x8c57, 
	0x8c57, 0x8c77, 0x8c57, 0x8c77, 0x8c77, 0x8c57, 0x8c77, 0x8c77, 0x8c77, 0x8c77, 0x8c77, 0x8c77, 0x8c77, 0x8c77, 0x8c57, 0x8c77, 
	0x8c57, 0x8c57, 0x8c57, 0x8c57, 0x8c57, 0x8c57, 0x8c57, 0x8c57, 0x8c57, 0x8c57, 0x8c57, 0x8c57, 0x8c57, 0x8c57, 0x8c57, 0x8c57, 
	0x8c57, 0x8c57, 0x8c57, 0x8c57, 0x8c57, 0x8c57, 0x8c57, 0x8c57, 0x8c57, 0x8c57, 0x8c57, 0x8c57, 0x8c57, 0x8c57, 0x8c57, 0x8c57, 
	0x8c57, 0x8c57, 0x8c57, 0x8c57, 0x8c57, 0x8c57, 0x8c57, 0x8c57, 0x8c57, 0x8c57, 0x8c57, 0x8c57, 0x8c57, 0x8c57, 0x8c57, 0x8c57, 
	0x8c57, 0x8c57, 0x8c57, 0x8c57, 0x8c57, 0x8c57, 0x8c57, 0x8c57, 0x8c57, 0x8c57, 0x8c57, 0x8c57, 0x8c57, 0x8c57, 0x8c57, 0x8c57, 
	0x8c57, 0x8c57, 0x8c57, 0x8c57, 0x8c57, 0x8c57, 0x8c57, 0x8c57, 0x8c57, 0x8c57, 0x8c57, 0x8c57, 0x8c57, 0x8c57, 0x8c57, 0x8c57, 
	0x8c57, 0x8c57, 0x8c57, 0x8c57, 0x8c57, 0x8c57, 0x8c77, 0x8c57, 0x8c57, 0x8c57, 0x8c57, 0x8c57, 0x8c57, 0x8c57, 0x8c57, 0x8c77, 
	0x8c77, 0x8c57, 0x8c57, 0x8c77, 0x8c57, 0x8c57, 0x8c77, 0x8c77, 0x8c77, 0x8c77, 0x8c57, 0x8c57, 0x8c57, 0x8c77, 0x8c57, 0x8c77, 
	0x8c77, 0x8c77, 0x8c57, 0x8c57, 0x8c77, 0x8c77, 0x8c77, 0x8c57, 0x8c77, 0x8c77, 0x8c77, 0x8c77, 0x8c77, 0x8c77, 0x8c77, 0x8c77, 
	0x8c77, 0x8c77, 0x8c77, 0x8c77, 0x8c77, 0x8c77, 0x8c77, 0x8c77, 0x8c77, 0x8c77, 0x8c77, 0x8c77, 0x8c77, 0x8c77, 0x8c77, 0x8c77, 
	0x8c77, 0x8c77, 0x8c77, 0x8c78, 0x8c77, 0x8c77, 0x8c77, 0x8c78, 0x8c78, 0x8c78, 0x8c78, 0x8c77, 0x8c77, 0x8c78, 0x8c77, 0x8c78, 
	0x8c57, 0x8c57, 0x8c57, 0x8c57, 0x8c57, 0x8c57, 0x8c57, 0x8c57, 0x8c57, 0x8c57, 0x8c57, 0x8c57, 0x8c57, 0x8c57, 0x8c57, 0x8c57, 
	0x8c57, 0x8c57, 0x8c57, 0x8c57, 0x8c57, 0x8c57, 0x8c57, 0x8c57, 0x8c57, 0x8c57, 0x8c57, 0x8c57, 0x8c57, 0x8c57, 0x8c57, 0x8c57, 
	0x8c57, 0x8c57, 0x8c57, 0x8c57, 0x8c57, 0x8c57, 0x8c57, 0x8c57, 0x8c57, 0x8c57, 0x8c57, 0x8c57, 0x8c57, 0x8c77, 0x8c57, 0x8c57, 
	0x8c57, 0x8c57, 0x8c57, 0x8c57, 0x8c57, 0x8c77, 0x8c77, 0x8c77, 0x8c57, 0x8c57, 0x8c57, 0x8c57, 0x8c77, 0x8c77, 0x8c57, 0x8c77, 
	0x8c77, 0x8c77, 0x8c77, 0x8c77, 0x8c77, 0x8c77, 0x8c77, 0x8c77, 0x8c77, 0x8c77, 0x8c77, 0x8c77, 0x8c77, 0x8c77, 0x8c77, 0x8c77, 
	0x8c77, 0x8c77, 0x8c77, 0x8c77, 0x8c77, 0x8c77, 0x8c77, 0x8c77, 0x8c77, 0x8c77, 0x8c77, 0x8c77, 0x8c77, 0x8c77, 0x8c77, 0x8c77, 
	0x8c77, 0x8c77, 0x8c77, 0x8c77, 0x8c77, 0x8c77, 0x8c77, 0x8c77, 0x8c77, 0x8c78, 0x8c77, 0x8c77, 0x8c77, 0x8c77, 0x8c78, 0x8c77, 
	0x8c78, 0x8c78, 0x8c77, 0x8c77, 0x8c78, 0x8c77, 0x8c77, 0x8c78, 0x8c77, 0x8c78, 0x8c78, 0x8c78, 0x8c77, 0x8c77, 0x8c78, 0x8c78, 
	0x8c77, 0x8c77, 0x8c77, 0x8c78, 0x8c78, 0x8c78, 0x8c78, 0x8c77, 0x8c78, 0x8c78, 0x8c78, 0x8c78, 0x8c77, 0x8c78, 0x8c78, 0x8c78, 
	0x8c78, 0x8c78, 0x8c78, 0x8c78, 0x8c78, 0x8c78, 0x8c78, 0x8c78, 0x8c78, 0x8c78, 0x8c78, 0x8c78, 0x8c78, 0x8c78, 0x8c78, 0x8c78, 
	0x8c57, 0x8c57, 0x8c57, 0x8c57, 0x8c77, 0x8c57, 0x8c57, 0x8c57, 0x8c57, 0x8c57, 0x8c57, 0x8c57, 0x8c57, 0x8c57, 0x8c57, 0x8c57, 
	0x8c57, 0x8c57, 0x8c57, 0x8c77, 0x8c57, 0x8c57, 0x8c57, 0x8c57, 0x8c77, 0x8c77, 0x8c57, 0x8c77, 0x8c57, 0x8c57, 0x8c57, 0x8c57, 
	0x8c77, 0x8c77, 0x8c77, 0x8c77, 0x8c77, 0x8c77, 0x8c77, 0x8c77, 0x8c77, 0x8c77, 0x8c77, 0x8c77, 0x8c77, 0x8c77, 0x8c77, 0x8c77, 
	0x8c77, 0x8c77, 0x8c77, 0x8c77, 0x8c77, 0x8c77, 0x8c77, 0x8c77, 0x8c77, 0x8c77, 0x8c77, 0x8c77, 0x8c77, 0x8c77, 0x8c77, 0x8c77, 
	0x8c77, 0x8c77, 0x8c77, 0x8c77, 0x8c77, 0x8c77, 0x8c77, 0x8c77, 0x8c77, 0x8c77, 0x8c77, 0x8c77, 0x8c77, 0x8c78, 0x8c77, 0x8c78, 
	0x8c77, 0x8c77, 0x8c77, 0x8c78, 0x8c78, 0x8c78, 0x8c77, 0x8c77, 0x8c78, 0x8c78, 0x8c77, 0x8c78, 0x8c78, 0x8c78, 0x8c78, 0x8c77, 
	0x8c78, 0x8c78, 0x8c78, 0x8c78, 0x8c78, 0x8c78, 0x8c78, 0x8c78, 0x8c78, 0x8c78, 0x8c78, 0x8c78, 0x8c78, 0x8c78, 0x8c78, 0x8c78, 
	0x8c78, 0x8c78, 0x8c78, 0x8c78, 0x8c78, 0x8c78, 0x8c78, 0x8c78, 0x8c78, 0x8c78, 0x8c78, 0x8c78, 0x8c78, 0x8c78, 0x8c78, 0x8c78, 
	0x8c78, 0x8c78, 0x8c78, 0x8c78, 0x8c78, 0x8c78, 0x8c78, 0x8c78, 0x8c78, 0x8c78, 0x8c78, 0x8c78, 0x8c78, 0x8c78, 0x8c78, 0x8c78, 
	0x8c78, 0x8c78, 0x8c78, 0x8c78, 0x8c78, 0x8c78, 0x8c78, 0x8c78, 0x8c78, 0x8c78, 0x8c78, 0x8c78, 0x8c78, 0x8c78, 0x8c78, 0x8c78, 
	0x8c77, 0x8c77, 0x8c57, 0x8c77, 0x8c77, 0x8c77, 0x8c77, 0x8c77, 0x8c77, 0x8c77, 0x8c77, 0x8c77, 0x8c77, 0x8c77, 0x8c77, 0x8c77, 
	0x8c77, 0x8c77, 0x8c77, 0x8c77, 0x8c77, 0x8c77, 0x8c77, 0x8c77, 0x8c77, 0x8c77, 0x8c77, 0x8c77, 0x8c77, 0x8c77, 0x8c77, 0x8c77, 
	0x8c77, 0x8c77, 0x8c78, 0x8c78, 0x8c77, 0x8c77, 0x8c77, 0x8c77, 0x8c78, 0x8c78, 0x8c77, 0x8c78, 0x8c77, 0x8c78, 0x8c77, 0x8c77, 
	0x8c77, 0x8c77, 0x8c78, 0x8c78, 0x8c78, 0x8c78, 0x8c78, 0x8c78, 0x8c78, 0x8c78, 0x8c78, 0x8c78, 0x8c77, 0x8c78, 0x8c78, 0x8c78, 
	0x8c78, 0x8c78, 0x8c78, 0x8c78, 0x8c78, 0x8c78, 0x8c78, 0x8c78, 0x8c78, 0x8c78, 0x8c78, 0x8c78, 0x8c78, 0x8c78, 0x8c78, 0x8c78, 
	0x8c78, 0x8c78, 0x8c78, 0x8c78, 0x8c78, 0x8c78, 0x8c78, 0x8c78, 0x8c78, 0x8c78, 0x8c78, 0x8c78, 0x8c78, 0x8c78, 0x8c78, 0x8c78, 
	0x8c78, 0x8c78, 0x8c78, 0x8c78, 0x8c78, 0x8c78, 0x8c78, 0x8c78, 0x8c78, 0x8c78, 0x8c78, 0x8c78, 0x8c78, 0x8c78, 0x8c78, 0x8c78, 
	0x8c78, 0x8c78, 0x8c78, 0x8c78, 0x8c78, 0x8c78, 0x8c78, 0x8c78, 0x8c78, 0x8c78, 0x8c78, 0x8c78, 0x8c78, 0x8c78, 0x9478, 0x8c78, 
	0x8c78, 0x8c78, 0x9478, 0x9498, 0x9498, 0x9498, 0x8c78, 0x8c98, 0x8c78, 0x9498, 0x8c78, 0x9478, 0x9498, 0x9478, 0x9478, 0x8c98, 
	0x9498, 0x9498, 0x9498, 0x8c78, 0x9498, 0x8c78, 0x9498, 0x9498, 0x9498, 0x9478, 0x9498, 0x9498, 0x9498, 0x9498, 0x9498, 0x9498, 
	0x8c77, 0x8c78, 0x8c77, 0x8c77, 0x8c78, 0x8c77, 0x8c77, 0x8c77, 0x8c77, 0x8c77, 0x8c78, 0x8c77, 0x8c78, 0x8c78, 0x8c78, 0x8c78, 
	0x8c78, 0x8c78, 0x8c78, 0x8c77, 0x8c78, 0x8c77, 0x8c78, 0x8c78, 0x8c78, 0x8c78, 0x8c78, 0x8c78, 0x8c78, 0x8c78, 0x8c78, 0x8c78, 
	0x8c78, 0x8c78, 0x8c78, 0x8c78, 0x8c78, 0x8c78, 0x8c78, 0x8c78, 0x8c78, 0x8c78, 0x8c78, 0x8c78, 0x8c78, 0x8c78, 0x8c78, 0x8c78, 
	0x8c78, 0x8c78, 0x8c78, 0x8c78, 0x8c78, 0x8c78, 0x8c78, 0x8c78, 0x8c78, 0x8c78, 0x8c78, 0x8c78, 0x8c78, 0x8c78, 0x8c78, 0x8c78, 
	0x8c78, 0x8c78, 0x8c78, 0x8c78, 0x8c78, 0x8c78, 0x8c78, 0x8c78, 0x8c78, 0x8c78, 0x8c78, 0x8c78, 0x8c78, 0x8c78, 0x8c78, 0x8c78, 
	0x8c78, 0x8c78, 0x8c78, 0x8c78, 0x8c78, 0x8c78, 0x8c98, 0x8c78, 0x8c78, 0x8c78, 0x8c78, 0x9478, 0x8c98, 0x8c78, 0x9478, 0x8c78, 
	0x8c98, 0x9498, 0x9478, 0x8c98, 0x9498, 0x8c78, 0x8c78, 0x9498, 0x8c78, 0x9478, 0x9478, 0x8c98, 0x9498, 0x9478, 0x9498, 0x9498, 
	0x8c98, 0x9498, 0x9498, 0x9498, 0x8c98, 0x8c98, 0x9498, 0x9498, 0x9498, 0x9498, 0x9498, 0x9498, 0x9498, 0x9498, 0x9498, 0x9498, 
	0x9498, 0x9498, 0x9498, 0x9498, 0x9498, 0x9498, 0x9498, 0x9498, 0x9498, 0x9498, 0x9498, 0x9498, 0x9498, 0x9498, 0x9498, 0x9498, 
	0x9498, 0x9498, 0x9498, 0x9498, 0x9498, 0x9498, 0x9498, 0x9498, 0x9498, 0x9498, 0x9498, 0x9498, 0x9498, 0x9498, 0x9498, 0x9498, 
	0x8c78, 0x8c78, 0x8c78, 0x8c78, 0x8c78, 0x8c78, 0x8c78, 0x8c78, 0x8c78, 0x8c78, 0x8c78, 0x8c78, 0x8c78, 0x8c78, 0x8c78, 0x8c78, 
	0x8c78, 0x8c78, 0x8c78, 0x8c78, 0x8c78, 0x8c78, 0x8c78, 0x8c78, 0x8c78, 0x8c78, 0x8c78, 0x8c78, 0x8c78, 0x8c78, 0x8c78, 0x8c78, 
	0x8c78, 0x8c78, 0x8c78, 0x8c78, 0x8c78, 0x8c78, 0x8c78, 0x8c78, 0x8c78, 0x8c78, 0x8c78, 0x8c78, 0x8c78, 0x8c78, 0x8c78, 0x8c78, 
	0x8c78, 0x8c78, 0x8c98, 0x8c78, 0x8c78, 0x9498, 0x9498, 0x8c98, 0x8c78, 0x9478, 0x8c78, 0x8c78, 0x8c98, 0x8c98, 0x9498, 0x8c78, 
	0x9498, 0x9498, 0x9478, 0x8c98, 0x9498, 0x9478, 0x8c98, 0x9478, 0x9498, 0x9498, 0x9498, 0x9498, 0x8c98, 0x9498, 0x9498, 0x9498, 
	0x9498, 0x9498, 0x9498, 0x9498, 0x9498, 0x9498, 0x9498, 0x9498, 0x9498, 0x9498, 0x630c, 0x9498, 0x9498, 0x9498, 0x9498, 0x9498, 
	0x9498, 0x9498, 0x9498, 0x9498, 0x9498, 0x9498, 0x9498, 0x9498, 0x9498, 0x9498, 0x9498, 0x9498, 0x9498, 0x9498, 0x9498, 0x9498, 
	0x9498, 0x9498, 0x9498, 0x9498, 0x9498, 0x9498, 0x9498, 0x9498, 0x9498, 0x9498, 0x9498, 0x9498, 0x9498, 0x9498, 0x9498, 0x9498, 
	0x9498, 0x9498, 0x9498, 0x9498, 0x9498, 0x9498, 0x9498, 0x9498, 0x9498, 0x9498, 0x9498, 0x9498, 0x9498, 0x9498, 0x9498, 0x9498, 
	0x9498, 0x9498, 0x9498, 0x9498, 0x9498, 0x9498, 0x9498, 0x9498, 0x9498, 0x9498, 0x9498, 0x9498, 0x9498, 0x9498, 0x9498, 0x9498, 
	0x8c78, 0x8c78, 0x8c78, 0x8c78, 0x8c78, 0x8c78, 0x8c78, 0x8c98, 0x8c78, 0x8c78, 0x8c78, 0x8c78, 0x9478, 0x9478, 0x8c98, 0x9498, 
	0x8c78, 0x8c78, 0x9478, 0x9478, 0x9478, 0x9498, 0x9478, 0x8c98, 0x9478, 0x9478, 0x8c78, 0x8c98, 0x9498, 0x9478, 0x8c98, 0x8c78, 
	0x8c98, 0x9498, 0x9478, 0x8c98, 0x9498, 0x9498, 0x9498, 0x9498, 0x9498, 0x9498, 0x9498, 0x9498, 0x9498, 0x9498, 0x9498, 0x9498, 
	0x9498, 0x9498, 0x9498, 0x9498, 0x9498, 0x9498, 0x9498, 0x9498, 0x9498, 0x9498, 0x9498, 0x9498, 0x9498, 0x9498, 0x9498, 0x9498, 
	0x9498, 0x9498, 0x9498, 0x9498, 0x9498, 0x9498, 0x9498, 0x9498, 0x9498, 0x9498, 0x9498, 0x9498, 0x9498, 0x9498, 0x9498, 0x9498, 
	0x9498, 0x9498, 0x9498, 0x9498, 0x9498, 0x9498, 0x9498, 0x9498, 0x9498, 0x9498, 0x9498, 0x9498, 0x9498, 0x9498, 0x9498, 0x9498, 
	0x9498, 0x9498, 0x9498, 0x9498, 0x9498, 0x9498, 0x9498, 0x9498, 0x9498, 0x9498, 0x9498, 0x9498, 0x9498, 0x9498, 0x9498, 0x9498, 
	0x9498, 0x9498, 0x9498, 0x9498, 0x9498, 0x9498, 0x9498, 0x9498, 0x9498, 0x9498, 0x9498, 0x9498, 0x9498, 0x9498, 0x9498, 0x9498, 
	0x9498, 0x9498, 0x9498, 0x9498, 0x9498, 0x9498, 0x9498, 0x9498, 0x9498, 0x9498, 0x9498, 0x9498, 0x9498, 0x9498, 0x9498, 0x9498, 
	0x9498, 0x9498, 0x9498, 0x9498, 0x9498, 0x9498, 0x9498, 0x9498, 0x9498, 0x9498, 0x9498, 0x9498, 0x9498, 0x9498, 0x94b8, 0x9498, 
	0x9478, 0x9498, 0x9498, 0x9498, 0x9498, 0x9498, 0x9498, 0x9498, 0x9498, 0x9498, 0x9498, 0x9498, 0x9498, 0x9498, 0x9498, 0x9498, 
	0x9498, 0x9498, 0x9498, 0x9498, 0x9498, 0x9498, 0x9498, 0x9498, 0x9498, 0x9498, 0x9498, 0x9498, 0x9498, 0x9498, 0x9498, 0x9498, 
	0x9498, 0x9498, 0x9498, 0x9498, 0x9498, 0x9498, 0x9498, 0x9498, 0x9498, 0x9498, 0x9498, 0x9498, 0x9498, 0x9498, 0x9498, 0x9498, 
	0x9498, 0x9498, 0x9498, 0x9498, 0x9498, 0x9498, 0x9498, 0x9498, 0x9498, 0x9498, 0x9498, 0x9498, 0x9498, 0x9498, 0x9498, 0x9498, 
	0x9498, 0x9498, 0x9498, 0x9498, 0x9498, 0x9498, 0x9498, 0x9498, 0x9498, 0x9498, 0x9498, 0x9498, 0x9498, 0x9498, 0x9498, 0x9498, 
	0x9498, 0x9498, 0x9498, 0x9498, 0x9498, 0x9498, 0x9498, 0x9498, 0x9498, 0x9498, 0x9498, 0x9498, 0x9498, 0x9498, 0x9498, 0x9498, 
	0x9498, 0x9498, 0x9498, 0x9498, 0x9498, 0x9498, 0x9498, 0x9498, 0x9498, 0x9498, 0x9498, 0x9498, 0x9498, 0x9498, 0x9498, 0x9498, 
	0x9498, 0x9498, 0x9498, 0x9498, 0x9498, 0x9498, 0x9498, 0x9498, 0x9498, 0x94b8, 0x9498, 0x9498, 0x9498, 0x9498, 0x9498, 0x9498, 
	0x94b8, 0x9498, 0x94b8, 0x94b8, 0x94b8, 0x9498, 0x9498, 0x94b8, 0x9498, 0x9498, 0x9498, 0x94b8, 0x9498, 0x94b8, 0x9498, 0x94b8, 
	0x94b8, 0x9498, 0x9498, 0x9498, 0x94b8, 0x94b8, 0x9498, 0x94b8, 0x94b8, 0x94b8, 0x94b8, 0x9498, 0x94b8, 0x94b8, 0x94b8, 0x94b8, 
	0x9498, 0x9498, 0x9498, 0x9498, 0x9498, 0x9498, 0x9498, 0x9498, 0x9498, 0x9498, 0x9498, 0x9498, 0x9498, 0x9498, 0x9498, 0x9498, 
	0x9498, 0x9498, 0x9498, 0x9498, 0x9498, 0x9498, 0x9498, 0x9498, 0x9498, 0x9498, 0x9498, 0x9498, 0x9498, 0x9498, 0x9498, 0x9498, 
	0x9498, 0x9498, 0x9498, 0x9498, 0x9498, 0x9498, 0x9498, 0x9498, 0x9498, 0x9498, 0x9498, 0x9498, 0x9498, 0x9498, 0x9498, 0x9498, 
	0x9498, 0x9498, 0x9498, 0x9498, 0x9498, 0x9498, 0x9498, 0x9498, 0x9498, 0x9498, 0x9498, 0x9498, 0x9498, 0x9498, 0x9498, 0x9498, 
	0x9498, 0x9498, 0x9498, 0x9498, 0x9498, 0x9498, 0x9498, 0x9498, 0x9498, 0x9498, 0x9498, 0x9498, 0x9498, 0x9498, 0x9498, 0x9498, 
	0x9498, 0x9498, 0x9498, 0x9498, 0x9498, 0x9498, 0x9498, 0x9498, 0x9498, 0x9498, 0x9498, 0x9498, 0x9498, 0x94b8, 0x94b8, 0x9498, 
	0x94b8, 0x94b8, 0x9498, 0x94b8, 0x94b8, 0x9498, 0x9498, 0x9498, 0x9498, 0x94b8, 0x9498, 0x94b8, 0x9498, 0x94b8, 0x94b8, 0x94b8, 
	0x94b8, 0x94b8, 0x94b8, 0x94b8, 0x94b8, 0x94b8, 0x94b8, 0x94b8, 0x94b8, 0x94b8, 0x94b8, 0x94b8, 0x94b8, 0x94b8, 0x94b8, 0x94b8, 
	0x94b8, 0x94b8, 0x94b8, 0x94b8, 0x94b8, 0x94b8, 0x94b8, 0x94b8, 0x94b8, 0x94b8, 0x94b8, 0x94b8, 0x94b8, 0x94b8, 0x94b9, 0x94b8, 
	0x94b8, 0x94b8, 0x94b8, 0x94b8, 0x94b8, 0x94b9, 0x94b9, 0x94b9, 0x94b9, 0x94b8, 0x94b9, 0x94b8, 0x94b8, 0x94b9, 0x94b8, 0x94b9, 
	0x9498, 0x9498, 0x9498, 0x9498, 0x9498, 0x9498, 0x9498, 0x9498, 0x9498, 0x9498, 0x9498, 0x9498, 0x9498, 0x9498, 0x9498, 0x9498, 
	0x9498, 0x9498, 0x9498, 0x9498, 0x9498, 0x9498, 0x9498, 0x9498, 0x9498, 0x9498, 0x9498, 0x9498, 0x9498, 0x9498, 0x9498, 0x9498, 
	0x9498, 0x9498, 0x9498, 0x9498, 0x9498, 0x9498, 0x9498, 0x9498, 0x9498, 0x9498, 0x9498, 0x9498, 0x9498, 0x9498, 0x9498, 0x9498, 
	0x9498, 0x9498, 0x9498, 0x94b8, 0x9498, 0x9498, 0x94b8, 0x94b8, 0x9498, 0x9498, 0x9498, 0x9498, 0x94b8, 0x94b8, 0x94b8, 0x94b8, 
	0x9498, 0x94b8, 0x94b8, 0x9498, 0x9498, 0x94b8, 0x94b8, 0x94b8, 0x94b8, 0x94b8, 0x94b8, 0x9498, 0x94b8, 0x94b8, 0x94b8, 0x94b8, 
	0x94b8, 0x94b8, 0x94b8, 0x94b8, 0x94b8, 0x94b8, 0x94b8, 0x94b8, 0x94b8, 0x94b8, 0x94b8, 0x94b8, 0x94b8, 0x94b8, 0x94b8, 0x94b8, 
	0x94b8, 0x94b8, 0x94b8, 0x94b8, 0x94b8, 0x94b9, 0x94b8, 0x94b9, 0x94b8, 0x94b9, 0x94b8, 0x94b9, 0x94b9, 0x94b8, 0x94b9, 0x94b9, 
	0x94b9, 0x94b8, 0x94b9, 0x94b8, 0x94b8, 0x94b9, 0x94b9, 0x94b8, 0x94b9, 0x94b9, 0x94b9, 0x94b9, 0x94b9, 0x94b9, 0x94b9, 0x94b8, 
	0x94b9, 0x94b9, 0x94b9, 0x94b9, 0x94b9, 0x94b9, 0x94b9, 0x94b9, 0x94b9, 0x94b9, 0x94b9, 0x94b9, 0x94b9, 0x94b9, 0x94b9, 0x94b9, 
	0x94b9, 0x94b9, 0x94b9, 0x94b9, 0x94b9, 0x94b9, 0x94b9, 0x94b9, 0x94b9, 0x94b9, 0x94b9, 0x94b9, 0x94b9, 0x94b9, 0x94b9, 0x94b9, 
	0x9498, 0x9498, 0x9498, 0x9498, 0x9498, 0x9498, 0x9498, 0x9498, 0x9498, 0x9498, 0x94b8, 0x9498, 0x9498, 0x9498, 0x9498, 0x9498, 
	0x9498, 0x94b8, 0x9498, 0x9498, 0x94b8, 0x9498, 0x94b8, 0x94b8, 0x9498, 0x9498, 0x9498, 0x94b8, 0x94b8, 0x94b8, 0x94b8, 0x94b8, 
	0x94b8, 0x94b8, 0x94b8, 0x94b8, 0x94b8, 0x94b8, 0x94b8, 0x94b8, 0x94b8, 0x94b8, 0x94b8, 0x94b8, 0x94b8, 0x94b8, 0x94b8, 0x94b8, 
	0x94b8, 0x94b8, 0x94b8, 0x94b8, 0x94b8, 0x94b8, 0x94b8, 0x94b8, 0x94b8, 0x94b8, 0x94b8, 0x94b9, 0x94b8, 0x94b8, 0x94b8, 0x94b8, 
	0x94b8, 0x94b8, 0x94b8, 0x94b8, 0x94b8, 0x94b9, 0x94b9, 0x94b8, 0x94b9, 0x94b8, 0x94b8, 0x94b8, 0x94b8, 0x94b8, 0x94b9, 0x94b8, 
	0x94b9, 0x94b9, 0x94b8, 0x94b9, 0x94b9, 0x94b9, 0x94b8, 0x94b9, 0x94b9, 0x94b9, 0x94b9, 0x94b9, 0x94b9, 0x94b9, 0x94b9, 0x94b9, 
	0x94b9, 0x94b9, 0x94b9, 0x94b9, 0x94b9, 0x94b9, 0x94b9, 0x94b9, 0x94b9, 0x94b9, 0x94b9, 0x94b9, 0x94b9, 0x94b9, 0x94b9, 0x94b9, 
	0x94b9, 0x94b9, 0x94b9, 0x94b9, 0x94b9, 0x94b9, 0x94b9, 0x94b9, 0x94b9, 0x94b9, 0x94b9, 0x94b9, 0x94b9, 0x94b9, 0x94b9, 0x94b9, 
	0x94b9, 0x94b9, 0x94b9, 0x94b9, 0x94b9, 0x94b9, 0x94b9, 0x94b9, 0x94b9, 0x94b9, 0x94b9, 0x94b9, 0x94b9, 0x94b9, 0x94b9, 0x94b9, 
	0x94b9, 0x94b9, 0x94b9, 0x94b9, 0x94b9, 0x94b9, 0x94b9, 0x94b9, 0x94b9, 0x94b9, 0x94b9, 0x94b9, 0x94b9, 0x9cb9, 0x94b9, 0x94d9, 
	0x94b8, 0x94b8, 0x94b8, 0x94b8, 0x94b8, 0x94b8, 0x94b8, 0x94b8, 0x94b8, 0x94b8, 0x94b8, 0x94b8, 0x94b8, 0x94b8, 0x94b8, 0x94b8, 
	0x94b8, 0x94b8, 0x94b8, 0x94b9, 0x94b8, 0x94b8, 0x94b8, 0x94b8, 0x94b8, 0x94b9, 0x94b9, 0x94b8, 0x94b9, 0x94b8, 0x94b9, 0x94b9, 
	0x94b9, 0x94b9, 0x94b9, 0x94b8, 0x94b9, 0x94b8, 0x94b9, 0x94b9, 0x94b9, 0x94b9, 0x94b9, 0x94b8, 0x94b9, 0x94b8, 0x94b9, 0x94b9, 
	0x94b9, 0x94b9, 0x94b9, 0x94b9, 0x94b9, 0x94b9, 0x94b9, 0x94b9, 0x94b9, 0x94b9, 0x94b9, 0x94b9, 0x94b9, 0x94b9, 0x94b9, 0x94b9, 
	0x94b9, 0x94b9, 0x94b9, 0x94b9, 0x94b9, 0x94b9, 0x94b9, 0x94b9, 0x94b9, 0x94b9, 0x94b9, 0x94b9, 0x94b9, 0x94b9, 0x94b9, 0x94b9, 
	0x94b9, 0x94b9, 0x94b9, 0x94b9, 0x94b9, 0x94b9, 0x94b9, 0x94b9, 0x94b9, 0x94b9, 0x94b9, 0x94b9, 0x94b9, 0x94b9, 0x94b9, 0x94b9, 
	0x94b9, 0x94b9, 0x94b9, 0x94b9, 0x94b9, 0x94b9, 0x94b9, 0x94b9, 0x94b9, 0x94b9, 0x94b9, 0x94b9, 0x94b9, 0x94b9, 0x94b9, 0x94b9, 
	0x94b9, 0x94b9, 0x94b9, 0x94b9, 0x94b9, 0x94b9, 0x94b9, 0x94b9, 0x94b9, 0x94b9, 0x94b9, 0x94b9, 0x94b9, 0x94b9, 0x94b9, 0x94b9, 
	0x94d9, 0x94b9, 0x94b9, 0x94b9, 0x94d9, 0x94d9, 0x94b9, 0x9cd9, 0x9cd9, 0x94d9, 0x9cb9, 0x9cd9, 0x94d9, 0x94d9, 0x94d9, 0x94d9, 
	0x94b9, 0x9cb9, 0x9cd9, 0x9cd9, 0x9cb9, 0x94b9, 0x9cb9, 0x9cd9, 0x9cd9, 0x94d9, 0x9cd9, 0x9cd9, 0x9cd9, 0x9cd9, 0x9cd9, 0x9cd9, 
	0x94b9, 0x94b9, 0x94b9, 0x94b9, 0x94b8, 0x94b9, 0x94b8, 0x94b8, 0x94b8, 0x94b9, 0x94b9, 0x94b9, 0x94b9, 0x94b9, 0x94b9, 0x94b9, 
	0x94b9, 0x94b9, 0x94b9, 0x94b9, 0x94b9, 0x94b9, 0x94b9, 0x94b9, 0x94b9, 0x94b9, 0x94b9, 0x94b9, 0x94b9, 0x94b9, 0x94b9, 0x94b9, 
	0x94b9, 0x94b9, 0x94b9, 0x94b9, 0x94b9, 0x94b9, 0x94b9, 0x94b9, 0x94b9, 0x94b9, 0x94b9, 0x94b9, 0x94b9, 0x94b9, 0x94b9, 0x94b9, 
	0x94b9, 0x94b9, 0x94b9, 0x94b9, 0x94b9, 0x94b9, 0x94b9, 0x94b9, 0x94b9, 0x94b9, 0x94b9, 0x94b9, 0x94b9, 0x94b9, 0x94b9, 0x94b9, 
	0x94b9, 0x94b9, 0x94b9, 0x94b9, 0x94b9, 0x94b9, 0x94b9, 0x94b9, 0x94b9, 0x94b9, 0x94b9, 0x94b9, 0x94b9, 0x94b9, 0x94b9, 0x94b9, 
	0x94b9, 0x94b9, 0x94b9, 0x94b9, 0x9cb9, 0x94b9, 0x94b9, 0x9cb9, 0x94d9, 0x9cb9, 0x9cb9, 0x94b9, 0x94b9, 0x94b9, 0x94b9, 0x9cd9, 
	0x94d9, 0x9cd9, 0x94b9, 0x94d9, 0x9cd9, 0x94d9, 0x94b9, 0x94d9, 0x94b9, 0x94b9, 0x9cb9, 0x9cd9, 0x9cd9, 0x9cb9, 0x9cb9, 0x9cd9, 
	0x9cd9, 0x9cd9, 0x9cd9, 0x9cb9, 0x9cd9, 0x9cd9, 0x9cd9, 0x9cd9, 0x9cd9, 0x9cd9, 0x9cd9, 0x9cd9, 0x9cd9, 0x9cd9, 0x9cd9, 0x9cd9, 
	0x9cd9, 0x9cd9, 0x9cd9, 0x9cd9, 0x9cd9, 0x9cd9, 0x9cd9, 0x9cd9, 0x9cd9, 0x9cd9, 0x9cd9, 0x9cd9, 0x9cd9, 0x9cd9, 0x9cd9, 0x9cd9, 
	0x9cd9, 0x9cd9, 0x9cd9, 0x9cd9, 0x9cd9, 0x9cd9, 0x9cd9, 0x9cd9, 0x9cd9, 0x9cd9, 0x9cd9, 0x9cd9, 0x9cd9, 0x9cd9, 0x9cd9, 0x9cd9, 
	0x94b9, 0x94b9, 0x94b9, 0x94b9, 0x94b9, 0x94b9, 0x94b9, 0x94b9, 0x94b9, 0x94b9, 0x94b9, 0x94b9, 0x94b9, 0x94b9, 0x94b9, 0x94b9, 
	0x94b9, 0x94b9, 0x94b9, 0x94b9, 0x94b9, 0x94b9, 0x94b9, 0x94b9, 0x94b9, 0x94b9, 0x94b9, 0x94b9, 0x94b9, 0x94b9, 0x94b9, 0x94b9, 
	0x94b9, 0x94b9, 0x94b9, 0x94b9, 0x94b9, 0x94b9, 0x94b9, 0x94b9, 0x94b9, 0x94b9, 0x94b9, 0x94b9, 0x94b9, 0x94b9, 0x94b9, 0x94b9, 
	0x9cd9, 0x94b9, 0x94b9, 0x94d9, 0x94d9, 0x94b9, 0x94b9, 0x94b9, 0x94b9, 0x94d9, 0x9cb9, 0x94b9, 0x9cb9, 0x9cd9, 0x94b9, 0x94b9, 
	0x94d9, 0x9cb9, 0x94b9, 0x94d9, 0x9cb9, 0x9cd9, 0x9cd9, 0x9cd9, 0x9cd9, 0x9cd9, 0x9cd9, 0x94d9, 0x9cd9, 0x9cd9, 0x9cd9, 0x9cd9, 
	0x9cd9, 0x9cd9, 0x9cd9, 0x9cd9, 0x9cd9, 0x9cd9, 0x9cd9, 0x9cd9, 0x9cd9, 0x9cd9, 0x9cd9, 0x9cd9, 0x9cd9, 0x9cd9, 0x9cd9, 0x9cd9, 
	0x9cd9, 0x9cd9, 0x9cd9, 0x9cd9, 0x9cd9, 0x9cd9, 0x9cd9, 0x9cd9, 0x9cd9, 0x9cd9, 0x9cd9, 0x9cd9, 0x9cd9, 0x9cd9, 0x9cd9, 0x9cd9, 
	0x9cd9, 0x9cd9, 0x9cd9, 0x9cd9, 0x9cd9, 0x9cd9, 0x9cd9, 0x9cd9, 0x9cd9, 0x9cd9, 0x9cd9, 0x9cd9, 0x9cd9, 0x9cd9, 0x9cd9, 0x9cd9, 
	0x9cd9, 0x9cd9, 0x9cd9, 0x9cd9, 0x9cd9, 0x9cd9, 0x9cd9, 0x9cd9, 0x9cd9, 0x9cd9, 0x9cd9, 0x9cd9, 0x9cd9, 0x9cd9, 0x9cd9, 0x9cd9, 
	0x9cd9, 0x9cd9, 0x9cd9, 0x9cd9, 0x9cd9, 0x9cd9, 0x9cd9, 0x9cd9, 0x9cd9, 0x9cd9, 0x9cd9, 0x9cd9, 0x9cd9, 0x9cd9, 0x9cd9, 0x9cd9, 
	0x94b9, 0x94b9, 0x94b9, 0x94b9, 0x94b9, 0x94b9, 0x94b9, 0x94b9, 0x94b9, 0x94b9, 0x9cb9, 0x9cd9, 0x94b9, 0x9cd9, 0x94b9, 0x94d9, 
	0x94d9, 0x94d9, 0x9cd9, 0x94b9, 0x94d9, 0x9cd9, 0x94b9, 0x9cd9, 0x94b9, 0x94d9, 0x9cb9, 0x94d9, 0x9cd9, 0x9cd9, 0x9cb9, 0x9cd9, 
	0x9cd9, 0x9cd9, 0x9cd9, 0x94b9, 0x9cd9, 0x9cd9, 0x9cd9, 0x9cd9, 0x9cd9, 0x9cd9, 0x9cd9, 0x9cd9, 0x9cd9, 0x9cd9, 0x9cd9, 0x9cd9, 
	0x9cd9, 0x9cd9, 0x9cd9, 0x9cd9, 0x9cd9, 0x9cd9, 0x9cd9, 0x9cd9, 0x9cd9, 0x9cd9, 0x9cd9, 0x9cd9, 0x9cd9, 0x9cd9, 0x9cd9, 0x9cd9, 
	0x9cd9, 0x9cd9, 0x9cd9, 0x9cd9, 0x9cd9, 0x9cd9, 0x9cd9, 0x9cd9, 0x9cd9, 0x9cd9, 0x9cd9, 0x9cd9, 0x9cd9, 0x9cd9, 0x9cd9, 0x9cd9, 
	0x9cd9, 0x9cd9, 0x9cd9, 0x9cd9, 0x9cd9, 0x9cd9, 0x9cd9, 0x9cd9, 0x9cd9, 0x9cd9, 0x9cd9, 0x9cd9, 0x9cd9, 0x9cd9, 0x9cd9, 0x9cd9, 
	0x9cd9, 0x9cd9, 0x9cd9, 0x9cd9, 0x9cd9, 0x9cd9, 0x9cd9, 0x9cd9, 0x9cd9, 0x9cd9, 0x9cd9, 0x9cd9, 0x9cd9, 0x9cd9, 0x9cd9, 0x9cd9, 
	0x9cd9, 0x9cd9, 0x9cd9, 0x9cd9, 0x9cd9, 0x9cd9, 0x9cd9, 0x9cd9, 0x9cd9, 0x9cd9, 0x9cd9, 0x9cd9, 0x9cd9, 0x9cd9, 0x9cd9, 0x9cd9, 
	0x9cd9, 0x9cd9, 0x9cd9, 0x9cd9, 0x9cd9, 0x9cd9, 0x9cd9, 0x9cd9, 0x9cd9, 0x9cd9, 0x9cd9, 0x9cd9, 0x9cd9, 0x9cd9, 0x9cd9, 0x9cd9, 
	0x9cd9, 0x9cd9, 0x9cd9, 0x9cd9, 0x9cd9, 0x9cd9, 0x9cd9, 0x9cd9, 0x9cd9, 0x9cd9, 0x9cd9, 0x9cd9, 0x9cd9, 0x9cd9, 0x9cd9, 0x9cd9, 
	0x9cd9, 0x9cd9, 0x9cd9, 0x9cd9, 0x9cd9, 0x9cd9, 0x9cd9, 0x9cd9, 0x9cd9, 0x9cd9, 0x9cd9, 0x9cd9, 0x9cd9, 0x9cd9, 0x9cd9, 0x9cd9, 
	0x9cd9, 0x9cd9, 0x9cd9, 0x9cd9, 0x9cd9, 0x9cd9, 0x9cd9, 0x9cd9, 0x9cd9, 0x9cd9, 0x9cd9, 0x9cd9, 0x9cd9, 0x9cd9, 0x9cd9, 0x9cd9, 
	0x9cd9, 0xad55, 0x9cd9, 0x9cd9, 0x9cd9, 0x9cd9, 0x9cd9, 0x9cd9, 0x9cd9, 0x9cd9, 0x9cd9, 0x9cd9, 0x9cd9, 0x9cd9, 0x9cd9, 0x9cd9, 
	0x9cd9, 0x9cd9, 0x9cd9, 0x9cd9, 0x9cd9, 0x9cd9, 0x9cd9, 0x9cd9, 0x9cd9, 0x9cd9, 0x9cd9, 0x9cd9, 0x9cd9, 0x9cd9, 0x9cd9, 0x9cd9, 
	0x9cd9, 0x2945, 0x9cd9, 0x9cd9, 0x9cd9, 0x9cd9, 0x9cd9, 0x9cd9, 0x9cd9, 0x9cd9, 0x9cd9, 0x9cd9, 0x9cd9, 0x9cd9, 0x9cd9, 0x9cd9, 
	0x9cd9, 0x9cd9, 0x9cd9, 0x9cd9, 0x9cd9, 0x9cd9, 0x9cd9, 0x9cd9, 0x9cd9, 0x9cd9, 0x9cd9, 0x9cd9, 0x9cd9, 0x9cd9, 0x9cd9, 0x9cd9, 
	0x9cd9, 0x9cd9, 0x9cd9, 0x9cd9, 0x9cd9, 0x9cd9, 0x9cd9, 0x9cd9, 0x9cd9, 0x9cd9, 0x9cd9, 0x9cd9, 0x9cd9, 0x9cd9, 0x9cd9, 0x9cd9, 
	0x9cd9, 0x9cd9, 0x9cd9, 0x9cd9, 0x9cd9, 0x9cd9, 0x9cd9, 0x9cd9, 0x9cd9, 0x9cd9, 0x9cd9, 0x9cd9, 0x9cd9, 0x9cd9, 0x9cf9, 0x9cd9, 
	0x9cd9, 0x9cf9, 0x9cd9, 0x9cd9, 0x9cd9, 0x9cd9, 0x9cd9, 0x9cf9, 0x9cf9, 0x9cd9, 0x9cf9, 0x9cf9, 0x9cd9, 0x9cd9, 0x9cf9, 0x9cd9, 
	0x9cf9, 0x9cd9, 0x9cf9, 0x9cd9, 0x9cf9, 0x9cd9, 0x9cd9, 0x9cf9, 0x9cf9, 0x9cf9, 0x9cf9, 0x9cf9, 0x9cf9, 0x9cf9, 0x9cf9, 0x9cf9, 
	0x9cd9, 0x9cd9, 0x9cd9, 0x9cd9, 0x9cd9, 0x9cd9, 0x9cd9, 0x9cd9, 0x9cd9, 0x9cd9, 0x9cd9, 0x9cd9, 0x9cd9, 0x9cd9, 0x9cd9, 0x9cd9, 
	0x9cd9, 0x9cd9, 0x9cd9, 0x9cd9, 0x9cd9, 0x9cd9, 0x9cd9, 0x9cd9, 0x9cd9, 0x9cd9, 0x9cd9, 0x9cd9, 0x9cd9, 0x9cd9, 0x9cd9, 0x9cd9, 
	0x9cd9, 0x9cd9, 0x9cd9, 0x9cd9, 0x9cd9, 0x9cd9, 0x9cd9, 0x9cd9, 0x9cd9, 0x9cd9, 0x9cd9, 0x9cd9, 0x9cd9, 0x9cd9, 0x9cd9, 0x9cd9, 
	0x9cd9, 0x9cd9, 0x9cd9, 0x9cd9, 0x9cd9, 0x9cd9, 0x9cd9, 0x9cd9, 0x9cd9, 0x9cd9, 0x9cd9, 0x9cd9, 0x9cd9, 0x9cd9, 0x9cd9, 0x9cd9, 
	0x9cd9, 0x9cd9, 0x9cd9, 0x9cd9, 0x9cd9, 0x9cd9, 0x9cd9, 0x9cd9, 0x9cd9, 0x9cd9, 0x9cd9, 0x9cd9, 0x9cd9, 0x9cd9, 0x9cd9, 0x9cd9, 
	0x9cd9, 0x9cd9, 0x9cd9, 0x9cd9, 0x9cd9, 0x9cd9, 0x9cf9, 0x9cd9, 0x9cd9, 0x9cf9, 0x9cd9, 0x9cd9, 0x9cd9, 0x9cd9, 0x9cf9, 0x9cd9, 
	0x9cd9, 0x9cd9, 0x9cf9, 0x9cf9, 0x9cd9, 0x9cd9, 0x9cd9, 0x9cd9, 0x9cf9, 0x9cf9, 0x9cf9, 0x9cf9, 0x9cf9, 0x9cf9, 0x9cf9, 0x9cf9, 
	0x9cf9, 0x9cf9, 0x9cf9, 0x9cf9, 0x9cf9, 0x9cf9, 0x9cf9, 0x9cf9, 0x9cf9, 0x9cf9, 0x9cf9, 0x9cf9, 0x9cf9, 0x9cf9, 0x9cf9, 0x9cf9, 
	0x9cf9, 0x9cf9, 0x9cf9, 0x9cf9, 0x9cf9, 0x9cf9, 0x9cf9, 0x9cfa, 0x9cf9, 0x9cf9, 0x9cf9, 0x9cf9, 0x9cf9, 0x9cf9, 0x9cfa, 0x9cf9, 
	0x9cfa, 0x9cf9, 0x9cfa, 0x9cf9, 0x9cfa, 0x9cfa, 0x9cf9, 0x9cfa, 0x9cfa, 0x9cfa, 0x9cfa, 0x9cfa, 0x9cfa, 0x9cfa, 0x9cfa, 0x9cfa, 
	0x9cd9, 0x9cd9, 0x9cd9, 0x9cd9, 0x9cd9, 0x9cd9, 0x9cd9, 0x9cd9, 0x9cd9, 0x9cd9, 0x9cd9, 0x9cd9, 0x9cd9, 0x9cd9, 0x9cd9, 0x9cd9, 
	0x9cd9, 0x9cd9, 0x9cd9, 0x9cd9, 0x9cd9, 0x9cd9, 0x9cd9, 0x9cd9, 0x9cd9, 0x9cd9, 0x9cd9, 0x9cd9, 0x9cd9, 0x9cd9, 0x9cd9, 0x9cd9, 
	0x9cd9, 0x9cd9, 0x9cd9, 0x9cd9, 0x9cd9, 0x9cd9, 0x9cd9, 0x9cd9, 0x9cd9, 0x9cd9, 0x9cd9, 0x9cd9, 0x9cd9, 0x9cd9, 0x9cd9, 0x9cd9, 
	0x9cd9, 0x9cd9, 0x9cf9, 0x9cd9, 0x9cd9, 0x9cd9, 0x9cd9, 0x9cd9, 0x9cd9, 0x9cd9, 0x9cd9, 0x9cd9, 0x9cd9, 0x9cf9, 0x9cf9, 0x9cd9, 
	0x9cf9, 0x9cf9, 0x9cf9, 0x9cf9, 0x9cd9, 0x9cf9, 0x9cf9, 0x9cd9, 0x9cf9, 0x9cd9, 0x9cf9, 0x9cf9, 0x9cf9, 0x9cf9, 0x9cf9, 0x9cf9, 
	0x9cf9, 0x9cf9, 0x9cf9, 0x9cf9, 0x9cf9, 0x9cfa, 0x9cf9, 0x9cf9, 0x9cf9, 0x9cf9, 0x9cfa, 0x9cf9, 0x9cf9, 0x9cf9, 0x9cf9, 0x9cfa, 
	0x9cf9, 0x9cfa, 0x9cf9, 0x9cfa, 0x9cfa, 0x9cf9, 0x9cf9, 0x9cfa, 0x9cfa, 0x9cfa, 0x9cf9, 0x9cfa, 0x9cf9, 0x9cf9, 0x9cf9, 0x9cfa, 
	0x9cf9, 0x9cf9, 0x9cfa, 0x9cfa, 0x9cfa, 0x9cfa, 0x9cfa, 0x9cfa, 0x9cfa, 0x9cfa, 0x9cfa, 0x9cfa, 0x9cfa, 0x9cfa, 0x9cfa, 0x9cfa, 
	0x9cfa, 0x9cfa, 0x9cfa, 0x9cfa, 0x9cfa, 0x9cfa, 0x9cfa, 0x9cfa, 0x9cfa, 0x9cfa, 0x9cfa, 0x9cfa, 0x9cfa, 0x9cfa, 0x9cfa, 0x9cfa, 
	0x9cfa, 0x9cfa, 0x9cfa, 0x9cfa, 0x9cfa, 0x9cfa, 0x9cfa, 0x9cfa, 0x9cfa, 0x9cfa, 0x9cfa, 0x9cfa, 0x9cfa, 0x9cfa, 0x9cfa, 0x9cfa, 
	0x9cd9, 0x9cd9, 0x9cd9, 0x9cd9, 0x9cd9, 0x9cd9, 0x9cf9, 0x9cd9, 0x9cf9, 0x9cd9, 0x9cf9, 0x9cd9, 0x9cd9, 0x9cf9, 0x9cd9, 0x9cf9, 
	0x9cf9, 0x9cd9, 0x9cf9, 0x9cd9, 0x9cd9, 0x9cd9, 0x9cf9, 0x9cd9, 0x9cf9, 0x9cf9, 0x9cf9, 0x9cd9, 0x9cf9, 0x9cd9, 0x9cd9, 0x9cf9, 
	0x9cf9, 0x9cf9, 0x9cf9, 0x9cf9, 0x9cf9, 0x9cf9, 0x9cf9, 0x9cf9, 0x9cf9, 0x9cf9, 0x9cf9, 0x9cf9, 0x9cf9, 0x9cf9, 0x9cf9, 0x9cf9, 
	0x9cfa, 0x9cf9, 0x9cf9, 0x9cf9, 0x9cfa, 0x9cf9, 0x9cf9, 0x9cf9, 0x9cf9, 0x9cf9, 0x9cfa, 0x9cf9, 0x9cfa, 0x9cf9, 0x9cf9, 0x9cf9, 
	0x9cfa, 0x9cf9, 0x9cfa, 0x9cfa, 0x9cfa, 0x9cfa, 0x9cf9, 0x9cfa, 0x9cfa, 0x9cfa, 0x9cfa, 0x9cfa, 0x9cfa, 0x9cfa, 0x9cfa, 0x9cfa, 
	0x9cfa, 0x9cfa, 0x9cfa, 0x9cfa, 0x9cfa, 0x9cfa, 0x9cfa, 0x9cfa, 0x9cfa, 0x9cfa, 0x9cfa, 0x9cfa, 0x9cfa, 0x9cfa, 0x9cfa, 0x9cfa, 
	0x9cfa, 0x9cfa, 0x9cfa, 0x9cfa, 0x9cfa, 0x9cfa, 0x9cfa, 0x9cfa, 0x9cfa, 0x9cfa, 0x9cfa, 0x9cfa, 0x9cfa, 0x9cfa, 0x630c, 0x9cfa, 
	0x9cfa, 0x9cfa, 0x9cfa, 0x9cfa, 0x9cfa, 0x9cfa, 0x9cfa, 0x9cfa, 0x9cfa, 0x9cfa, 0x9cfa, 0x9cfa, 0x9cfa, 0x9cfa, 0x9cfa, 0x9cfa, 
	0x9cfa, 0x9cfa, 0x9cfa, 0x9cfa, 0x9cfa, 0x9cfa, 0x9cfa, 0x9cfa, 0x9cfa, 0x9cfa, 0x9cfa, 0x9cfa, 0x9cfa, 0x9cfa, 0x9cfa, 0x9cfa, 
	0x9cfa, 0x9cfa, 0x9cfa, 0x9cfa, 0x9cfa, 0x9cfa, 0x9cfa, 0x9cfa, 0x9cfa, 0x9cfa, 0x9cfa, 0x9cfa, 0x9cfa, 0x9cfa, 0x9cfa, 0x9cfa, 
	0x9cf9, 0x9cf9, 0x9cf9, 0x9cf9, 0x9cf9, 0x9cf9, 0x9cf9, 0x9cf9, 0x9cf9, 0x9cf9, 0x9cfa, 0x9cf9, 0x9cf9, 0x9cf9, 0x9cf9, 0x9cf9, 
	0x9cfa, 0x9cfa, 0x9cfa, 0x9cfa, 0x9cfa, 0x9cfa, 0x9cfa, 0x9cfa, 0x9cf9, 0x9cfa, 0x9cfa, 0x9cfa, 0x9cfa, 0x9cfa, 0x9cf9, 0x9cfa, 
	0x9cfa, 0x9cfa, 0x9cfa, 0x9cfa, 0x9cfa, 0x9cfa, 0x9cfa, 0x9cfa, 0x9cfa, 0x9cfa, 0x9cfa, 0x9cfa, 0x9cfa, 0x9cfa, 0x9cfa, 0x9cfa, 
	0x9cfa, 0x9cfa, 0x9cfa, 0x9cfa, 0x9cfa, 0x9cfa, 0x9cfa, 0x9cfa, 0x9cfa, 0x9cfa, 0x9cfa, 0x9cfa, 0x9cfa, 0x9cfa, 0x9cfa, 0x9cfa, 
	0x9cfa, 0x9cfa, 0x9cfa, 0x9cfa, 0x9cfa, 0x9cfa, 0x9cfa, 0x9cfa, 0x9cfa, 0x9cfa, 0x9cfa, 0x9cfa, 0x9cfa, 0x9cfa, 0x9cfa, 0x9cfa, 
	0x9cfa, 0x9cfa, 0x9cfa, 0x9cfa, 0x9cfa, 0x9cfa, 0x9cfa, 0x9cfa, 0x9cfa, 0x9cfa, 0x9cfa, 0x9cfa, 0x9cfa, 0x9cfa, 0x9cfa, 0x9cfa, 
	0x9cfa, 0x9cfa, 0x9cfa, 0x9cfa, 0x9cfa, 0x9cfa, 0x9cfa, 0x9cfa, 0x9cfa, 0x9cfa, 0x9cfa, 0x9cfa, 0x9cfa, 0x9cfa, 0x9cfa, 0x9cfa, 
	0x9cfa, 0x9cfa, 0x9cfa, 0x9cfa, 0x9d1a, 0x9cfa, 0x9cfa, 0x9cfa, 0x9cfa, 0x9cfa, 0x9cfa, 0x9cfa, 0xa4fa, 0x9d1a, 0xa4fa, 0xa4fa, 
	0x9d1a, 0x9cfa, 0x9cfa, 0x9d1a, 0xa51a, 0xa51a, 0x9d1a, 0x9d1a, 0xa51a, 0xa4fa, 0x9d1a, 0xa51a, 0x9cfa, 0x9cfa, 0xa51a, 0xa51a, 
	0xa51a, 0x9cfa, 0xa51a, 0xa4fa, 0x9d1a, 0xa51a, 0xa51a, 0x9d1a, 0xa51a, 0xa51a, 0xa51a, 0xa51a, 0xa51a, 0xa51a, 0xa51a, 0xa51a, 
	0x9cfa, 0x9cfa, 0x9cfa, 0x9cfa, 0x9cfa, 0x9cfa, 0x9cfa, 0x9cfa, 0x9cfa, 0x9cfa, 0x9cfa, 0x9cfa, 0x9cfa, 0x9cfa, 0x9cfa, 0x9cfa, 
	0x9cfa, 0x9cfa, 0x9cfa, 0x9cfa, 0x9cfa, 0x9cfa, 0x9cfa, 0x9cfa, 0x9cfa, 0x9cfa, 0x9cfa, 0x9cfa, 0x9cfa, 0x9cfa, 0x9cfa, 0x9cfa, 
	0x9cfa, 0x9cfa, 0x9cfa, 0x9cfa, 0x9cfa, 0x9cfa, 0x9cfa, 0x9cfa, 0x9cfa, 0x9cfa, 0x9cfa, 0x9cfa, 0x9cfa, 0x9cfa, 0x9cfa, 0x9cfa, 
	0x9cfa, 0x9cfa, 0x9cfa, 0x9cfa, 0x9cfa, 0x9cfa, 0x9cfa, 0x9cfa, 0x9cfa, 0x9cfa, 0x9cfa, 0x9cfa, 0x9cfa, 0x9cfa, 0x9cfa, 0x9cfa, 
	0x9cfa, 0x9cfa, 0x9cfa, 0x9cfa, 0x9cfa, 0x9cfa, 0x9cfa, 0x9cfa, 0x9cfa, 0x9cfa, 0x9cfa, 0x9cfa, 0x9cfa, 0x9cfa, 0x9cfa, 0x9cfa, 
	0x9cfa, 0x9cfa, 0x9cfa, 0x9cfa, 0x9d1a, 0x9cfa, 0xa4fa, 0x9cfa, 0x9d1a, 0x9cfa, 0xa4fa, 0xa4fa, 0x9cfa, 0x9cfa, 0x9cfa, 0x9cfa, 
	0xa4fa, 0xa51a, 0xa4fa, 0xa51a, 0xa4fa, 0xa51a, 0x9cfa, 0xa4fa, 0xa51a, 0xa51a, 0xa51a, 0xa4fa, 0xa4fa, 0x9d1a, 0x9d1a, 0x9d1a, 
	0xa4fa, 0xa51a, 0xa51a, 0xa51a, 0xa51a, 0xa51a, 0xa51a, 0xa51a, 0xa51a, 0xa51a, 0xa51a, 0xa51a, 0xa51a, 0xa51a, 0xa51a, 0xa51a, 
	0xa51a, 0xa51a, 0xa51a, 0xa51a, 0xa51a, 0xa51a, 0xa51a, 0xa51a, 0xa51a, 0xa51a, 0xa51a, 0xa51a, 0xa51a, 0xa51a, 0xa51a, 0xa51a, 
	0xa51a, 0xa51a, 0xa51a, 0xa51a, 0xa51a, 0xa51a, 0xa51a, 0xa51a, 0xa51a, 0xa51a, 0xa51a, 0xa51a, 0xa51a, 0xa51a, 0xa51a, 0xa51a, 
	0x9cfa, 0x9cfa, 0x9cfa, 0x9cfa, 0x9cfa, 0x9cfa, 0x9cfa, 0x9cfa, 0x9cfa, 0x9cfa, 0x9cfa, 0x9cfa, 0x9cfa, 0x9cfa, 0x9cfa, 0x9cfa, 
	0x9cfa, 0x9cfa, 0x9cfa, 0x9cfa, 0x9cfa, 0x9cfa, 0x9cfa, 0x9cfa, 0x9cfa, 0x9cfa, 0x9cfa, 0x9cfa, 0x9cfa, 0x9cfa, 0x9cfa, 0x9cfa, 
	0x9cfa, 0x9cfa, 0x9cfa, 0x9cfa, 0x9cfa, 0x9cfa, 0x9cfa, 0x9cfa, 0x9cfa, 0x9cfa, 0x9cfa, 0x9cfa, 0x9cfa, 0x9cfa, 0x9cfa, 0x9cfa, 
	0x9cfa, 0x9d1a, 0x9cfa, 0xa51a, 0xa4fa, 0x9cfa, 0xa4fa, 0x9cfa, 0x9d1a, 0x9d1a, 0x9cfa, 0xa4fa, 0x9d1a, 0x9d1a, 0x9cfa, 0xa4fa, 
	0xa51a, 0x9d1a, 0xa51a, 0xa51a, 0xa51a, 0xa51a, 0xa51a, 0xa51a, 0x9d1a, 0xa51a, 0xa51a, 0xa51a, 0xa51a, 0xa51a, 0xa51a, 0xa51a, 
	0xa51a, 0xa51a, 0xa51a, 0xa51a, 0xa51a, 0xa51a, 0xa51a, 0xa51a, 0xa51a, 0xa51a, 0xa51a, 0xa51a, 0xa51a, 0xa51a, 0xa51a, 0xa51a, 
	0xa51a, 0xa51a, 0xa51a, 0xa51a, 0xa51a, 0xa51a, 0xa51a, 0xa51a, 0xa51a, 0xa51a, 0xa51a, 0xad55, 0xa51a, 0xa51a, 0xa51a, 0xa51a, 
	0xa51a, 0xa51a, 0xa51a, 0xa51a, 0xa51a, 0xa51a, 0xa51a, 0xa51a, 0xa51a, 0xa51a, 0xa51a, 0xa51a, 0xa51a, 0xa51a, 0xa51a, 0xa51a, 
	0xa51a, 0xa51a, 0xa51a, 0xa51a, 0xa51a, 0xa51a, 0xa51a, 0xa51a, 0xa51a, 0xa51a, 0xa51a, 0xa51a, 0xa51a, 0xa51a, 0xa51a, 0xa51a, 
	0xa51a, 0xa51a, 0xa51a, 0xa51a, 0xa51a, 0xa51a, 0xa51a, 0xa51a, 0xa51a, 0xa51a, 0xa51a, 0xa51a, 0xa51a, 0xa51a, 0xa51a, 0xa51a, 
	0x9cfa, 0x9cfa, 0x9cfa, 0x9cfa, 0x9cfa, 0x9cfa, 0x9cfa, 0x9cfa, 0x9cfa, 0x9d1a, 0xa51a, 0x9d1a, 0x9cfa, 0x9cfa, 0xa51a, 0xa51a, 
	0xa51a, 0x9d1a, 0xa51a, 0x9d1a, 0x9cfa, 0x9d1a, 0xa4fa, 0xa4fa, 0x9d1a, 0xa51a, 0xa4fa, 0xa51a, 0xa51a, 0x9d1a, 0xa4fa, 0x9d1a, 
	0xa51a, 0xa4fa, 0xa51a, 0xa51a, 0xa51a, 0xa51a, 0xa51a, 0xa51a, 0xa51a, 0xa51a, 0xa51a, 0xa51a, 0xa51a, 0xa51a, 0xa51a, 0xa51a, 
	0xa51a, 0xa51a, 0xa51a, 0xa51a, 0xa51a, 0xa51a, 0xa51a, 0xa51a, 0xa51a, 0xa51a, 0xa51a, 0xa51a, 0xa51a, 0xa51a, 0xa51a, 0xa51a, 
	0xa51a, 0xa51a, 0xa51a, 0xa51a, 0xa51a, 0xa51a, 0xa51a, 0xa51a, 0xa51a, 0xa51a, 0xa51a, 0xa51a, 0xa51a, 0xa51a, 0xa51a, 0xa51a, 
	0xa51a, 0xa51a, 0xa51a, 0xa51a, 0xa51a, 0xa51a, 0xa51a, 0xa51a, 0xa51a, 0xa51a, 0xa51a, 0xa51a, 0xa51a, 0xa51a, 0xa51a, 0xa51a, 
	0xa51a, 0xa51a, 0xa51a, 0xa51a, 0xa51a, 0xa51a, 0xa51a, 0xa51a, 0xa51a, 0xa51a, 0xa51a, 0xa51a, 0xa51a, 0xa51a, 0xa51a, 0xa51a, 
	0xa51a, 0xa51a, 0xa51a, 0xa51a, 0xa51a, 0xa51a, 0xa51a, 0xa51a, 0xa51a, 0xa51a, 0xa51a, 0xa51a, 0xa51a, 0xa51a, 0xa51a, 0xa51a, 
	0xa51a, 0xa51a, 0xa51a, 0xa51a, 0xa51a, 0xa51a, 0xa51a, 0xa51a, 0xa51a, 0xa51a, 0xa51a, 0xa51a, 0xa51a, 0xa51a, 0xa51a, 0xa51a, 
	0xa51a, 0xa51a, 0xa51a, 0xa51a, 0xa51a, 0xa51a, 0xa51a, 0xa51a, 0xa51a, 0xa51a, 0xa51a, 0xa51a, 0xa51a, 0xa51a, 0xa51a, 0xa51a, 
	0xa51a, 0xa51a, 0xa51a, 0xa51a, 0xa51a, 0xa51a, 0xa51a, 0xa51a, 0xa51a, 0xa51a, 0xa51a, 0xa51a, 0xa51a, 0xa51a, 0xa51a, 0xa51a, 
	0xa51a, 0xa51a, 0xa51a, 0xa51a, 0xa51a, 0xa51a, 0xa51a, 0xa51a, 0xa51a, 0xa51a, 0xa51a, 0xa51a, 0xa51a, 0xa51a, 0xa51a, 0xa51a, 
	0xa51a, 0xa51a, 0xa51a, 0xa51a, 0xa51a, 0xa51a, 0xa51a, 0xa51a, 0xa51a, 0xa51a, 0xa51a, 0xa51a, 0xa51a, 0xa51a, 0xa51a, 0xa51a, 
	0xa51a, 0xa51a, 0xa51a, 0xa51a, 0xa51a, 0xa51a, 0xa51a, 0xa51a, 0xa51a, 0xa51a, 0xa51a, 0xa51a, 0xa51a, 0xa51a, 0xa51a, 0xa51a, 
	0xa51a, 0xa51a, 0xa51a, 0xa51a, 0xa51a, 0xa51a, 0xa51a, 0xa51a, 0xa51a, 0xa51a, 0xa51a, 0xa51a, 0xa51a, 0xa51a, 0xa51a, 0xa51a, 
	0xa51a, 0xa51a, 0xa51a, 0xa51a, 0xa51a, 0xa51a, 0xa51a, 0xa51a, 0xa51a, 0xa51a, 0xa51a, 0xa51a, 0xa51a, 0xa51a, 0xa51a, 0xa51a, 
	0xa51a, 0xa51a, 0xa51a, 0xa51a, 0xa51a, 0xa51a, 0xa51a, 0xa51a, 0xa51a, 0xa51a, 0xa51a, 0xa51a, 0xa51a, 0xa51a, 0xa51a, 0xa51a, 
	0xa51a, 0xa51a, 0xa51a, 0xa51a, 0xa51a, 0xa51a, 0xa51a, 0xa51a, 0xa51a, 0xa51a, 0xa51a, 0xa51a, 0xa51a, 0xa53a, 0xa53a, 0xa51a, 
	0xa51a, 0xa51a, 0xa51a, 0xa51a, 0xa53a, 0xa51a, 0xa53a, 0xa51a, 0xa51a, 0xa51a, 0xa53a, 0xa51a, 0xa53a, 0xa53a, 0xa53a, 0xa51a, 
	0xa53a, 0xad55, 0xa51a, 0xa53a, 0xa53a, 0xa53a, 0xa53a, 0xa53a, 0xa53a, 0xa53a, 0xa53a, 0xa53a, 0xa53b, 0xa53a, 0xa53a, 0xa53a, 
	0xa51a, 0xa51a, 0xa51a, 0xa51a, 0xa51a, 0xa51a, 0xa51a, 0xa51a, 0xa51a, 0xa51a, 0xa51a, 0xa51a, 0xa51a, 0xa51a, 0xa51a, 0xa51a, 
	0xa51a, 0xa51a, 0xa51a, 0xa51a, 0xa51a, 0xa51a, 0xa51a, 0xa51a, 0xa51a, 0xa51a, 0xa51a, 0xa51a, 0xa51a, 0xa51a, 0xa51a, 0xa51a, 
	0xa51a, 0xa51a, 0xa51a, 0xa51a, 0xa51a, 0xa51a, 0xa51a, 0xa51a, 0xa51a, 0xa51a, 0xa51a, 0xa51a, 0xa51a, 0xa51a, 0xa51a, 0xa51a, 
	0xa51a, 0xa51a, 0xa51a, 0xa51a, 0xa51a, 0xa51a, 0xa51a, 0xa51a, 0xa51a, 0xa51a, 0xa51a, 0xa51a, 0xa51a, 0xa51a, 0xa51a, 0xa51a, 
	0xa51a, 0xa51a, 0xa51a, 0xa51a, 0xa51a, 0xa51a, 0xa51a, 0xa51a, 0xa51a, 0xa51a, 0xa51a, 0xa51a, 0xa51a, 0xad55, 0xa51a, 0xa51a, 
	0xa51a, 0xa51a, 0xa51a, 0xa51a, 0xa53a, 0xa53a, 0xa51a, 0xa53a, 0xa51a, 0xa51a, 0xa53a, 0xa51a, 0xa51a, 0xa51a, 0xa51a, 0xa51a, 
	0xa53a, 0xa51a, 0xa51a, 0xa53a, 0xa53a, 0xa53a, 0xa53a, 0xa53a, 0xa53a, 0xa53a, 0xa53a, 0xa51a, 0xa53a, 0xa53a, 0xa53a, 0xa53a, 
	0xa53a, 0xa53a, 0xa53a, 0xa53a, 0xa53a, 0xa53a, 0xa53a, 0xa53a, 0xa53b, 0xa53a, 0xa53a, 0xa53a, 0xa53a, 0xa53a, 0xa53a, 0xa53b, 
	0xa53a, 0xa53a, 0xa53a, 0xa53b, 0xa53b, 0xa53b, 0xa53b, 0xa53a, 0xa53b, 0xa53b, 0xa53a, 0xa53a, 0xa53b, 0xa53b, 0xa53b, 0xa53b, 
	0xa53b, 0xa53b, 0xa53b, 0xa53b, 0xa53b, 0xa53b, 0xa53b, 0xa53b, 0xa53b, 0xa53b, 0xa53b, 0xa53b, 0xa53b, 0xa53b, 0xa53b, 0xa53b, 
	0xa51a, 0xa51a, 0xa51a, 0xa51a, 0xa51a, 0xa51a, 0xa51a, 0xa51a, 0xa51a, 0xa51a, 0xa51a, 0xa51a, 0xa51a, 0xa51a, 0xa51a, 0xa51a, 
	0xa51a, 0xa51a, 0xa51a, 0xa51a, 0xa51a, 0xa51a, 0xa51a, 0xa51a, 0xa51a, 0xa51a, 0xa51a, 0xa51a, 0xa51a, 0xa51a, 0xa51a, 0xa51a, 
	0xa51a, 0xa51a, 0xa51a, 0xa51a, 0xa51a, 0xa51a, 0xa51a, 0xa51a, 0xa51a, 0xa51a, 0xa51a, 0xa51a, 0xa51a, 0xa51a, 0xa53a, 0xa51a, 
	0xa51a, 0xa51a, 0xa51a, 0xa51a, 0xa51a, 0xa53a, 0xa51a, 0xa51a, 0xa51a, 0xa51a, 0xa51a, 0xa51a, 0xa53a, 0xa51a, 0xa51a, 0xa53a, 
	0xa53a, 0xa53a, 0xa53a, 0xa53a, 0xa53a, 0xa53a, 0xa53a, 0xa53a, 0xa53a, 0xa53a, 0xa53a, 0xa53a, 0xa53a, 0xa53b, 0xa53a, 0xa53a, 
	0xa53a, 0xa53a, 0xa53b, 0xa53a, 0xa53a, 0xa53b, 0xa53a, 0xa53a, 0xa53b, 0xa53a, 0xa53a, 0xa53b, 0xa53b, 0xa53a, 0xa53b, 0xa53a, 
	0xa53b, 0xa53b, 0xa53b, 0xa53a, 0xa53b, 0xa53b, 0xa53b, 0xa53b, 0xa53b, 0xa53b, 0xa53b, 0xa53b, 0xa53b, 0xa53b, 0xa53b, 0xa53b, 
	0xa53b, 0xa53b, 0xa53b, 0xa53b, 0xa53b, 0xa53b, 0xa53b, 0xa53b, 0xa53b, 0xa53b, 0xa53b, 0xa53b, 0xa53b, 0xa53b, 0xa53b, 0xa53b, 
	0xa53b, 0xa53b, 0xa53b, 0xa53b, 0xa53b, 0xa53b, 0xa53b, 0xa53b, 0xa53b, 0xa53b, 0xa53b, 0xa53b, 0xa53b, 0xa53b, 0xa53b, 0xa53b, 
	0xa53b, 0xa53b, 0xa53b, 0xa53b, 0xa53b, 0xa53b, 0xa53b, 0xa53b, 0xa53b, 0xa53b, 0xa53b, 0xa53b, 0xa53b, 0xa53b, 0xa53b, 0xa53b, 
	0xa51a, 0xa51a, 0xa51a, 0xa51a, 0xa51a, 0xa53a, 0xa51a, 0xa51a, 0xa51a, 0xa51a, 0xa51a, 0xa51a, 0xa51a, 0xa53a, 0xa53a, 0xa51a, 
	0xa51a, 0xa53a, 0xa53a, 0xa53a, 0xa51a, 0xa53a, 0xa53a, 0xa53a, 0xa53a, 0xa51a, 0xa53a, 0xa53a, 0xa53a, 0xa53a, 0xa53a, 0xa51a, 
	0xa53a, 0xa53a, 0xa53a, 0xa53a, 0xa53a, 0xa53a, 0xa53a, 0xa53a, 0xa53a, 0xa53a, 0xa53a, 0xa53a, 0xa53a, 0xa53a, 0xa53a, 0xa53a, 
	0xa53b, 0xa53a, 0xa53a, 0xa53b, 0xa53a, 0xa53b, 0xa53a, 0xa53b, 0xa53b, 0xa53a, 0xa53a, 0xa53a, 0xa53b, 0xa53b, 0xa53b, 0xa53b, 
	0xa53b, 0xa53b, 0xa53b, 0xa53a, 0xa53b, 0xa53a, 0xa53b, 0xa53b, 0xa53b, 0xa53b, 0xa53b, 0xa53b, 0xa53b, 0xa53b, 0xa53b, 0xa53b, 
	0xa53b, 0xa53b, 0xa53b, 0xa53b, 0xa53b, 0xa53b, 0xa53b, 0xa53b, 0xa53b, 0xa53b, 0xa53b, 0xa53b, 0xa53b, 0xa53b, 0xa53b, 0xa53b, 
	0xa53b, 0xa53b, 0xa53b, 0xa53b, 0xa53b, 0xa53b, 0xa53b, 0xa53b, 0xa53b, 0xa53b, 0xa53b, 0xa53b, 0xa53b, 0xa53b, 0xa53b, 0xa53b, 
	0xa53b, 0xa53b, 0xa53b, 0xa53b, 0xa53b, 0xa53b, 0xa53b, 0xa53b, 0xa53b, 0xa53b, 0xa53b, 0xa53b, 0xa53b, 0xa53b, 0xa53b, 0xa53b, 
	0xa53b, 0xa53b, 0xa53b, 0xa53b, 0xa53b, 0xa53b, 0xa53b, 0xa53b, 0xa53b, 0xa53b, 0xa53b, 0xa53b, 0xa53b, 0xa53b, 0xa53b, 0xa53b, 
	0xa53b, 0xa53b, 0xa53b, 0xa53b, 0xa53b, 0xa53b, 0xa53b, 0xa53b, 0xa53b, 0xa53b, 0xa53b, 0xa53b, 0xa53b, 0xa53b, 0xa53b, 0xa53b, 
	0xa53a, 0xa53a, 0xa53a, 0xa53b, 0xa53a, 0xa53a, 0xa53b, 0xa53a, 0xa53a, 0xa53a, 0xa53b, 0xa53a, 0xa53a, 0xa53a, 0xa53a, 0xa53a, 
	0xa53a, 0xa53a, 0xa53b, 0xa53a, 0xa53b, 0xa53b, 0xa53a, 0xa53b, 0xa53b, 0xa53b, 0xa53b, 0xa53b, 0xa53b, 0xa53a, 0xa53b, 0xa53b, 
	0xa53b, 0xa53b, 0xa53b, 0xa53b, 0xa53b, 0xa53b, 0xa53b, 0xa53b, 0xa53b, 0xa53b, 0xa53b, 0xa53b, 0xa53b, 0xa53b, 0xa53b, 0xa53b, 
	0xa53b, 0xa53b, 0xa53b, 0xa53b, 0xa53b, 0xa53b, 0xa53b, 0xa53b, 0xa53b, 0xa53b, 0xa53b, 0xa53b, 0xa53b, 0xa53b, 0xa53b, 0xa53b, 
	0xa53b, 0xa53b, 0xa53b, 0xa53b, 0xa53b, 0xa53b, 0xa53b, 0xa53b, 0xa53b, 0xa53b, 0xa53b, 0xa53b, 0xa53b, 0xa53b, 0xa53b, 0xa53b, 
	0xa53b, 0xa53b, 0xa53b, 0xa53b, 0xa53b, 0xa53b, 0xa53b, 0xa53b, 0xa53b, 0xa53b, 0xa53b, 0xa53b, 0xa53b, 0xa53b, 0xa53b, 0xa53b, 
	0xa53b, 0xa53b, 0xa53b, 0xa53b, 0xa53b, 0xa53b, 0xa53b, 0xa53b, 0xa53b, 0xa53b, 0xa53b, 0xa53b, 0xa53b, 0xa53b, 0xa53b, 0xa53b, 
	0xa53b, 0xa53b, 0xa53b, 0xa53b, 0xa53b, 0xa53b, 0xa53b, 0xa53b, 0xa55b, 0xa53b, 0xa53b, 0xad3b, 0xa53b, 0xa53b, 0xad3b, 0xa53b, 
	0xad3b, 0xa55b, 0xad3b, 0xad3b, 0xad3b, 0xad5b, 0xa53b, 0xa53b, 0xad3b, 0xad3b, 0xa55b, 0xa53b, 0xad5b, 0xad3b, 0xa55b, 0xad5b, 
	0xad5b, 0xad5b, 0xad5b, 0xa53b, 0xad3b, 0xad3b, 0xad5b, 0xad5b, 0xad5b, 0xad5b, 0xa53b, 0xa55b, 0xad5b, 0xad5b, 0xad5b, 0xad5b, 
	0xa53b, 0xa53b, 0xa53b, 0xa53b, 0xa53b, 0xa53b, 0xa53b, 0xa53b, 0xa53b, 0xa53b, 0xa53b, 0xa53b, 0xa53b, 0xa53b, 0xa53b, 0xa53b, 
	0xa53b, 0xa53b, 0xa53b, 0xa53b, 0xa53b, 0xa53b, 0xa53b, 0xa53b, 0xa53b, 0xa53b, 0xa53b, 0xa53b, 0xa53b, 0xa53b, 0xa53b, 0xa53b, 
	0xa53b, 0xa53b, 0xa53b, 0xa53b, 0xa53b, 0xa53b, 0xa53b, 0xa53b, 0xa53b, 0xa53b, 0xa53b, 0xa53b, 0xa53b, 0xa53b, 0xa53b, 0xa53b, 
	0xa53b, 0xa53b, 0xa53b, 0xa53b, 0xa53b, 0xa53b, 0xa53b, 0xa53b, 0xa53b, 0xa53b, 0xa53b, 0xa53b, 0xa53b, 0xa53b, 0xa53b, 0xa53b, 
	0xa53b, 0xa53b, 0xa53b, 0xa53b, 0xa53b, 0xa53b, 0xa53b, 0xa53b, 0xa53b, 0xa53b, 0xa53b, 0xa53b, 0xa53b, 0xa53b, 0xa53b, 0xa53b, 
	0xa53b, 0xa53b, 0xad3b, 0xad3b, 0xa53b, 0xa53b, 0xa55b, 0xa53b, 0xa53b, 0xa55b, 0xad3b, 0xad3b, 0xa55b, 0xad5b, 0xad5b, 0xa55b, 
	0xad5b, 0xad5b, 0xad5b, 0xa53b, 0xad5b, 0xad5b, 0xad5b, 0xad3b, 0xad5b, 0xa55b, 0xad5b, 0xad5b, 0xad5b, 0xad5b, 0xad5b, 0xad5b, 
	0xad5b, 0xad5b, 0xad5b, 0xad5b, 0xad5b, 0xad5b, 0xad5b, 0xad5b, 0xad5b, 0xad5b, 0xad5b, 0xad5b, 0xad5b, 0xad5b, 0xad5b, 0xad5b, 
	0xad5b, 0xad5b, 0xad5b, 0xad5b, 0xad5b, 0xad5b, 0xad5b, 0xad5b, 0xad5b, 0xad5b, 0xad5b, 0xad5b, 0xad5b, 0xad5b, 0xad5b, 0xad5b, 
	0xad5b, 0xad5b, 0xad5b, 0xad5b, 0xad5b, 0xad5b, 0xad5b, 0xad5b, 0xad5b, 0xad5b, 0xad5b, 0xad5b, 0xad5b, 0xad5b, 0xad5b, 0xad5b, 
	0xa53b, 0xa53b, 0xa53b, 0xa53b, 0xa53b, 0xa53b, 0xa53b, 0xa53b, 0xa53b, 0xa53b, 0xa53b, 0xa53b, 0xa53b, 0xa53b, 0xa53b, 0xa53b, 
	0xa53b, 0xa53b, 0xa53b, 0xa53b, 0xa53b, 0xa53b, 0xa53b, 0xa53b, 0xa53b, 0xa53b, 0xa53b, 0xa53b, 0xa53b, 0xa53b, 0xa53b, 0xa53b, 
	0xa53b, 0xa53b, 0xa53b, 0xa53b, 0xa53b, 0xa53b, 0xa53b, 0xa53b, 0xa53b, 0xa53b, 0xa53b, 0xa55b, 0xa55b, 0xad3b, 0xa53b, 0xa53b, 
	0xa53b, 0xa53b, 0xa53b, 0xad3b, 0xad3b, 0xad5b, 0xad5b, 0xad5b, 0xad5b, 0xad5b, 0xad3b, 0xad3b, 0xad5b, 0xad5b, 0xad5b, 0xa55b, 
	0xad5b, 0xad5b, 0xad5b, 0xad3b, 0xa53b, 0xad3b, 0xa55b, 0xad5b, 0xad5b, 0xad5b, 0xad5b, 0xad5b, 0xad5b, 0xad5b, 0xad5b, 0xad5b, 
	0xad5b, 0xad5b, 0xad5b, 0xad5b, 0xad5b, 0xad5b, 0xad5b, 0xad5b, 0xad5b, 0xad5b, 0xad5b, 0xad5b, 0xad5b, 0xad5b, 0xad5b, 0xad5b, 
	0xad5b, 0xad5b, 0xad5b, 0xad5b, 0xad5b, 0xad5b, 0xad5b, 0xad5b, 0xad5b, 0xad5b, 0xad5b, 0xad5b, 0xad5b, 0xad5b, 0xad5b, 0xad5b, 
	0xad5b, 0xad5b, 0xad5b, 0xad5b, 0xad5b, 0xad5b, 0xad5b, 0xad5b, 0xad5b, 0xad5b, 0xad5b, 0xad5b, 0xad5b, 0xad5b, 0xad5b, 0xad5b, 
	0xad5b, 0xad5b, 0xad5b, 0xad5b, 0xad5b, 0xad5b, 0xad5b, 0xad5b, 0xad5b, 0xad5b, 0xad5b, 0xad5b, 0xad5b, 0xad5b, 0xad5b, 0xad5b, 
	0xad5b, 0xad5b, 0xad5b, 0xad5b, 0xad5b, 0xad5b, 0xad5b, 0xad5b, 0xad5b, 0xad5b, 0xad5b, 0xad5b, 0xad5b, 0xad5b, 0xad5b, 0xad5b, 
	0xa53b, 0xa53b, 0xa55b, 0xa53b, 0xad3b, 0xa53b, 0xad5b, 0xa53b, 0xa55b, 0xa53b, 0xad3b, 0xad3b, 0xad5b, 0xad5b, 0xa53b, 0xad5b, 
	0xa53b, 0xa53b, 0xa55b, 0xa55b, 0xa55b, 0xad3b, 0xa55b, 0xad5b, 0xa55b, 0xad3b, 0xad5b, 0xad3b, 0xad5b, 0xad5b, 0xad5b, 0xad5b, 
	0xad5b, 0xad5b, 0xad5b, 0xad5b, 0xad5b, 0xad5b, 0xad5b, 0xad5b, 0xad5b, 0xad5b, 0xad5b, 0xad5b, 0xad5b, 0xad5b, 0xad5b, 0xad5b, 
	0xad5b, 0xad5b, 0xad5b, 0xad5b, 0xad5b, 0xad5b, 0xad5b, 0xad5b, 0xad5b, 0xad5b, 0xad5b, 0xad5b, 0xad5b, 0xad5b, 0xad5b, 0xad5b, 
	0xad5b, 0xad5b, 0xad5b, 0xad5b, 0xad5b, 0xad5b, 0xad5b, 0xad5b, 0xad5b, 0xad5b, 0xad5b, 0xad5b, 0xad5b, 0xad5b, 0xad5b, 0xad5b, 
	0xad5b, 0xad5b, 0xad5b, 0xad5b, 0xad5b, 0xad5b, 0xad5b, 0xad5b, 0xad5b, 0xad5b, 0xad5b, 0xad5b, 0xad5b, 0xad5b, 0xad5b, 0xad5b, 
	0xad5b, 0xad5b, 0xad5b, 0xad5b, 0xad5b, 0xad5b, 0xad5b, 0xad5b, 0xad5b, 0xad5b, 0xad5b, 0xad5b, 0xad5b, 0xad5b, 0xad5b, 0xad5b, 
	0xad5b, 0xad5b, 0xad5b, 0xad5b, 0xad5b, 0xad5b, 0xad5b, 0xad5b, 0xad5b, 0xad5b, 0xad5b, 0xad5b, 0xad5b, 0xad5b, 0xad5b, 0xad5b, 
	0xad5b, 0xad5b, 0xad5b, 0xad5b, 0xad5b, 0xad5b, 0xad5b, 0xad5b, 0xad5b, 0xad5b, 0xad5b, 0xad5b, 0xad5b, 0xad5b, 0xad5b, 0xad5b, 
	0xad5b, 0xad5b, 0xad5b, 0xad5b, 0xad5b, 0xad5b, 0xad5b, 0xad5b, 0xad5b, 0xad5b, 0xad5b, 0xad5b, 0xad5b, 0xad5b, 0xad5b, 0xad7b, 
	0xad5b, 0xad5b, 0xad5b, 0xad5b, 0xad5b, 0xad5b, 0xad5b, 0xad5b, 0xad5b, 0xad5b, 0xad5b, 0xad5b, 0xad5b, 0xad5b, 0xad5b, 0xad5b, 
	0xad5b, 0xad5b, 0xad5b, 0xad5b, 0xad5b, 0xad5b, 0xad5b, 0xad5b, 0xad5b, 0xad5b, 0xad5b, 0xad5b, 0xad5b, 0xad5b, 0xad5b, 0xad5b, 
	0xad5b, 0xad5b, 0xad5b, 0xad5b, 0xad5b, 0xad5b, 0xad5b, 0xad5b, 0xad5b, 0xad5b, 0xad5b, 0xad5b, 0xad5b, 0xad5b, 0xad5b, 0xad5b, 
	0xad5b, 0xad5b, 0xad5b, 0xad5b, 0xad5b, 0xad5b, 0xad5b, 0xad5b, 0xad5b, 0xad5b, 0xad5b, 0xad5b, 0xad5b, 0xad5b, 0xad5b, 0xad5b, 
	0xad5b, 0xad5b, 0xad5b, 0xad5b, 0xad5b, 0xad5b, 0xad5b, 0xad5b, 0xad5b, 0xad5b, 0xad5b, 0xad5b, 0xad5b, 0xad5b, 0xad5b, 0xad5b, 
	0xad5b, 0xad5b, 0xad5b, 0xad5b, 0xad5b, 0xad5b, 0xad5b, 0xad5b, 0xad5b, 0xad5b, 0xad5b, 0xad5b, 0xad5b, 0xad5b, 0xad5b, 0xad5b, 
	0xad5b, 0xad5b, 0xad5b, 0xad5b, 0xad5b, 0xad5b, 0xad5b, 0xad5b, 0xad5b, 0xad5b, 0xad5b, 0xad5b, 0xad5b, 0xad5b, 0xad5b, 0xad5b, 
	0xad5b, 0xad5b, 0xad5b, 0xad5b, 0xad5b, 0xad5b, 0xad5b, 0xad7b, 0xad5b, 0xad5b, 0xad5b, 0xad5b, 0xad5b, 0xad7b, 0xad5b, 0xad5b, 
	0xad5b, 0xad5b, 0xad7b, 0xad5b, 0xad7b, 0xad7b, 0xad5b, 0xad7b, 0xad7b, 0xad7b, 0xad7b, 0xad5b, 0xad7b, 0xad7b, 0xad5b, 0xad7b, 
	0xad7b, 0xad7b, 0xad7b, 0xad7b, 0xad7b, 0xad7b, 0xad7b, 0xad7c, 0xad7b, 0xad7c, 0xad7b, 0xad7b, 0xad7b, 0xad5b, 0xad7c, 0xad7b, 
	0xad5b, 0xad5b, 0xad5b, 0xad5b, 0xad5b, 0xad5b, 0xad5b, 0xad5b, 0xad5b, 0xad5b, 0xad5b, 0xad5b, 0xad5b, 0xad5b, 0xad5b, 0xad5b, 
	0xad5b, 0xad5b, 0xad5b, 0xad5b, 0xad5b, 0xad5b, 0xad5b, 0xad5b, 0xad5b, 0xad5b, 0xad5b, 0xad5b, 0xad5b, 0xad5b, 0xad5b, 0xad5b, 
	0xad5b, 0xad5b, 0xad5b, 0xad5b, 0xad5b, 0xad5b, 0xad5b, 0xad5b, 0xad5b, 0xad5b, 0xad5b, 0xad5b, 0xad5b, 0xad5b, 0xad5b, 0xad5b, 
	0xad5b, 0xad5b, 0xad5b, 0xad5b, 0xad5b, 0xad5b, 0xad5b, 0xad5b, 0xad5b, 0xad5b, 0xad5b, 0xad5b, 0xad5b, 0xad5b, 0xad5b, 0xad5b, 
	0xad5b, 0xad5b, 0xad5b, 0xad5b, 0xad5b, 0xad5b, 0xad5b, 0xad5b, 0xad5b, 0xad5b, 0xad5b, 0xad5b, 0xad5b, 0xad5b, 0xad5b, 0xad5b, 
	0xad5b, 0xad7b, 0xad5b, 0xad5b, 0xad5b, 0xad5b, 0xad5b, 0xad5b, 0xad5b, 0xad5b, 0xad5b, 0xad7b, 0xad5b, 0xad5b, 0xad5b, 0xad5b, 
	0xad5b, 0xad7b, 0xad5b, 0xad7b, 0xad5b, 0xad5b, 0xad7b, 0xad7b, 0xad5b, 0xad7b, 0xad7b, 0xad7b, 0xad5b, 0xad7c, 0xad7b, 0xad7c, 
	0xad7b, 0xad7c, 0xad7b, 0xad7c, 0xad7b, 0xad7b, 0xad7b, 0xad7b, 0xad7c, 0xad7c, 0xad7b, 0xad7c, 0xad7b, 0xad7c, 0xad7c, 0xad7c, 
	0xad7c, 0xad7b, 0xad7c, 0xad7b, 0xad7b, 0xad7c, 0xad7c, 0xad7c, 0xad7c, 0xad7b, 0xad7c, 0xad7c, 0xad7c, 0xad7c, 0xad7c, 0xad7c, 
	0xad7c, 0xad7c, 0xad7c, 0xad7c, 0xad7c, 0xad7c, 0xad7c, 0xad7c, 0xad7c, 0xad7c, 0xad7c, 0xad7c, 0xad7c, 0xad7c, 0xad7c, 0xad7c, 
	0xad5b, 0xad5b, 0xad5b, 0xad5b, 0xad5b, 0xad5b, 0xad5b, 0xad5b, 0xad5b, 0xad5b, 0xad5b, 0xad5b, 0xad5b, 0xad5b, 0xad5b, 0xad5b, 
	0xad5b, 0x2945, 0xad5b, 0xad5b, 0xad5b, 0xad5b, 0xad5b, 0xad5b, 0xad5b, 0xad5b, 0xad5b, 0xad5b, 0xad5b, 0xad5b, 0xad5b, 0xad5b, 
	0xad5b, 0xad5b, 0xad5b, 0xad5b, 0xad5b, 0xad5b, 0xad5b, 0xad5b, 0xad7b, 0xad5b, 0xad5b, 0xad7b, 0xad5b, 0xad7b, 0xad5b, 0xad5b, 
	0xad5b, 0xad5b, 0xad5b, 0xad5b, 0xad5b, 0xad5b, 0xad5b, 0xad7b, 0xad7b, 0xad5b, 0xad7b, 0xad5b, 0xad5b, 0xad7b, 0xad7b, 0xad7b, 
	0xad5b, 0xad7b, 0xad7b, 0xad7b, 0xad7b, 0xad7c, 0xad7b, 0xad5c, 0xad7b, 0xad7b, 0xad7b, 0xad7b, 0xad7c, 0xad7b, 0xad7b, 0xad7b, 
	0xad7b, 0xad7c, 0xad7b, 0xad7c, 0xad7c, 0xad7b, 0xad7c, 0xad7c, 0xad7b, 0xad7b, 0xad7c, 0xad7c, 0xad7c, 0xad7c, 0xad7c, 0xad7c, 
	0xad7c, 0xad7c, 0xad7c, 0xad7c, 0xad7c, 0xad7c, 0xad7c, 0xad7c, 0xad7c, 0xad7c, 0xad7c, 0xad7c, 0xad7c, 0xad7c, 0xad7c, 0xad7c, 
	0xad7c, 0xad7c, 0xad7c, 0xad7c, 0xad7c, 0xad7c, 0xad7c, 0xad7c, 0xad7c, 0xad7c, 0xad7c, 0xad7c, 0xad7c, 0xad7c, 0xad7c, 0xad7c, 
	0xad7c, 0xad7c, 0xad7c, 0xad7c, 0xad7c, 0xad7c, 0xad7c, 0xad7c, 0xad7c, 0xad7c, 0xad7c, 0xad7c, 0xad7c, 0xad7c, 0xad7c, 0xad7c, 
	0xad7c, 0xad7c, 0xad7c, 0xad7c, 0xad7c, 0xad7c, 0xad7c, 0xad7c, 0xad7c, 0xad7c, 0xad7c, 0xad7c, 0xad7c, 0xad7c, 0xad7c, 0xad7c, 
	0xad5b, 0xad7b, 0xad5b, 0xad5b, 0xad5b, 0xad5b, 0xad5b, 0xad5b, 0xad5b, 0xad5b, 0xad5b, 0xad7b, 0xad5b, 0xad5b, 0xad7b, 0xad7b, 
	0xad5b, 0xad5b, 0xad5b, 0xad5b, 0xad7b, 0xad5b, 0xad7b, 0xad7b, 0xad5b, 0xad7b, 0xad7b, 0xad7b, 0xad7b, 0xad7b, 0xad7b, 0xad7b, 
	0xad7b, 0xad7b, 0xad7b, 0xad7c, 0xad7b, 0xad7c, 0xad7c, 0xad7c, 0xad7c, 0xad7c, 0xad7b, 0xad7c, 0xad7b, 0xad7b, 0xad7c, 0xad7b, 
	0xad7b, 0xad7c, 0xad7b, 0xad7b, 0xad7c, 0xad7c, 0xad7c, 0xad7c, 0xad7c, 0xad7c, 0xad7b, 0xad7c, 0xad7c, 0xad7c, 0xad7c, 0xad7c, 
	0xad7c, 0xad7c, 0xad7c, 0xad7c, 0xad7c, 0xad7c, 0xad7c, 0xad7c, 0xad7c, 0xad7c, 0xad7c, 0xad7c, 0xad7c, 0xad7c, 0xad7c, 0xad7c, 
	0xad7c, 0xad7c, 0xad7c, 0xad7c, 0xad7c, 0xad7c, 0xad7c, 0xad7c, 0xad7c, 0xad7c, 0xad7c, 0xad7c, 0xad7c, 0xad7c, 0xad7c, 0xad7c, 
	0xad7c, 0xad7c, 0xad7c, 0xad7c, 0xad7c, 0xad7c, 0xad7c, 0xad7c, 0xad7c, 0xad7c, 0xad7c, 0xad7c, 0xad7c, 0xad7c, 0xad7c, 0xad7c, 
	0xad7c, 0xad7c, 0xad7c, 0xad7c, 0xad7c, 0xad7c, 0xad7c, 0xad7c, 0xad7c, 0xad7c, 0xad7c, 0xad7c, 0xad7c, 0xad7c, 0xad7c, 0xad7c, 
	0xad7c, 0xad7c, 0xad7c, 0xad7c, 0xad7c, 0xad7c, 0xad7c, 0xad7c, 0xad7c, 0xad7c, 0xad7c, 0xad7c, 0xad7c, 0xad7c, 0xad7c, 0xad7c, 
	0xad7c, 0xad7c, 0xad7c, 0xad7c, 0xad7c, 0xad7c, 0xad7c, 0xad7c, 0xad7c, 0xad7c, 0xad7c, 0xad7c, 0xad7c, 0xb57c, 0xad9c, 0xad7c, 
	0xad7b, 0xad7b, 0xad7c, 0xad7b, 0xad7b, 0xad7b, 0xad7b, 0xad7c, 0xad7c, 0xad7b, 0xad7c, 0xad7c, 0xad7c, 0xad7c, 0xad7b, 0xad7c, 
	0xad7c, 0xad7b, 0xad7c, 0xad7b, 0xad7c, 0xad7b, 0xad7c, 0xad7c, 0xad7c, 0xad7c, 0xad7c, 0xad7c, 0xad7c, 0xad7c, 0xad7c, 0xad7c, 
	0xad7c, 0xad7c, 0xad7c, 0xad7c, 0xad7c, 0xad7c, 0xad7c, 0xad7c, 0xad7c, 0xad7c, 0xad7c, 0xad7c, 0xad7c, 0xad7c, 0xad7c, 0xad7c, 
	0xad7c, 0xad7c, 0xad7c, 0xad7c, 0xad7c, 0xad7c, 0xad7c, 0xad7c, 0xad7c, 0xad7c, 0xad7c, 0xad7c, 0xad7c, 0xad7c, 0xad7c, 0xad7c, 
	0xad7c, 0xad7c, 0xad7c, 0xad7c, 0xad7c, 0xad7c, 0xad7c, 0xad7c, 0xad7c, 0xad7c, 0xad7c, 0xad7c, 0xad7c, 0xad7c, 0xad7c, 0xad7c, 
	0xad7c, 0xad7c, 0xad7c, 0xad7c, 0xad7c, 0xad7c, 0xad7c, 0xad7c, 0xad7c, 0xad7c, 0xad7c, 0xad7c, 0xad7c, 0xad7c, 0xad7c, 0xad7c, 
	0xad7c, 0xad7c, 0xad7c, 0xad7c, 0xad7c, 0xad7c, 0xad7c, 0xad7c, 0xad7c, 0xad7c, 0xad7c, 0xad7c, 0xad7c, 0xad7c, 0xad7c, 0xad7c, 
	0xad7c, 0xad7c, 0xad7c, 0xad7c, 0xad7c, 0xad7c, 0xad7c, 0xad7c, 0xad7c, 0xad9c, 0xad7c, 0xb57c, 0xad7c, 0xad7c, 0xb57c, 0xb59c, 
	0xad9c, 0xad9c, 0xb59c, 0xb59c, 0xad9c, 0xb57c, 0xb57c, 0xad7c, 0xad7c, 0xad9c, 0xb57c, 0xb57c, 0xb59c, 0xb59c, 0xb57c, 0xb57c, 
	0xad9c, 0xad7c, 0xb57c, 0xb59c, 0xb59c, 0xb59c, 0xb59c, 0xb59c, 0xb59c, 0xb59c, 0xb59c, 0xb59c, 0xb59c, 0xb59c, 0xb59c, 0xb59c, 
	0xad7c, 0xad7c, 0xad7c, 0xad7c, 0xad7c, 0xad7c, 0xad7c, 0xad7c, 0xad7c, 0xad7c, 0xad7c, 0xad7c, 0xad7c, 0xad7c, 0xad7c, 0xad7c, 
	0xad7c, 0xad7c, 0xad7c, 0xad7c, 0xad7c, 0xad7c, 0xad7c, 0xad7c, 0xad7c, 0xad7c, 0xad7c, 0xad7c, 0xad7c, 0xad7c, 0xad7c, 0xad7c, 
	0xad7c, 0xad7c, 0xad7c, 0xad7c, 0xad7c, 0xad7c, 0xad7c, 0xad7c, 0xad7c, 0xad7c, 0xad7c, 0xad7c, 0xad7c, 0xad7c, 0xad7c, 0x630c, 
	0xad7c, 0xad7c, 0xad7c, 0xad7c, 0xad7c, 0xad7c, 0xad7c, 0xad7c, 0xad7c, 0xad7c, 0xad7c, 0xad7c, 0xad7c, 0xad7c, 0xad7c, 0xad7c, 
	0xad7c, 0xad7c, 0xad7c, 0xad7c, 0xad7c, 0xad7c, 0xad7c, 0xad7c, 0xad7c, 0xad7c, 0xad7c, 0xad7c, 0xad7c, 0xad7c, 0xad7c, 0xad7c, 
	0xad7c, 0xad7c, 0xad7c, 0xb57c, 0xad7c, 0xad7c, 0xad7c, 0xad7c, 0xb57c, 0xad9c, 0xad9c, 0xb59c, 0xad9c, 0xb57c, 0xad9c, 0xb57c, 
	0xb59c, 0xb59c, 0xb59c, 0xb59c, 0xb59c, 0xb57c, 0xb59c, 0xb59c, 0xb59c, 0xad9c, 0xb59c, 0xb59c, 0xb59c, 0xb59c, 0xad9c, 0xb59c, 
	0xb59c, 0xb59c, 0xb59c, 0xb59c, 0xb59c, 0xb59c, 0xb59c, 0xb59c, 0xb59c, 0xb59c, 0xb59c, 0xb59c, 0xb59c, 0xb59c, 0xb59c, 0xb59c, 
	0xb59c, 0xb59c, 0xb59c, 0xb59c, 0xb59c, 0xb59c, 0xb59c, 0xb59c, 0xb59c, 0xb59c, 0xb59c, 0xb59c, 0xb59c, 0xb59c, 0xb59c, 0xb59c, 
	0xb59c, 0xb59c, 0xb59c, 0xb59c, 0xb59c, 0xb59c, 0xb59c, 0xb59c, 0xb59c, 0xb59c, 0xb59c, 0xb59c, 0xb59c, 0xb59c, 0xb59c, 0xb59c, 
	0xad7c, 0xad7c, 0xad7c, 0xad7c, 0xad7c, 0xad7c, 0xad7c, 0xad7c, 0xad7c, 0xad7c, 0xad7c, 0xad7c, 0xad7c, 0xad7c, 0xad7c, 0xad7c, 
	0xad7c, 0xad7c, 0xad7c, 0xad7c, 0xad7c, 0xad7c, 0xad7c, 0xad7c, 0xad7c, 0xad7c, 0xad7c, 0xad7c, 0xad7c, 0xad7c, 0xad7c, 0xad7c, 
	0xad7c, 0xad7c, 0xad7c, 0xad7c, 0xad7c, 0xad7c, 0xad9c, 0xb57c, 0xb57c, 0xad7c, 0xad7c, 0xad7c, 0xb57c, 0xad7c, 0xad7c, 0xad7c, 
	0xad7c, 0xad7c, 0xb57c, 0xad9c, 0xad9c, 0xb57c, 0xad9c, 0xb57c, 0xb57c, 0xad9c, 0xb59c, 0xb59c, 0xad7c, 0xb59c, 0xb59c, 0xb59c, 
	0xb59c, 0xb57c, 0xb57c, 0xb59c, 0xb59c, 0xb59c, 0xb59c, 0xb59c, 0xb59c, 0xb59c, 0xb59c, 0xb59c, 0xb59c, 0xb59c, 0xb59c, 0xb59c, 
	0xb59c, 0xb59c, 0xb59c, 0xb59c, 0xb59c, 0xb59c, 0xb59c, 0xb59c, 0xb59c, 0xb59c, 0xb59c, 0xb59c, 0xb59c, 0xb59c, 0xb59c, 0xb59c, 
	0xb59c, 0xb59c, 0xb59c, 0xb59c, 0xb59c, 0xb59c, 0xb59c, 0xb59c, 0xb59c, 0xb59c, 0xb59c, 0xb59c, 0xb59c, 0xb59c, 0xb59c, 0xb59c, 
	0xb59c, 0xb59c, 0xb59c, 0xb59c, 0xb59c, 0xb59c, 0xb59c, 0xb59c, 0xb59c, 0xb59c, 0xb59c, 0xb59c, 0xb59c, 0xb59c, 0xb59c, 0xb59c, 
	0xb59c, 0xb59c, 0xb59c, 0xb59c, 0xb59c, 0xb59c, 0xb59c, 0xb59c, 0xb59c, 0xb59c, 0xb59c, 0xb59c, 0xb59c, 0xb59c, 0xb59c, 0xb59c, 
	0xb59c, 0xb59c, 0xb59c, 0xb59c, 0xb59c, 0xb59c, 0xb59c, 0xb59c, 0xb59c, 0xb59c, 0xb59c, 0xb59c, 0xb59c, 0xb59c, 0xb59c, 0xb59c, 
	0xb57c, 0xad9c, 0xb59c, 0xad7c, 0xad9c, 0xad7c, 0xad7c, 0xad7c, 0xad7c, 0xad7c, 0xad9c, 0xb57c, 0xb57c, 0xb57c, 0xad7c, 0xb59c, 
	0xad9c, 0xad7c, 0xad9c, 0xb57c, 0xad7c, 0xad9c, 0xb59c, 0xb59c, 0xb59c, 0xb59c, 0xad9c, 0xb59c, 0xb59c, 0xb59c, 0xb57c, 0xb59c, 
	0xb59c, 0xb59c, 0xb59c, 0xb59c, 0xb59c, 0xb59c, 0xb59c, 0xb59c, 0xb59c, 0xb59c, 0xb59c, 0xb59c, 0xb59c, 0xb59c, 0xb59c, 0xb59c, 
	0xb59c, 0xb59c, 0xb59c, 0xb59c, 0xb59c, 0xb59c, 0xb59c, 0xb59c, 0xb59c, 0xb59c, 0xb59c, 0xb59c, 0xb59c, 0xb59c, 0xb59c, 0xb59c, 
	0xb59c, 0xb59c, 0xb59c, 0xb59c, 0xb59c, 0xb59c, 0xb59c, 0xb59c, 0xb59c, 0xb59c, 0xb59c, 0xb59c, 0xb59c, 0xb59c, 0xb59c, 0xb59c, 
	0xb59c, 0xb59c, 0xb59c, 0xb59c, 0xb59c, 0xb59c, 0xb59c, 0xb59c, 0xb59c, 0xb59c, 0xb59c, 0xb59c, 0xb59c, 0xb59c, 0xb59c, 0xb59c, 
	0xb59c, 0xb59c, 0xb59c, 0xb59c, 0xb59c, 0xb59c, 0xb59c, 0xb59c, 0xb59c, 0xb59c, 0xb59c, 0xb59c, 0xb59c, 0xb59c, 0xb59c, 0xb59c, 
	0xb59c, 0xb59c, 0xb59c, 0xb59c, 0xb59c, 0xb59c, 0xb59c, 0xb59c, 0xb59c, 0xb59c, 0xb59c, 0xb59c, 0xb59c, 0xb59c, 0xb59c, 0xb59c, 
	0xb59c, 0xb59c, 0xb59c, 0xb59c, 0xb59c, 0xb59c, 0xb59c, 0xb59c, 0xb59c, 0xb59c, 0xb59c, 0xb59c, 0xb59c, 0xb59c, 0xb59c, 0xb59c, 
	0xb59c, 0xb59c, 0xb59c, 0xb59c, 0xb59c, 0xb59c, 0xb59c, 0xb59c, 0xb59c, 0xb59c, 0xb59c, 0xb59c, 0xb59c, 0xb59c, 0xb59c, 0xb59c, 
	0xb59c, 0xb59c, 0xb59c, 0xb59c, 0xb59c, 0xb59c, 0xb59c, 0xb59c, 0xb59c, 0xb59c, 0xb59c, 0xb59c, 0xb59c, 0xb59c, 0xb59c, 0xb59c, 
	0xb59c, 0xb59c, 0xb59c, 0xb59c, 0xb59c, 0xb59c, 0xb59c, 0xb59c, 0xb59c, 0xb59c, 0xb59c, 0xb59c, 0xb59c, 0xb59c, 0xb59c, 0xb59c, 
	0xb59c, 0xb59c, 0xb59c, 0xb59c, 0xb59c, 0xb59c, 0xb59c, 0xb59c, 0xb59c, 0xb59c, 0xb59c, 0xb59c, 0xb59c, 0xb59c, 0xb59c, 0xb59c, 
	0xb59c, 0xb59c, 0xb59c, 0xb59c, 0xb59c, 0xb59c, 0xb59c, 0xb59c, 0xb59c, 0xb59c, 0xb59c, 0xb59c, 0xb59c, 0xb59c, 0xb59c, 0xb59c, 
	0xb59c, 0xb59c, 0xb59c, 0xb59c, 0xb59c, 0xb59c, 0xb59c, 0xb59c, 0xb59c, 0xb59c, 0xb59c, 0xb59c, 0xb59c, 0xb59c, 0xb59c, 0xb59c, 
	0xb59c, 0xb59c, 0xb59c, 0xb59c, 0xb59c, 0xb59c, 0xb59c, 0xb59c, 0xb59c, 0xb59c, 0xb59c, 0xb59c, 0xb59c, 0xb59c, 0xb59c, 0xb59c, 
	0xb59c, 0xb59c, 0xb59c, 0xb59c, 0xb59c, 0xb59c, 0xb59c, 0xb59c, 0xb59c, 0xb59c, 0xb59c, 0xb59c, 0xb59c, 0xb59c, 0xb59c, 0xb59c, 
	0xb59c, 0xb59c, 0xb59c, 0xb59c, 0xb59c, 0xb59c, 0xb59c, 0xb59c, 0xb5bc, 0xb59c, 0xb5bc, 0xb5bc, 0xb5bc, 0xb5bc, 0xb5bc, 0xb59c, 
	0xb59c, 0xb5bc, 0xb5bc, 0xb59c, 0xb5bc, 0xb59c, 0xb5bc, 0xb5bc, 0xb5bd, 0xb5bc, 0xb5bc, 0xb59c, 0xb59c, 0xb59c, 0xb5bc, 0xb5bc, 
	0xb59c, 0xb5bd, 0xb5bc, 0xb5bd, 0xb5bc, 0xb5bc, 0xb5bd, 0xb5bc, 0xb5bd, 0xb5bc, 0xb5bc, 0xb5bd, 0xb5bd, 0xb5bd, 0xb5bd, 0xb5bc, 
	0xb59c, 0xb59c, 0xb59c, 0xb59c, 0xb59c, 0xb59c, 0xb59c, 0xb59c, 0xb59c, 0xb59c, 0xb59c, 0xb59c, 0xb59c, 0xb59c, 0xb59c, 0xb59c, 
	0xb59c, 0xb59c, 0xb59c, 0xb59c, 0xb59c, 0xb59c, 0xb59c, 0xb59c, 0xb59c, 0xb59c, 0xb59c, 0xb59c, 0xb59c, 0xb59c, 0xb59c, 0xb59c, 
	0xb59c, 0xb59c, 0xb59c, 0xb59c, 0xb59c, 0xb59c, 0xb59c, 0xb59c, 0xb59c, 0xb59c, 0xb59c, 0xb59c, 0xb59c, 0xb59c, 0xb59c, 0xb59c, 
	0xb59c, 0xb59c, 0xb59c, 0xb59c, 0xb59c, 0xb59c, 0xb59c, 0xb59c, 0xb59c, 0xb59c, 0xb59c, 0xb59c, 0xb59c, 0xb59c, 0xb59c, 0xb59c, 
	0xb59c, 0xb59c, 0xb59c, 0xb59c, 0xb59c, 0xb59c, 0xb59c, 0xb59c, 0xb59c, 0xb59c, 0xb59c, 0xb59c, 0xb59c, 0xb59c, 0xb59c, 0xb59c, 
	0xb5bc, 0xb5bc, 0xb59c, 0xb59c, 0xb5bc, 0xb59c, 0xb59c, 0xb5bc, 0xb59c, 0xb59c, 0xb59c, 0xb59c, 0xb59c, 0xb59c, 0xb5bc, 0xb59c, 
	0xb59c, 0xb59c, 0xb5bd, 0xb5bc, 0xb5bd, 0xb59c, 0xb5bc, 0xb5bc, 0xb5bd, 0xb5bd, 0xb5bc, 0xb5bc, 0xb5bc, 0xb5bc, 0xb5bc, 0xb5bc, 
	0xb5bc, 0xb5bd, 0xb5bc, 0xb5bd, 0xb5bd, 0xb5bd, 0xb5bc, 0xb5bd, 0xb5bd, 0xb5bd, 0xb5bd, 0xb5bd, 0xb5bd, 0xb5bd, 0xb5bd, 0xb5bd, 
	0xb5bd, 0xb5bd, 0xb5bd, 0xb5bd, 0xb5bd, 0xb5bd, 0xb5bd, 0xb5bd, 0xb5bd, 0xb5bd, 0xb5bd, 0xb5bd, 0xb5bd, 0xb5bd, 0xb5bd, 0xb5bd, 
	0xb5bd, 0xb5bd, 0xb5bd, 0xb5bd, 0xb5bd, 0xb5bd, 0xb5bd, 0xb5bd, 0xb5bd, 0xb5bd, 0xb5bd, 0xb5bd, 0xb5bd, 0xb5bd, 0xb5bd, 0xb5bd, 
	0xb59c, 0xb59c, 0xb59c, 0xb59c, 0xb59c, 0xb59c, 0xb59c, 0xb59c, 0xb59c, 0xb59c, 0xb59c, 0xb59c, 0xb59c, 0xb59c, 0xb59c, 0xb59c, 
	0xb59c, 0xb59c, 0xb59c, 0xb59c, 0xb59c, 0xb59c, 0xb59c, 0xb59c, 0xb59c, 0xb59c, 0xb59c, 0xb59c, 0xb59c, 0xb59c, 0xb59c, 0xb59c, 
	0xb59c, 0xb59c, 0xb59c, 0xb59c, 0xb59c, 0xb59c, 0xb5bc, 0xb59c, 0xb59c, 0xb59c, 0xb5bc, 0xb5bc, 0xb59c, 0xb5bc, 0xb5bc, 0xb5bc, 
	0xb5bc, 0xb59c, 0xb59c, 0xb5bc, 0xb59c, 0xb59c, 0xb5bc, 0xb59c, 0xb5bc, 0xb59c, 0xb5bc, 0xb5bc, 0xb59c, 0xb5bc, 0xb5bc, 0xb5bc, 
	0xb5bc, 0xb5bc, 0xb5bc, 0xb5bc, 0xb5bc, 0xb59d, 0xb5bc, 0xb5bc, 0xb5bd, 0xb5bd, 0xb5bc, 0xb5bc, 0xb5bd, 0xb5bd, 0xb5bd, 0xb5bc, 
	0xb5bd, 0xb5bd, 0xb5bd, 0xb5bd, 0xb5bc, 0xb5bc, 0xb5bd, 0xb5bd, 0xb5bd, 0xb5bd, 0xb5bd, 0xb5bd, 0xb5bd, 0xb5bc, 0xb5bd, 0xb5bd, 
	0xb5bd, 0xb5bd, 0xb5bd, 0xb5bd, 0xb5bd, 0xb5bd, 0xb5bd, 0xb5bd, 0xb5bd, 0xb5bd, 0xb5bd, 0xb5bd, 0xb5bd, 0xb5bd, 0xb5bd, 0xb5bd, 
	0xb5bd, 0xb5bd, 0xb5bd, 0xb5bd, 0xb5bd, 0xb5bd, 0xb5bd, 0xb5bd, 0xb5bd, 0xb5bd, 0xb5bd, 0xb5bd, 0xb5bd, 0xb5bd, 0xb5bd, 0xb5bd, 
	0xb5bd, 0xb5bd, 0xb5bd, 0xb5bd, 0xb5bd, 0xb5bd, 0xb5bd, 0xb5bd, 0xb5bd, 0xb5bd, 0xb5bd, 0xb5bd, 0xb5bd, 0xb5bd, 0xb5bd, 0xb5bd, 
	0xb5bd, 0xb5bd, 0xb5bd, 0xb5bd, 0xb5bd, 0xb5bd, 0xb5bd, 0xb5bd, 0xb5bd, 0xb5bd, 0xb5bd, 0xb5bd, 0xb5bd, 0xb5bd, 0xb5bd, 0xb5bd, 
	0xb59c, 0xb59c, 0xb5bc, 0xb59c, 0xb5bc, 0xb59c, 0xb59c, 0xb5bc, 0xb5bc, 0xb59c, 0xb59c, 0xb59c, 0xb5bc, 0xb59c, 0xb5bc, 0xb59c, 
	0xb59c, 0xb5bc, 0xb5bc, 0xb59c, 0xb5bc, 0xb5bc, 0xb5bc, 0xb59c, 0xb5bd, 0xb5bc, 0xb5bc, 0xb5bd, 0xb5bc, 0xb5bd, 0xb5bd, 0xb5bc, 
	0xb5bd, 0xb59c, 0xb5bd, 0xb5bc, 0xb5bd, 0xb5bd, 0xb5bd, 0xb5bc, 0xb5bc, 0xb5bd, 0xb5bc, 0xb5bd, 0xb5bd, 0xb5bd, 0xb5bd, 0xb5bd, 
	0xb5bd, 0xb5bd, 0xb5bd, 0xb5bd, 0xb5bd, 0xb5bd, 0xb5bd, 0xb5bd, 0xb5bd, 0xb5bd, 0xb5bd, 0xb5bd, 0xb5bd, 0xb5bd, 0xb5bd, 0xb5bd, 
	0xb5bd, 0xb5bd, 0xb5bd, 0xb5bd, 0xb5bd, 0xb5bd, 0xb5bd, 0xb5bd, 0xb5bd, 0xb5bd, 0xb5bd, 0xb5bd, 0xb5bd, 0xb5bd, 0xb5bd, 0xb5bd, 
	0xb5bd, 0xb5bd, 0xb5bd, 0xb5bd, 0xb5bd, 0xb5bd, 0xb5bd, 0xb5bd, 0xb5bd, 0xb5bd, 0xb5bd, 0xb5bd, 0xb5bd, 0xb5bd, 0xb5bd, 0xb5bd, 
	0xb5bd, 0xb5bd, 0xb5bd, 0xb5bd, 0xb5bd, 0xb5bd, 0xb5bd, 0xb5bd, 0xb5bd, 0xb5bd, 0xb5bd, 0xb5bd, 0xb5bd, 0xb5bd, 0xb5bd, 0xb5bd, 
	0xb5bd, 0xb5bd, 0xb5bd, 0xb5bd, 0xb5bd, 0xb5bd, 0xb5bd, 0xb5bd, 0xb5bd, 0xb5bd, 0xb5bd, 0xb5bd, 0xb5bd, 0xb5bd, 0xb5bd, 0xb5bd, 
	0xb5bd, 0xb5bd, 0xb5bd, 0xb5bd, 0xb5bd, 0xb5bd, 0xb5bd, 0xb5bd, 0xb5bd, 0xb5bd, 0xb5bd, 0xb5bd, 0xb5bd, 0xb5bd, 0xb5bd, 0xb5bd, 
	0xb5bd, 0xb5bd, 0xb5bd, 0xb5bd, 0xb5bd, 0xb5bd, 0xb5bd, 0xb5bd, 0xb5bd, 0xb5bd, 0xbdbd, 0xb5bd, 0xb5bd, 0xb5bd, 0xb5dd, 0xbdbd, 
	0xb5bd, 0xb5bd, 0xb5bc, 0xb5bd, 0xb5bc, 0xb5bd, 0xb5bd, 0xb5bd, 0xb5bd, 0xb5bd, 0xb5bc, 0xb5bd, 0xb5bd, 0xb5bd, 0xb5bd, 0xb5bd, 
	0xb5bd, 0xb5bd, 0xb5bd, 0xb5bd, 0xb5bd, 0xb5bd, 0xb5bd, 0xb5bd, 0xb5bd, 0xb5bd, 0xb5bd, 0xb5bd, 0xb5bd, 0xb5bd, 0xb5bd, 0xb5bd, 
	0xb5bd, 0xb5bd, 0xb5bd, 0xb5bd, 0xb5bd, 0xb5bd, 0xb5bd, 0xb5bd, 0xb5bd, 0xb5bd, 0xb5bd, 0xb5bd, 0xb5bd, 0xb5bd, 0xb5bd, 0xb5bd, 
	0xb5bd, 0xb5bd, 0xb5bd, 0xb5bd, 0xb5bd, 0xb5bd, 0xb5bd, 0xb5bd, 0xb5bd, 0xb5bd, 0xb5bd, 0xb5bd, 0xb5bd, 0xb5bd, 0xb5bd, 0xb5bd, 
	0xb5bd, 0xb5bd, 0xb5bd, 0xb5bd, 0xb5bd, 0xb5bd, 0xb5bd, 0xb5bd, 0xb5bd, 0xb5bd, 0xb5bd, 0xb5bd, 0xb5bd, 0xb5bd, 0xb5bd, 0xb5bd, 
	0xb5bd, 0xb5bd, 0xb5bd, 0xb5bd, 0xb5bd, 0xb5bd, 0xb5bd, 0xb5bd, 0xb5bd, 0xb5bd, 0xb5bd, 0xb5bd, 0xb5bd, 0xb5bd, 0xb5bd, 0xb5bd, 
	0xb5bd, 0xb5bd, 0xb5bd, 0xb5bd, 0xb5bd, 0xb5bd, 0xb5bd, 0xb5bd, 0xb5bd, 0xb5bd, 0xb5bd, 0xb5bd, 0xb5bd, 0xb5bd, 0xb5bd, 0xffff, 
	0xb5bd, 0xb5bd, 0xb5bd, 0xbdbd, 0xb5dd, 0xb5bd, 0xbdbd, 0xb5bd, 0xb5bd, 0xb5dd, 0xb5bd, 0xb5bd, 0xb5bd, 0xbddd, 0xbddd, 0xbdbd, 
	0xb5bd, 0xbddd, 0xb5bd, 0xbddd, 0xb5bd, 0xbddd, 0xbdbd, 0xb5dd, 0xbddd, 0xb5bd, 0xb5dd, 0xbddd, 0xbddd, 0xbddd, 0xbdbd, 0xbdbd, 
	0xbddd, 0xbddd, 0xb5dd, 0xbddd, 0xbddd, 0xbddd, 0xbddd, 0xbddd, 0xbddd, 0xbddd, 0xbddd, 0xbddd, 0xbddd, 0xbddd, 0xbddd, 0xbddd, 
	0xb5bd, 0xb5bd, 0xb5bd, 0xb5bd, 0xb5bd, 0xb5bd, 0xb5bd, 0xb5bd, 0xb5bd, 0xb5bd, 0xb5bd, 0xb5bd, 0xb5bd, 0xb5bd, 0xb5bd, 0xb5bd, 
	0xb5bd, 0xb5bd, 0xb5bd, 0xb5bd, 0xb5bd, 0xb5bd, 0xb5bd, 0xb5bd, 0xb5bd, 0xb5bd, 0xb5bd, 0xb5bd, 0xb5bd, 0xb5bd, 0xb5bd, 0xb5bd, 
	0xb5bd, 0xb5bd, 0xb5bd, 0xb5bd, 0xb5bd, 0xb5bd, 0xb5bd, 0xb5bd, 0xb5bd, 0xb5bd, 0xb5bd, 0xb5bd, 0xb5bd, 0xb5bd, 0xb5bd, 0xb5bd, 
	0xb5bd, 0xb5bd, 0xb5bd, 0xb5bd, 0xb5bd, 0xb5bd, 0xb5bd, 0xb5bd, 0xb5bd, 0xb5bd, 0xb5bd, 0xb5bd, 0xb5bd, 0xb5bd, 0xb5bd, 0xb5bd, 
	0xb5bd, 0xb5bd, 0xb5bd, 0xb5bd, 0xb5bd, 0xb5bd, 0xb5bd, 0xb5bd, 0xb5bd, 0xb5bd, 0xb5bd, 0xbdbd, 0xbddd, 0xb5bd, 0xb5bd, 0xb5bd, 
	0xb5bd, 0xb5bd, 0xbdbd, 0xb5bd, 0xbdbd, 0xb5bd, 0xb5bd, 0xb5dd, 0xbddd, 0xbddd, 0xb5bd, 0xbdbd, 0xb5dd, 0xb5dd, 0xbddd, 0xbdbd, 
	0xbddd, 0xbddd, 0xbdbd, 0xbddd, 0xbdbd, 0xbddd, 0xb5dd, 0xbdbd, 0xbddd, 0xbddd, 0xbddd, 0xbddd, 0xbddd, 0xbddd, 0xbddd, 0xb5dd, 
	0xbddd, 0xbddd, 0xbddd, 0xbddd, 0xbddd, 0xbddd, 0xbddd, 0xbddd, 0xbddd, 0xbddd, 0xbddd, 0xbddd, 0xbddd, 0xbddd, 0xbddd, 0xbddd, 
	0xbddd, 0xbddd, 0xbddd, 0xbddd, 0xbddd, 0xbddd, 0xbddd, 0xbddd, 0xbddd, 0xbddd, 0xbddd, 0xbddd, 0xbddd, 0xbddd, 0xbddd, 0xbddd, 
	0xbddd, 0xbddd, 0xbddd, 0xbddd, 0xbddd, 0xbddd, 0xbddd, 0xbddd, 0xbddd, 0xbddd, 0xbddd, 0xbddd, 0xbddd, 0xbddd, 0xbddd, 0xbddd, 
	0xb5bd, 0xb5bd, 0xb5bd, 0xb5bd, 0xb5bd, 0xb5bd, 0xb5bd, 0xb5bd, 0xb5bd, 0xb5bd, 0xb5bd, 0xb5bd, 0xb5bd, 0xb5bd, 0xb5bd, 0xb5bd, 
	0xb5bd, 0xb5bd, 0xb5bd, 0xb5bd, 0xb5bd, 0xb5bd, 0xb5bd, 0xb5bd, 0xb5bd, 0xb5bd, 0xb5bd, 0xb5bd, 0xb5bd, 0xb5bd, 0xb5bd, 0xb5bd, 
	0xb5bd, 0xb5bd, 0xb5bd, 0xb5bd, 0xbdbd, 0xb5bd, 0xb5bd, 0xb5bd, 0xb5bd, 0xb5dd, 0xb5bd, 0xb5dd, 0xb5bd, 0xbdbd, 0xb5dd, 0xb5bd, 
	0xb5bd, 0xb5dd, 0xb5bd, 0xbddd, 0xbdbd, 0xb5dd, 0xbdbd, 0xb5dd, 0xbddd, 0xbddd, 0xbdbd, 0xb5dd, 0xb5dd, 0xbddd, 0xbddd, 0xbddd, 
	0xbddd, 0xbddd, 0xb5dd, 0xbddd, 0xbddd, 0xbddd, 0xbddd, 0xbddd, 0xbddd, 0xbddd, 0xbddd, 0xbddd, 0xad55, 0xbddd, 0xbddd, 0xbddd, 
	0xbddd, 0xbddd, 0xbddd, 0xbddd, 0xbddd, 0xbddd, 0xbddd, 0xbddd, 0xbddd, 0xbddd, 0xbddd, 0xbddd, 0xbddd, 0xbddd, 0xbddd, 0xbddd, 
	0xbddd, 0xbddd, 0xbddd, 0xbddd, 0xbddd, 0xbddd, 0xbddd, 0xbddd, 0xbddd, 0xbddd, 0xbddd, 0xbddd, 0xbddd, 0xbddd, 0xbddd, 0xbddd, 
	0xbddd, 0xbddd, 0xbddd, 0xbddd, 0xbddd, 0xbddd, 0xbddd, 0xbddd, 0xbddd, 0xbddd, 0xbddd, 0xbddd, 0xbddd, 0xbddd, 0xbddd, 0xbddd, 
	0xbddd, 0xbddd, 0xbddd, 0xbddd, 0xbddd, 0xbddd, 0xbddd, 0xbddd, 0xbddd, 0xbddd, 0xbddd, 0xbddd, 0xbddd, 0xbddd, 0xbddd, 0xbddd, 
	0xbddd, 0xbddd, 0xbddd, 0xbddd, 0xbddd, 0xbddd, 0xbddd, 0xbddd, 0xbddd, 0xbddd, 0xbddd, 0xbddd, 0xbddd, 0xbddd, 0xbddd, 0xbddd, 
	0xb5bd, 0xb5bd, 0xb5bd, 0xbdbd, 0xb5bd, 0xb5bd, 0xb5bd, 0xbddd, 0xb5bd, 0xbdbd, 0xb5dd, 0xbddd, 0xb5bd, 0xb5dd, 0xb5bd, 0xbdbd, 
	0xbddd, 0xb5bd, 0xbddd, 0xbddd, 0xbddd, 0xbddd, 0xb5bd, 0xbddd, 0xbddd, 0xb5dd, 0xbddd, 0xbddd, 0xbddd, 0xbddd, 0xbddd, 0xbddd, 
	0xbddd, 0xbddd, 0xbddd, 0xbddd, 0xbddd, 0xbddd, 0xbddd, 0xbddd, 0xbddd, 0xbddd, 0xbddd, 0xbddd, 0xbddd, 0xbddd, 0xbddd, 0xbddd, 
	0xbddd, 0xbddd, 0xbddd, 0xbddd, 0xbddd, 0xbddd, 0xbddd, 0xbddd, 0xbddd, 0xbddd, 0xbddd, 0xbddd, 0xbddd, 0xbddd, 0xbddd, 0xbddd, 
	0xbddd, 0xbddd, 0xbddd, 0xbddd, 0xbddd, 0xbddd, 0xbddd, 0xbddd, 0xbddd, 0xbddd, 0xbddd, 0xbddd, 0xbddd, 0xbddd, 0xbddd, 0xbddd, 
	0xbddd, 0xbddd, 0xbddd, 0xbddd, 0xbddd, 0xbddd, 0xbddd, 0xbddd, 0xbddd, 0xbddd, 0xbddd, 0xbddd, 0xbddd, 0xbddd, 0xbddd, 0xbddd, 
	0xbddd, 0xbddd, 0xbddd, 0xbddd, 0xbddd, 0xbddd, 0xbddd, 0xbddd, 0xbddd, 0xbddd, 0xbddd, 0xbddd, 0xbddd, 0xbddd, 0xbddd, 0xbddd, 
	0xbddd, 0xbddd, 0xbddd, 0xbddd, 0xbddd, 0xbddd, 0xbddd, 0xbddd, 0xbddd, 0xbddd, 0xbddd, 0xbddd, 0xbddd, 0xbddd, 0xbddd, 0xbddd, 
	0xbddd, 0xbddd, 0xbddd, 0xbddd, 0xbddd, 0xbddd, 0xbddd, 0xbddd, 0xbddd, 0xbddd, 0xbddd, 0xbddd, 0xbddd, 0xbddd, 0xbddd, 0xbddd, 
	0xbddd, 0xbddd, 0xbddd, 0xbddd, 0xbddd, 0xbddd, 0xbddd, 0xbddd, 0xbddd, 0xbddd, 0xbddd, 0xbddd, 0xbddd, 0xbddd, 0xbddd, 0xbddd, 
	0xbddd, 0xbddd, 0xbddd, 0xbddd, 0xbddd, 0xbddd, 0xbddd, 0xbddd, 0xbddd, 0xbddd, 0xbddd, 0xbddd, 0xbddd, 0xbddd, 0xbddd, 0xbddd, 
	0xbddd, 0xbddd, 0xbddd, 0xbddd, 0xffff, 0xbddd, 0xbddd, 0xbddd, 0xbddd, 0xbddd, 0xbddd, 0xbddd, 0xbddd, 0xbddd, 0xbddd, 0xbddd, 
	0xbddd, 0xbddd, 0xbddd, 0xbddd, 0xbddd, 0xbddd, 0xbddd, 0xbddd, 0xbddd, 0xbddd, 0xbddd, 0xbddd, 0xbddd, 0xbddd, 0xbddd, 0xbddd, 
	0xbddd, 0xbddd, 0xbddd, 0xbddd, 0xbddd, 0xbddd, 0xbddd, 0xbddd, 0xbddd, 0xbddd, 0xbddd, 0xbddd, 0xbddd, 0xbddd, 0xbddd, 0xbddd, 
	0xbddd, 0xbddd, 0xbddd, 0xbddd, 0xbddd, 0xbddd, 0xbddd, 0xbddd, 0xbddd, 0xbddd, 0xbddd, 0xbddd, 0xbddd, 0xbddd, 0xbddd, 0xbddd, 
	0xbddd, 0xbddd, 0xbddd, 0xbddd, 0xbddd, 0xbddd, 0xbddd, 0xbddd, 0xbddd, 0xbddd, 0xbddd, 0xbddd, 0xbddd, 0xbddd, 0xbddd, 0xbddd, 
	0xbddd, 0xbddd, 0xbddd, 0xbddd, 0xbddd, 0xbddd, 0xbddd, 0xbddd, 0xbddd, 0xbddd, 0xbddd, 0xbddd, 0xbddd, 0xbddd, 0xbddd, 0xbddd, 
	0xbdfd, 0xbdfd, 0xbddd, 0xbddd, 0xbddd, 0xbddd, 0xbddd, 0xbddd, 0xbddd, 0xbddd, 0xbddd, 0xbddd, 0xbdfd, 0xbddd, 0xbdfd, 0xbddd, 
	0xbdfd, 0xbdfd, 0xbdfd, 0xbddd, 0xbddd, 0xbdde, 0xbddd, 0xbdfd, 0xbdfe, 0xbddd, 0xbddd, 0xbdfd, 0xbdfd, 0xbdfd, 0xbdfe, 0xbdfd, 
	0xbdfe, 0xbdfd, 0xbddd, 0xbdfd, 0xbdfd, 0xbdfd, 0xbdfd, 0xbdfe, 0xbdfd, 0xbdfe, 0xbdfe, 0xbdfe, 0xbdfe, 0xbdfe, 0xbdfe, 0xbdfd, 
	0xbddd, 0xbddd, 0xbddd, 0xbddd, 0xbddd, 0xbddd, 0xbddd, 0xbddd, 0xbddd, 0xbddd, 0xbddd, 0xbddd, 0xbddd, 0xbddd, 0xbddd, 0xbddd, 
	0xbddd, 0xbddd, 0xbddd, 0xbddd, 0xbddd, 0xbddd, 0xbddd, 0xbddd, 0xbddd, 0xbddd, 0xbddd, 0xbddd, 0xbddd, 0xbddd, 0xbddd, 0xbddd, 
	0xbddd, 0xbddd, 0xbddd, 0xbddd, 0xbddd, 0xbddd, 0xbddd, 0xbddd, 0xbddd, 0xbddd, 0xbddd, 0xbddd, 0xbddd, 0xbddd, 0xbddd, 0xbddd, 
	0xbddd, 0xbddd, 0xbddd, 0xbddd, 0xbddd, 0xbddd, 0xbddd, 0xbddd, 0xbddd, 0xbddd, 0xbddd, 0xbddd, 0xbddd, 0xbddd, 0xbddd, 0xbddd, 
	0xbddd, 0xbddd, 0xbddd, 0xbddd, 0xbddd, 0xbddd, 0xbddd, 0xbddd, 0xbddd, 0xbddd, 0xbddd, 0xbddd, 0xbddd, 0xbddd, 0xbddd, 0xbddd, 
	0xbddd, 0xbdfd, 0xbddd, 0xbdfd, 0xbddd, 0xbdfd, 0xbddd, 0xbddd, 0xbdfd, 0xbddd, 0xbddd, 0xbddd, 0xbddd, 0xbdfd, 0xbdfd, 0xbdfd, 
	0xbddd, 0xbdfd, 0xbddd, 0xbdfd, 0xbdfe, 0xbdfd, 0xbdfe, 0xbdfe, 0xbdfe, 0xbdfe, 0xbdfe, 0xbdfe, 0xbdfe, 0xbdfe, 0xbdfe, 0xbdfd, 
	0xbdfe, 0xbdfe, 0xbdfe, 0xbdfe, 0xbdfe, 0xbdfe, 0xbdfe, 0xbdfe, 0xbdfe, 0xbdfe, 0xbdfe, 0xbdfe, 0xbdfe, 0xbdfe, 0xbdfe, 0xbdfe, 
	0xbdfe, 0xbdfe, 0xbdfe, 0xbdfe, 0xbdfe, 0xbdfe, 0xbdfe, 0xbdfe, 0xbdfe, 0xbdfe, 0xbdfe, 0xbdfe, 0xbdfe, 0xbdfe, 0xbdfe, 0xbdfe, 
	0xbdfe, 0xbdfe, 0xbdfe, 0xbdfe, 0xbdfe, 0xbdfe, 0xbdfe, 0xbdfe, 0xbdfe, 0xbdfe, 0xbdfe, 0xbdfe, 0xbdfe, 0xbdfe, 0xbdfe, 0xbdfe, 
	0xbddd, 0xbddd, 0xbddd, 0xbddd, 0xbddd, 0xbddd, 0xbddd, 0xbddd, 0xbddd, 0xbddd, 0xbddd, 0xbddd, 0xbddd, 0xbddd, 0xbddd, 0xbddd, 
	0xbddd, 0xbddd, 0xbddd, 0xbddd, 0xbddd, 0xbddd, 0xbddd, 0xbddd, 0xbddd, 0xbddd, 0xbddd, 0xbddd, 0xbddd, 0xbddd, 0xbddd, 0xbddd, 
	0xbddd, 0xbddd, 0xbddd, 0xbddd, 0xbddd, 0xbddd, 0xbdfd, 0xbddd, 0xbddd, 0xbddd, 0xbddd, 0xbddd, 0xbdfd, 0xbddd, 0xbddd, 0xbdfd, 
	0xbdfd, 0xbdfd, 0xbddd, 0xbddd, 0xbdfd, 0xbdfe, 0xbdfd, 0xbdfd, 0xbdde, 0xbddd, 0xbddd, 0xbdde, 0xbddd, 0xbddd, 0xbddd, 0xbdfd, 
	0xbdde, 0xbdfe, 0xbdde, 0xbdfe, 0xbdfe, 0xbdfd, 0xbdfd, 0xbdfd, 0xbdfe, 0xbdfe, 0xbdfe, 0xbdfe, 0xbdfe, 0xbdfe, 0xbdfe, 0xbdfe, 
	0xbdfd, 0xbdfd, 0xbdfe, 0xbdfe, 0x2945, 0xbdfe, 0xbdfe, 0xbdfe, 0xbdfe, 0xbdfe, 0xbdfe, 0xbdfe, 0xbdfe, 0xbdfe, 0xbdfe, 0xbdfe, 
	0xbdfe, 0xbdfe, 0xbdfe, 0xbdfe, 0xbdfe, 0xbdfe, 0xbdfe, 0xbdfe, 0xbdfe, 0xbdfe, 0xbdfe, 0xbdfe, 0xbdfe, 0xbdfe, 0xbdfe, 0xbdfe, 
	0xbdfe, 0xbdfe, 0xbdfe, 0xbdfe, 0xbdfe, 0xbdfe, 0xbdfe, 0xbdfe, 0xbdfe, 0xbdfe, 0xbdfe, 0xbdfe, 0xbdfe, 0xbdfe, 0xbdfe, 0xbdfe, 
	0xbdfe, 0xbdfe, 0xbdfe, 0xbdfe, 0xbdfe, 0xbdfe, 0xbdfe, 0xbdfe, 0xbdfe, 0xbdfe, 0xbdfe, 0xbdfe, 0xbdfe, 0xbdfe, 0x630c, 0xbdfe, 
	0xbdfe, 0xbdfe, 0xbdfe, 0xbdfe, 0xbdfe, 0xbdfe, 0xbdfe, 0xbdfe, 0xbdfe, 0xbdfe, 0xbdfe, 0xbdfe, 0xbdfe, 0xbdfe, 0xbdfe, 0xbdfe, 
	0xbdfd, 0xbddd, 0xbdfd, 0xbddd, 0xbddd, 0xbddd, 0xbddd, 0xbddd, 0xbdfd, 0xbdfd, 0xbdfd, 0xbdfd, 0xbddd, 0xbdfd, 0xbdfd, 0xbdfd, 
	0xbdfd, 0xbdfd, 0xbdfd, 0xbdfd, 0xbdfd, 0xbdfe, 0xbdfd, 0xbdfd, 0xbdfd, 0xbdfe, 0xbdfd, 0xbdfe, 0xbdfe, 0xbdfe, 0xbdfe, 0xbdfd, 
	0xbdfe, 0xbdfd, 0xbdfe, 0xbdfe, 0xbdfe, 0xbdfe, 0xbdfe, 0xbdfe, 0xbdfe, 0xbdfe, 0xbdfe, 0xbdfe, 0xbdfe, 0xbdfe, 0xbdfe, 0xbdfe, 
	0xbdfe, 0xbdfe, 0xbdfe, 0xbdfe, 0xbdfe, 0xbdfe, 0xbdfe, 0xbdfe, 0xbdfe, 0xbdfe, 0xbdfe, 0xbdfe, 0xbdfe, 0xbdfe, 0xbdfe, 0xbdfe, 
	0xbdfe, 0xbdfe, 0xbdfe, 0xbdfe, 0xbdfe, 0xbdfe, 0xbdfe, 0xbdfe, 0xbdfe, 0xbdfe, 0xbdfe, 0xbdfe, 0xbdfe, 0xbdfe, 0xbdfe, 0xbdfe, 
	0xbdfe, 0xbdfe, 0xbdfe, 0xbdfe, 0xbdfe, 0xbdfe, 0xbdfe, 0xbdfe, 0xbdfe, 0xbdfe, 0xbdfe, 0xbdfe, 0xbdfe, 0xbdfe, 0xbdfe, 0xbdfe, 
	0xbdfe, 0xbdfe, 0xbdfe, 0xbdfe, 0xbdfe, 0xbdfe, 0xbdfe, 0xbdfe, 0xbdfe, 0xbdfe, 0xbdfe, 0xbdfe, 0xbdfe, 0xbdfe, 0xbdfe, 0xbdfe, 
	0xbdfe, 0xbdfe, 0xbdfe, 0xbdfe, 0xbdfe, 0xbdfe, 0xbdfe, 0xbdfe, 0xbdfe, 0xbdfe, 0xbdfe, 0xbdfe, 0xbdfe, 0xbdfe, 0xbdfe, 0xbdfe, 
	0xbdfe, 0xbdfe, 0xbdfe, 0xbdfe, 0xbdfe, 0xbdfe, 0xbdfe, 0xbdfe, 0xbdfe, 0xbdfe, 0xbdfe, 0xbdfe, 0xbdfe, 0xbdfe, 0xbdfe, 0xbdfe, 
	0xbdfe, 0xbdfe, 0xbdfe, 0xbdfe, 0xbdfe, 0xbdfe, 0xbdfe, 0xc5fe, 0xc5fe, 0xbdfe, 0xbdfe, 0xbdfe, 0xbdfe, 0xbdfe, 0xbdfe, 0xbdfe, 
	0xbdfe, 0xbdfe, 0xbdfd, 0xbdfd, 0xbdfe, 0xbdfe, 0xbdfe, 0xbdfe, 0xbdfe, 0xbdfe, 0xbdfe, 0xbdfe, 0xbdfe, 0xbdfe, 0xbdfe, 0xbdfe, 
	0xbdfe, 0xbdfe, 0xbdfe, 0xbdfe, 0xbdfe, 0xbdfe, 0xbdfe, 0xbdfe, 0xbdfe, 0xbdfe, 0xbdfe, 0xbdfe, 0xbdfe, 0xbdfe, 0xbdfe, 0xbdfe, 
	0xbdfe, 0xbdfe, 0xbdfe, 0xbdfe, 0xbdfe, 0xbdfe, 0xbdfe, 0xbdfe, 0xbdfe, 0xbdfe, 0xbdfe, 0xbdfe, 0xbdfe, 0xbdfe, 0xbdfe, 0xbdfe, 
	0xbdfe, 0xbdfe, 0xbdfe, 0xbdfe, 0xbdfe, 0xbdfe, 0xbdfe, 0xbdfe, 0xbdfe, 0xbdfe, 0xbdfe, 0xbdfe, 0xbdfe, 0xbdfe, 0xbdfe, 0xbdfe, 
	0xbdfe, 0xbdfe, 0xbdfe, 0xbdfe, 0xbdfe, 0xbdfe, 0xbdfe, 0xbdfe, 0xbdfe, 0xbdfe, 0xbdfe, 0xbdfe, 0xbdfe, 0xbdfe, 0xbdfe, 0xbdfe, 
	0xbdfe, 0xbdfe, 0xbdfe, 0xbdfe, 0xbdfe, 0xbdfe, 0xbdfe, 0xbdfe, 0xbdfe, 0xbdfe, 0xbdfe, 0xbdfe, 0xbdfe, 0xbdfe, 0xbdfe, 0xbdfe, 
	0xbdfe, 0xbdfe, 0xbdfe, 0xbdfe, 0xbdfe, 0xbdfe, 0xbdfe, 0xbdfe, 0xbdfe, 0xbdfe, 0xbdfe, 0xbdfe, 0xbdfe, 0xbdfe, 0xbdfe, 0xc5fe, 
	0xbdfe, 0xbdfe, 0xbe1e, 0xbe1e, 0xc5fe, 0xbdfe, 0xbdfe, 0xbdfe, 0xbdfe, 0xc5fe, 0xc61e, 0xc61e, 0xc5fe, 0xbe1e, 0xc5fe, 0xc5fe, 
	0xbdfe, 0xbdfe, 0xbdfe, 0xc61e, 0xc61e, 0xbe1e, 0xbdfe, 0xbe1e, 0xc5fe, 0xc61e, 0xc61e, 0xbe1e, 0xc61e, 0xc61e, 0xc61e, 0xc61e, 
	0xc61e, 0xbe1e, 0xc61e, 0xc61e, 0xc61e, 0xc61e, 0xc61e, 0xc61e, 0xc61e, 0xc61e, 0xc61e, 0xc61e, 0xc61e, 0xc61e, 0xc61e, 0xc61e, 
	0xbdfe, 0xbdfe, 0xbdfe, 0xbdfe, 0xbdfe, 0xbdfe, 0xbdfe, 0xbdfe, 0xbdfe, 0xbdfe, 0xbdfe, 0xbdfe, 0xbdfe, 0xbdfe, 0xbdfe, 0xbdfe, 
	0xbdfe, 0xbdfe, 0xbdfe, 0xbdfe, 0xbdfe, 0xbdfe, 0xbdfe, 0xbdfe, 0xbdfe, 0xbdfe, 0xbdfe, 0xbdfe, 0xbdfe, 0xbdfe, 0xbdfe, 0xbdfe, 
	0xbdfe, 0xbdfe, 0xbdfe, 0xbdfe, 0xbdfe, 0xbdfe, 0xbdfe, 0xbdfe, 0xbdfe, 0xbdfe, 0xbdfe, 0xbdfe, 0xbdfe, 0xbdfe, 0xbdfe, 0xbdfe, 
	0xbdfe, 0xbdfe, 0xbdfe, 0xbdfe, 0xbdfe, 0xbdfe, 0xbdfe, 0xbdfe, 0xbdfe, 0xbdfe, 0xbdfe, 0xbdfe, 0xbdfe, 0xbdfe, 0xbdfe, 0xbdfe, 
	0xbdfe, 0xbdfe, 0xbdfe, 0xbdfe, 0xbdfe, 0xbdfe, 0xbdfe, 0xbdfe, 0xbe1e, 0xc5fe, 0xbdfe, 0xbdfe, 0xc5fe, 0xc5fe, 0xbdfe, 0xbdfe, 
	0xbdfe, 0xc61e, 0xc5fe, 0xc5fe, 0xc5fe, 0xc5fe, 0xbdfe, 0xbdfe, 0xbe1e, 0xc61e, 0xc5fe, 0xc61e, 0xc5fe, 0xc61e, 0xc61e, 0xc61e, 
	0xc5fe, 0xc5fe, 0xbe1e, 0xc61e, 0xc5fe, 0xc61e, 0xc61e, 0xc61e, 0xc61e, 0xc61e, 0xc61e, 0xc5fe, 0xc61e, 0xc5fe, 0xc61e, 0xc61e, 
	0xc61e, 0xc61e, 0xc61e, 0xc61e, 0xc61e, 0xc61e, 0xc61e, 0xc61e, 0xc61e, 0xc61e, 0xc61e, 0xc61e, 0xc61e, 0xc61e, 0xc61e, 0xc61e, 
	0xc61e, 0xc61e, 0xc61e, 0xc61e, 0xc61e, 0xc61e, 0xc61e, 0xc61e, 0xc61e, 0xc61e, 0xc61e, 0xc61e, 0xc61e, 0xc61e, 0xc61e, 0xc61e, 
	0xc61e, 0xc61e, 0xc61e, 0xc61e, 0xc61e, 0xc61e, 0xc61e, 0xc61e, 0xc61e, 0xc61e, 0xc61e, 0xc61e, 0xc61e, 0xc61e, 0xc61e, 0xc61e, 
	0xbdfe, 0xbdfe, 0xbdfe, 0xbdfe, 0xbdfe, 0xbdfe, 0xbdfe, 0xbdfe, 0xbdfe, 0xbdfe, 0xbdfe, 0xbdfe, 0xbdfe, 0xbdfe, 0xbdfe, 0xbdfe, 
	0xbdfe, 0xbdfe, 0xbdfe, 0xbdfe, 0xbdfe, 0xbdfe, 0xbdfe, 0xbdfe, 0xbdfe, 0xbdfe, 0xbdfe, 0xbdfe, 0xbdfe, 0xbdfe, 0xbdfe, 0xbdfe, 
	0xbdfe, 0xbdfe, 0xbdfe, 0xbdfe, 0xbdfe, 0xbdfe, 0xc5fe, 0xbe1e, 0xbdfe, 0xbdfe, 0xbdfe, 0xbdfe, 0xbe1e, 0xbdfe, 0xc5fe, 0xc61e, 
	0xc61e, 0xbdfe, 0xbdfe, 0xc5fe, 0xbdfe, 0xc5fe, 0xbdfe, 0xc61e, 0xc5fe, 0xbe1e, 0xc61e, 0xc61e, 0xbe1e, 0xc61e, 0xc61e, 0xc61e, 
	0xc61e, 0xc61e, 0xc61e, 0xc61e, 0xc61e, 0xc61e, 0xbe1e, 0xc61e, 0xc61e, 0xc61e, 0xc61e, 0xc61e, 0xc61e, 0xc61e, 0xc61e, 0xc61e, 
	0xc61e, 0xc61e, 0xc61e, 0xc61e, 0xc61e, 0xc61e, 0xc61e, 0xc61e, 0xc61e, 0xc61e, 0xc61e, 0xc61e, 0xc61e, 0xc61e, 0xc61e, 0xc61e, 
	0xc61e, 0xc61e, 0xc61e, 0xc61e, 0xc61e, 0xc61e, 0xc61e, 0xc61e, 0xc61e, 0xc61e, 0xc61e, 0xc61e, 0xc61e, 0xc61e, 0xc61e, 0xc61e, 
	0xc61e, 0xc61e, 0xc61e, 0xc61e, 0xc61e, 0xc61e, 0xc61e, 0xc61e, 0xc61e, 0xc61e, 0xc61e, 0xc61e, 0xc61e, 0xc61e, 0xc61e, 0xc61e, 
	0xc61e, 0xc61e, 0xc61e, 0xc61e, 0xc61e, 0xc61e, 0xc61e, 0xc61e, 0xc61e, 0xc61e, 0xc61e, 0xc61e, 0xc61e, 0xc61e, 0xc61e, 0xc61e, 
	0xc61e, 0xc61e, 0xc61e, 0xc61e, 0xc61e, 0xc61e, 0xc61e, 0xc61e, 0xc61e, 0xc61e, 0xc61e, 0xc61e, 0xc61e, 0xc61e, 0xc61e, 0xc61e, 
	0xc5fe, 0xbe1e, 0xbdfe, 0xbe1e, 0xbdfe, 0xc5fe, 0xbe1e, 0xbdfe, 0xc61e, 0xc5fe, 0xc61e, 0xbdfe, 0xc61e, 0xc5fe, 0xbe1e, 0xc61e, 
	0xc5fe, 0xbe1e, 0xbe1e, 0xbe1e, 0xbe1e, 0xc61e, 0xc5fe, 0xbe1e, 0xbe1e, 0xc61e, 0xc5fe, 0xc61e, 0xc61e, 0xc61e, 0xc61e, 0xc5fe, 
	0xc61e, 0xc61e, 0xc61e, 0xc61e, 0xc61e, 0xc61e, 0xc61e, 0xc61e, 0xc61e, 0xc61e, 0xc61e, 0xc61e, 0xc61e, 0xc61e, 0xc61e, 0xc61e, 
	0xc61e, 0xc61e, 0xc61e, 0xc61e, 0xc61e, 0xc61e, 0xc61e, 0xc61e, 0xc61e, 0xc61e, 0xc61e, 0xc61e, 0xc61e, 0xc61e, 0xc61e, 0xc61e, 
	0xc61e, 0xc61e, 0xc61e, 0xc61e, 0xc61e, 0xc61e, 0xc61e, 0xc61e, 0xc61e, 0xc61e, 0xc61e, 0xc61e, 0xc61e, 0xc61e, 0xc61e, 0xc61e, 
	0xc61e, 0xc61e, 0xc61e, 0xc61e, 0xc61e, 0xc61e, 0xc61e, 0xc61e, 0xc61e, 0xc61e, 0xc61e, 0xc61e, 0xc61e, 0xc61e, 0xc61e, 0xc61e, 
	0xc61e, 0xc61e, 0xc61e, 0xc61e, 0xc61e, 0xc61e, 0xc61e, 0xc61e, 0xc61e, 0xc61e, 0xc61e, 0xc61e, 0xc61e, 0xc61e, 0xc61e, 0xc61e, 
	0xc61e, 0xc61e, 0xc61e, 0xc61e, 0xc61e, 0xc61e, 0xc61e, 0xc61e, 0xc61e, 0xc61e, 0xc61e, 0xc61e, 0xc61e, 0xc61e, 0xc61e, 0xc61e, 
	0xc61e, 0xc61e, 0xc61e, 0xc61e, 0xc61e, 0xc61e, 0xc61e, 0xc61e, 0xc61e, 0xc61e, 0xc61e, 0xc61e, 0xc61e, 0xc61e, 0xc61e, 0xc61e, 
	0xc61e, 0xc61e, 0xc61e, 0xc61e, 0xc61e, 0xc61e, 0xc61e, 0xc61e, 0xc61e, 0xc61e, 0xc61e, 0xc61e, 0xc63e, 0xc61e, 0xc63e, 0xc61e, 
	0xc61e, 0xc61e, 0xc61e, 0xc61e, 0xc61e, 0xc61e, 0xc61e, 0xc61e, 0xc61e, 0xc61e, 0xc61e, 0xc61e, 0xc61e, 0xc61e, 0xc61e, 0xc61e, 
	0xc61e, 0xc61e, 0xc61e, 0xc61e, 0xc61e, 0xc61e, 0xc61e, 0xc61e, 0xc61e, 0xc61e, 0xc61e, 0xc61e, 0xc61e, 0xc61e, 0xc61e, 0xc61e, 
	0xc61e, 0xc61e, 0xc61e, 0xc61e, 0xc61e, 0xc61e, 0xc61e, 0xc61e, 0xc61e, 0xc61e, 0xc61e, 0xc61e, 0xc61e, 0xc61e, 0xc61e, 0xc61e, 
	0xc61e, 0xc61e, 0xc61e, 0xc61e, 0xc61e, 0xc61e, 0xc61e, 0xc61e, 0xc61e, 0xc61e, 0xc61e, 0xc61e, 0xc61e, 0xc61e, 0xc61e, 0xc61e, 
	0xc61e, 0xc61e, 0xc61e, 0xc61e, 0xc61e, 0xc61e, 0xc61e, 0xc61e, 0xc61e, 0xc61e, 0xc61e, 0xc61e, 0xc61e, 0xc61e, 0xc61e, 0xc61e, 
	0xc61e, 0xc61e, 0xc61e, 0xc61e, 0xc61e, 0xc61e, 0xc61e, 0xc61e, 0xc61e, 0xc61e, 0xc61e, 0xc61e, 0xc61e, 0xc61e, 0xc61e, 0xc61e, 
	0xc61e, 0xc61e, 0xc61e, 0xc61e, 0xc61e, 0xc61e, 0xc61e, 0xc61e, 0xc61e, 0xc61e, 0xc61e, 0xc61e, 0xc61e, 0xc61e, 0xc61e, 0xc61e, 
	0xc61e, 0xc61e, 0xc61e, 0xc61e, 0xc61e, 0xc61e, 0xc61e, 0xc63e, 0xc63e, 0xc61e, 0xc63e, 0xc63e, 0xc63f, 0xc63e, 0xc61e, 0xc61e, 
	0xc61e, 0xc63f, 0xc63f, 0xc61f, 0xc63e, 0xc63e, 0xc63e, 0xc61f, 0xc63e, 0xc63f, 0xc61e, 0xc63e, 0xc63f, 0xc63f, 0xc63f, 0xc63f, 
	0xc63f, 0xc61f, 0xc63f, 0xc63f, 0xc63f, 0xc63f, 0xc63f, 0xc63f, 0xc63f, 0xc63f, 0xc63f, 0xc63f, 0xc63f, 0xc63f, 0xc63f, 0xc63f, 
	0xc61e, 0xc61e, 0xc61e, 0xc61e, 0xc61e, 0xc61e, 0xc61e, 0xc61e, 0xc61e, 0xc61e, 0xc61e, 0xc61e, 0xc61e, 0xc61e, 0xc61e, 0xc61e, 
	0xc61e, 0xc61e, 0xc61e, 0xc61e, 0xc61e, 0xc61e, 0xc61e, 0xc61e, 0xc61e, 0xc61e, 0xc61e, 0xc61e, 0xc61e, 0xc61e, 0xc61e, 0xc61e, 
	0xc61e, 0xc61e, 0xc61e, 0xc61e, 0xc61e, 0xc61e, 0xc61e, 0xc61e, 0xc61e, 0xc61e, 0xc61e, 0xc61e, 0xc61e, 0xc61e, 0xc61e, 0xc61e, 
	0xc61e, 0xc61e, 0xc61e, 0xc61e, 0xc61e, 0xc61e, 0xc61e, 0xc61e, 0xc61e, 0xc61e, 0xc61e, 0xc61e, 0xc61e, 0xc61e, 0xc61e, 0xc61e, 
	0xc61e, 0xc61e, 0xc61e, 0xc61e, 0xc61e, 0xc61e, 0xc61e, 0xc63e, 0xc61e, 0xc61e, 0xc61e, 0xc63e, 0xc61e, 0xc63e, 0xc61e, 0xc61e, 
	0xc61e, 0xc63e, 0xc61e, 0xc63f, 0xc63e, 0xc61f, 0xc61e, 0xc63e, 0xc63e, 0xc61e, 0xc63e, 0xc61e, 0xc63f, 0xc63e, 0xc61f, 0xc61f, 
	0xc63f, 0xc61e, 0xc63e, 0xc63f, 0xc63f, 0xc63e, 0xc63e, 0xc63e, 0xc63f, 0xc63e, 0xc63f, 0xc63e, 0xc63f, 0xc63f, 0xc63f, 0xc63f, 
	0xc63f, 0xc63f, 0xc63f, 0xc63f, 0xc63f, 0xc63f, 0xc63f, 0xc63f, 0xc63f, 0xc63f, 0xc63f, 0xc63f, 0xc63f, 0xc63f, 0xc63f, 0xc63f, 
	0xc63f, 0xc63f, 0xc63f, 0xc63f, 0xc63f, 0xc63f, 0xc63f, 0xc63f, 0xc63f, 0xc63f, 0xc63f, 0xc63f, 0xc63f, 0xc63f, 0xc63f, 0xc63f, 
	0xc63f, 0xc63f, 0xc63f, 0xc63f, 0xc63f, 0xc63f, 0xc63f, 0xc63f, 0xc63f, 0xc63f, 0xc63f, 0xc63f, 0xc63f, 0xc63f, 0xc63f, 0xc63f, 
	0xc61e, 0xc61e, 0xc61e, 0xc61e, 0xc61e, 0xc61e, 0xc61e, 0xc61e, 0xc61e, 0xc61e, 0xc61e, 0xc61e, 0xc61e, 0xc61e, 0xc61e, 0xc61e, 
	0xc61e, 0xc61e, 0xc61e, 0xc61e, 0xc61e, 0xc61e, 0xc61e, 0xc61e, 0xc61e, 0xc61e, 0xc61e, 0xc61e, 0xc61e, 0xc61e, 0xc61e, 0xc61e, 
	0xc61e, 0xc61e, 0xc63e, 0xc63e, 0xc61e, 0xc61e, 0xc61e, 0xc61e, 0xc63e, 0xc61e, 0xc63f, 0xc63e, 0xc63e, 0xc63f, 0xc61e, 0xc63e, 
	0xc63f, 0xc61e, 0xc61e, 0xc63e, 0xc63e, 0xc63f, 0xc63f, 0xc61e, 0xc63f, 0xc61f, 0xc63f, 0xc63f, 0xc63e, 0xc63f, 0xc63f, 0xc63f, 
	0xc63f, 0xc63f, 0xc61f, 0xc63e, 0xc63f, 0xc63f, 0xc63f, 0xc63f, 0xc63f, 0xc63f, 0xc63f, 0xc63f, 0xc63f, 0xc63f, 0xc63f, 0xc63f, 
	0xc63f, 0xc63f, 0xc63f, 0xc63f, 0xc63f, 0xc63f, 0xc63f, 0xc63f, 0xc63f, 0xc63f, 0xc63f, 0xc63f, 0xc63f, 0xc63f, 0xc63f, 0xc63f, 
	0xc63f, 0xc63f, 0xc63f, 0xc63f, 0xc63f, 0xc63f, 0xc63f, 0xc63f, 0xc63f, 0xc63f, 0xc63f, 0xc63f, 0xc63f, 0xc63f, 0xc63f, 0xc63f, 
	0xc63f, 0xc63f, 0xc63f, 0xc63f, 0xc63f, 0xc63f, 0xc63f, 0xc63f, 0xc63f, 0xc63f, 0xc63f, 0xc63f, 0xc63f, 0xc63f, 0xc63f, 0xc63f, 
	0xc63f, 0xc63f, 0xc63f, 0xc63f, 0xc63f, 0xc63f, 0xc63f, 0xc63f, 0xc63f, 0xc63f, 0xc63f, 0xc63f, 0xc63f, 0xc63f, 0xc63f, 0xc63f, 
	0xc63f, 0xc63f, 0xc63f, 0xc63f, 0xc63f, 0xc63f, 0xc63f, 0xc63f, 0xc63f, 0xc63f, 0xc63f, 0xc63f, 0xc63f, 0xc63f, 0xc63f, 0xc63f, 
	0xc61e, 0xc61f, 0xc61f, 0xc61f, 0xc63e, 0xc63e, 0xc61e, 0xc63e, 0xc63e, 0xc63e, 0xc63f, 0xc63e, 0xc61f, 0xc61f, 0xc63e, 0xc63f, 
	0xc63e, 0xc61f, 0xc61f, 0xc63f, 0xc63f, 0xc61f, 0xc61f, 0xc63f, 0xc63f, 0xc63e, 0xc63f, 0xc63f, 0xc63e, 0xc63f, 0xc63f, 0xc63f, 
	0xc63f, 0xc63e, 0xc63f, 0xc63f, 0xc63e, 0xc63f, 0xc63f, 0xc63f, 0xc63f, 0xc63f, 0xc63f, 0xc63f, 0xc63f, 0xc63f, 0xc63f, 0xc63f, 
	0xc63f, 0xc63f, 0xc63f, 0xc63f, 0xc63f, 0xc63f, 0xc63f, 0xc63f, 0xc63f, 0xc63f, 0xc63f, 0xc63f, 0xc63f, 0xc63f, 0xc63f, 0xc63f, 
	0xc63f, 0xc63f, 0xc63f, 0xc63f, 0xc63f, 0xc63f, 0xc63f, 0xc63f, 0xc63f, 0xc63f, 0xc63f, 0xc63f, 0xc63f, 0xc63f, 0xc63f, 0xc63f, 
	0xc63f, 0xc63f, 0xc63f, 0xc63f, 0xc63f, 0xc63f, 0xc63f, 0xc63f, 0xc63f, 0xc63f, 0xc63f, 0xc63f, 0xc63f, 0xc63f, 0xc63f, 0xc63f, 
	0xc63f, 0xc63f, 0xc63f, 0xc63f, 0xc63f, 0xc63f, 0xc63f, 0xc63f, 0xc63f, 0xc63f, 0xc63f, 0xc63f, 0xc63f, 0xc63f, 0xc63f, 0xc63f, 
	0xc63f, 0xc63f, 0xc63f, 0xc63f, 0xc63f, 0xc63f, 0xc63f, 0xc63f, 0xc63f, 0xc63f, 0xc63f, 0xc63f, 0xc63f, 0xc63f, 0xc63f, 0xc63f, 
	0xc63f, 0xc63f, 0xc63f, 0xc63f, 0xc63f, 0xc63f, 0xc63f, 0xc63f, 0xc63f, 0xc63f, 0xc63f, 0xc63f, 0xc63f, 0xc63f, 0xc63f, 0xc63f, 
	0xc63f, 0xc63f, 0xc63f, 0xc63f, 0xc63f, 0xc63f, 0xc63f, 0xc63f, 0xc63f, 0xc63f, 0xc63f, 0xc63f, 0xc63f, 0xc63f, 0xc63f, 0xc63f, 
	0xc63f, 0xc63f, 0xc63f, 0xc63f, 0xc63f, 0xc63f, 0xc63f, 0xc63f, 0xc63f, 0xc63f, 0xc63f, 0xc63f, 0xc63f, 0xc63f, 0xc63f, 0xc63f, 
	0xc63f, 0xc63f, 0xc63f, 0xc63f, 0xc63f, 0xc63f, 0xc63f, 0xc63f, 0xc63f, 0xc63f, 0xc63f, 0xc63f, 0xc63f, 0xc63f, 0xc63f, 0xc63f, 
	0xc63f, 0xc63f, 0xc63f, 0xc63f, 0xc63f, 0xc63f, 0xc63f, 0xc63f, 0xc63f, 0xc63f, 0xc63f, 0xc63f, 0xc63f, 0xc63f, 0xc63f, 0xc63f, 
	0xc63f, 0xc63f, 0xc63f, 0xc63f, 0xc63f, 0xc63f, 0xc63f, 0xc63f, 0xc63f, 0xc63f, 0xc63f, 0xc63f, 0xc63f, 0xc63f, 0xc63f, 0xc63f, 
	0xc63f, 0xc63f, 0xc63f, 0xc63f, 0xc63f, 0xc63f, 0xc63f, 0xc63f, 0xc63f, 0xc63f, 0xc63f, 0xc63f, 0xc63f, 0xc63f, 0xc63f, 0xc63f, 
	0xc63f, 0xc63f, 0xc63f, 0xc63f, 0xc63f, 0xc63f, 0xc63f, 0xc63f, 0xc63f, 0xc63f, 0xc63f, 0xc63f, 0xc63f, 0xc63f, 0xc63f, 0xc63f, 
	0xc63f, 0xc63f, 0xc63f, 0xc63f, 0xc63f, 0xc63f, 0xc63f, 0xc63f, 0xc63f, 0xc63f, 0xc63f, 0xc63f, 0xc63f, 0xc63f, 0xc63f, 0xc63f, 
	0xc63f, 0xc63f, 0xc63f, 0xc63f, 0xc63f, 0xc63f, 0xc63f, 0xc63f, 0xc63f, 0xc63f, 0xc63f, 0xc63f, 0xc63f, 0xc63f, 0xc63f, 0xc63f, 
	0xc63f, 0xc63f, 0xc63f, 0xc63f, 0xc63f, 0xc63f, 0xc63f, 0xc63f, 0xc63f, 0xc63f, 0xc63f, 0xc63f, 0xc63f, 0xc63f, 0xc63f, 0xc63f, 
	0xc63f, 0xc63f, 0xc63f, 0xc63f, 0xc63f, 0xc63f, 0xc63f, 0xc63f, 0xc63f, 0xc63f, 0xc63f, 0xc63f, 0xc63f, 0xc63f, 0xc63f, 0xc63f, 
	0xc63f, 0xc63f, 0xc63f, 0xc63f, 0xc63f, 0xc63f, 0xc63f, 0xc63f, 0xc63f, 0xc63f, 0xc63f, 0xc63f, 0xc63f, 0xc63f, 0xc63f, 0xc63f, 
	0xc63f, 0xc63f, 0xc63f, 0xc63f, 0xc63f, 0xc63f, 0xc63f, 0xc63f, 0xc63f, 0xc63f, 0xc63f, 0xc63f, 0xc63f, 0xc63f, 0xc63f, 0xc63f, 
	0xc63f, 0xc63f, 0xc63f, 0xc63f, 0xc63f, 0xc63f, 0xc63f, 0xc63f, 0xc63f, 0xc63f, 0xc63f, 0xc63f, 0xc63f, 0xc63f, 0xc63f, 0xc63f, 
	0xc63f, 0xc63f, 0xc63f, 0xc63f, 0xc63f, 0xc63f, 0xc63f, 0xc63f, 0xc63f, 0xc63f, 0xc63f, 0xc63f, 0xc63f, 0xc63f, 0xc63f, 0xc63f, 
	0xc63f, 0xc63f, 0xc63f, 0xc63f, 0xc63f, 0xc63f, 0xc63f, 0xc63f, 0xc63f, 0xc63f, 0xc63f, 0xc63f, 0xc63f, 0xc63f, 0xc63f, 0xc63f, 
	0xc63f, 0xc63f, 0xc63f, 0xc63f, 0xc63f, 0xc63f, 0xc63f, 0xc63f, 0xc63f, 0xc63f, 0xc63f, 0xc63f, 0xc63f, 0xc63f, 0xc63f, 0xc63f, 
	0xc63f, 0xc63f, 0xc63f, 0xc63f, 0xc63f, 0xc63f, 0xc63f, 0xc63f, 0xc63f, 0xc63f, 0xc63f, 0xc63f, 0xc63f, 0xc63f, 0xc63f, 0xc63f, 
	0xc63f, 0xc63f, 0xc63f, 0xc63f, 0xc63f, 0xc63f, 0xc63f, 0xc63f, 0xc63f, 0xc63f, 0xc63f, 0xc63f, 0xc63f, 0xc63f, 0xc63f, 0xc63f, 
	0xc63f, 0xc63f, 0xc63f, 0xc63f, 0xc63f, 0xc63f, 0xc63f, 0xc63f, 0xc63f, 0xc63f, 0xc63f, 0xc63f, 0xc63f, 0xc63f, 0xc63f, 0xc63f, 
	0xc63f, 0xc63f, 0xc63f, 0xc63f, 0xc63f, 0xc63f, 0xc63f, 0xc63f, 0xc63f, 0xc63f, 0xc63f, 0xc63f, 0xc63f, 0xc63f, 0xc63f, 0xc63f
};



// 'background-gameover', 160x128px
const uint16_t epd_bitmap_background_gameover [] PROGMEM = {
	0x528e, 0x528e, 0x528e, 0x528e, 0x528e, 0x528e, 0x528e, 0x528e, 0x528e, 0x528e, 0x528e, 0x528e, 0x528e, 0x528e, 0x528e, 0x528e, 
	0x528e, 0x528e, 0x528e, 0x528e, 0x528e, 0x528e, 0x528e, 0x528e, 0x528e, 0x528e, 0x528e, 0x528e, 0x528e, 0x528e, 0x528e, 0x528e, 
	0x528e, 0x528e, 0x528e, 0x528e, 0x528e, 0x528e, 0x528e, 0x528e, 0x528e, 0x528e, 0x528e, 0x528e, 0x528e, 0x528e, 0x528e, 0x528e, 
	0x528e, 0x528e, 0x528e, 0x528e, 0x528e, 0x528e, 0x528e, 0x528e, 0x528e, 0x528e, 0x528e, 0x528e, 0x528e, 0x528e, 0x528e, 0x528e, 
	0x528e, 0x528e, 0x528e, 0x528e, 0x528e, 0x528e, 0x528e, 0x528e, 0x528e, 0x528e, 0x528e, 0x528e, 0x528e, 0x528e, 0x528e, 0x528e, 
	0x528e, 0x528e, 0x528e, 0x528e, 0x528e, 0x528e, 0x528e, 0x528e, 0x528e, 0x528e, 0x528e, 0x528e, 0x528e, 0x528e, 0x528e, 0x528e, 
	0x528e, 0x528e, 0x528e, 0x528e, 0x528e, 0x528e, 0x528e, 0x528e, 0x528e, 0x528e, 0x528e, 0x528e, 0x528e, 0x528e, 0x528e, 0x528e, 
	0x528e, 0x528e, 0x528e, 0x528e, 0x528e, 0x528e, 0x528e, 0x528e, 0x528e, 0x528e, 0x528e, 0x528e, 0x528e, 0x528e, 0x528e, 0x528e, 
	0x528e, 0x528e, 0x528e, 0x528e, 0x528e, 0x528e, 0x528e, 0x528e, 0x528e, 0x528e, 0x528e, 0x528e, 0x528e, 0x528e, 0x528e, 0x528e, 
	0x528e, 0x528e, 0x528e, 0x528e, 0x528e, 0x528e, 0x528e, 0x528e, 0x528e, 0x528e, 0x528e, 0x528e, 0x528e, 0x528e, 0x528e, 0x528e, 
	0x528e, 0x528e, 0x528e, 0x528e, 0x528e, 0x528e, 0x528e, 0x528e, 0x528e, 0x528e, 0x528e, 0x528e, 0x528e, 0x528e, 0x528e, 0x528e, 
	0x528e, 0x528e, 0x528e, 0x528e, 0x528e, 0x528e, 0x528e, 0x528e, 0x528e, 0x528e, 0x528e, 0x528e, 0x528e, 0x528e, 0x528e, 0x528e, 
	0x528e, 0x528e, 0x528e, 0x528e, 0x528e, 0x528e, 0x528e, 0x528e, 0x528e, 0x528e, 0x528e, 0x528e, 0x528e, 0x528e, 0x528e, 0x528e, 
	0x528e, 0x528e, 0x528e, 0x528e, 0x528e, 0x528e, 0x528e, 0x528e, 0x528e, 0x528e, 0x528e, 0x528e, 0x528e, 0x528e, 0x528e, 0x528e, 
	0x528e, 0x528e, 0x528e, 0x528e, 0x528e, 0x528e, 0x528e, 0x528e, 0x528e, 0x528e, 0x528e, 0x528e, 0x528e, 0x528e, 0x528e, 0x528e, 
	0x528e, 0x528e, 0x528e, 0x528e, 0x528e, 0x528e, 0x528e, 0x528e, 0x528e, 0x528e, 0x528e, 0x528e, 0x528e, 0x528e, 0x528e, 0x528e, 
	0x528e, 0x528e, 0x528e, 0x528e, 0x528e, 0x528e, 0x528e, 0x528e, 0x528e, 0x528e, 0x528e, 0x528e, 0x528e, 0x528e, 0x528e, 0x528e, 
	0x528e, 0x528e, 0x528e, 0x528e, 0x528e, 0x528e, 0x528e, 0x528e, 0x528e, 0x528e, 0x528e, 0x528e, 0x528e, 0x528e, 0x528e, 0x528e, 
	0x528e, 0x528e, 0x528e, 0x528e, 0x528e, 0x528e, 0x528e, 0x528e, 0x528e, 0x528e, 0x528e, 0x528e, 0x528e, 0x528e, 0x528e, 0x528e, 
	0x528e, 0x528e, 0x528e, 0x528e, 0x528e, 0x528e, 0x528e, 0x528e, 0x528e, 0x528e, 0x528e, 0x528e, 0x528e, 0x528e, 0x528e, 0x528e, 
	0x528e, 0x528e, 0x528e, 0x528e, 0x528e, 0x528e, 0x528e, 0x528e, 0x528e, 0x528e, 0x528e, 0x528e, 0x528e, 0x528e, 0x528e, 0x528e, 
	0x528e, 0x528e, 0x528e, 0x528e, 0x528e, 0x528e, 0x528e, 0x528e, 0x528e, 0x528e, 0x528e, 0x528e, 0x528e, 0x528e, 0x528e, 0x528e, 
	0x528e, 0x528e, 0x528e, 0x528e, 0x528e, 0x528e, 0x528e, 0x528e, 0x528e, 0x528e, 0x528e, 0x528e, 0x528e, 0x528e, 0x528e, 0x528e, 
	0x528e, 0x528e, 0x528e, 0x528e, 0x528e, 0x528e, 0x528e, 0x528e, 0x528e, 0x528e, 0x528e, 0x528e, 0x528e, 0x528e, 0x528e, 0x528e, 
	0x528e, 0x528e, 0x528e, 0x528e, 0x528e, 0x528e, 0x528e, 0x528e, 0x528e, 0x528e, 0x528e, 0x528e, 0x528e, 0x528e, 0x528e, 0x528e, 
	0x528e, 0x528e, 0x528e, 0x528e, 0x528e, 0x528e, 0x528e, 0x528e, 0x528e, 0x528e, 0x528e, 0x528e, 0x528e, 0x528e, 0x528e, 0x528e, 
	0x528e, 0x528e, 0x528e, 0x528e, 0x528e, 0x528e, 0x528e, 0x528e, 0x528e, 0x528e, 0x528e, 0x528e, 0x528e, 0x528e, 0x528e, 0x528e, 
	0x528e, 0x528e, 0x528e, 0x528e, 0x528e, 0x528e, 0x528e, 0x528e, 0x528e, 0x528e, 0x528e, 0x528e, 0x528e, 0x528e, 0x528e, 0x528e, 
	0x528e, 0x528e, 0x528e, 0x528e, 0x528e, 0x528e, 0x528e, 0x528e, 0x528e, 0x528e, 0x528e, 0x528e, 0x528e, 0x528e, 0x528e, 0x528e, 
	0x528e, 0x528e, 0x528e, 0x528e, 0x528e, 0x528e, 0x528e, 0x528e, 0x528e, 0x528e, 0x528e, 0x528e, 0x528e, 0x528e, 0x528e, 0x528e, 
	0x528e, 0x528e, 0x528e, 0x528e, 0x528e, 0x528e, 0x528e, 0x528e, 0x528e, 0x528e, 0x528e, 0x528e, 0x528e, 0x528e, 0x528e, 0x528e, 
	0x528e, 0x528e, 0x528e, 0x528e, 0x528e, 0x528e, 0x528e, 0x528e, 0x528e, 0x528e, 0x528e, 0x528e, 0x528e, 0x528e, 0x528e, 0x528e, 
	0x528e, 0x528e, 0x528e, 0x528e, 0x528e, 0x528e, 0x528e, 0x528e, 0x528e, 0x528e, 0x528e, 0x528e, 0x528e, 0x528e, 0x528e, 0x528e, 
	0x528e, 0x528e, 0x528e, 0x528e, 0x528e, 0x528e, 0x528e, 0x528e, 0x528e, 0x528e, 0x528e, 0x528e, 0x528e, 0x528e, 0x528e, 0x528e, 
	0x528e, 0x528e, 0x528e, 0x528e, 0x528e, 0x528e, 0x528e, 0x528e, 0x528e, 0x528e, 0x528e, 0x528e, 0x528e, 0x528e, 0x528e, 0x528e, 
	0x528e, 0x528e, 0x528e, 0x528e, 0x528e, 0x528e, 0x528e, 0x528e, 0x528e, 0x528e, 0x528e, 0x528e, 0x528e, 0x528e, 0x528e, 0x528e, 
	0x528e, 0x528e, 0x528e, 0x528e, 0x528e, 0x528e, 0x528e, 0x528e, 0x528e, 0x528e, 0x528e, 0x528e, 0x528e, 0x528e, 0x528e, 0x528e, 
	0x528e, 0x528e, 0x528e, 0x528e, 0x528e, 0x528e, 0x528e, 0x528e, 0x528e, 0x528e, 0x528e, 0x528e, 0x528e, 0x528e, 0x528e, 0x528e, 
	0x528e, 0x528e, 0x528e, 0x528e, 0x528e, 0x528e, 0x528e, 0x528e, 0x528e, 0x528e, 0x528e, 0x528e, 0x528e, 0x528e, 0x528e, 0x528e, 
	0x528e, 0x528e, 0x528e, 0x528e, 0x528e, 0x528e, 0x528e, 0x528e, 0x528e, 0x528e, 0x528e, 0x528e, 0x528e, 0x528e, 0x528e, 0x528e, 
	0x528e, 0x528e, 0x528e, 0x528e, 0x528e, 0x528e, 0x528e, 0x528e, 0x528e, 0x528e, 0x528e, 0x528e, 0x528e, 0x528e, 0x528e, 0x528e, 
	0x528e, 0x528e, 0x528e, 0x528e, 0x528e, 0x528e, 0x528e, 0x528e, 0x528e, 0x528e, 0x528e, 0x528e, 0x528e, 0x528e, 0x528e, 0x528e, 
	0x528e, 0x528e, 0x528e, 0x528e, 0x528e, 0x528e, 0x528e, 0x528e, 0x528e, 0x528e, 0x528e, 0x528e, 0x528e, 0x528e, 0x528e, 0x528e, 
	0x528e, 0x528e, 0x528e, 0x528e, 0x528e, 0x528e, 0x528e, 0x528e, 0x528e, 0x528e, 0x528e, 0x528e, 0x528e, 0x528e, 0x528e, 0x528e, 
	0x528e, 0x528e, 0x528e, 0x528e, 0x528e, 0x528e, 0x528e, 0x528e, 0x528e, 0x528e, 0x528e, 0x528e, 0x528e, 0x528e, 0x528e, 0x528e, 
	0x528e, 0x528e, 0x528e, 0x528e, 0x528e, 0x528e, 0x528e, 0x528e, 0x528e, 0x528e, 0x528e, 0x528e, 0x528e, 0x528e, 0x528e, 0x528e, 
	0x528e, 0x528e, 0x528e, 0x528e, 0x528e, 0x528e, 0x528e, 0x528e, 0x528e, 0x528e, 0x528e, 0x528e, 0x528e, 0x528e, 0x528e, 0x528e, 
	0x528e, 0x528e, 0x528e, 0x528e, 0x528e, 0x528e, 0x528e, 0x528e, 0x528e, 0x528e, 0x528e, 0x528e, 0x528e, 0x528e, 0x528e, 0x528e, 
	0x528e, 0x528e, 0x528e, 0x528e, 0x528e, 0x528e, 0x528e, 0x528e, 0x528e, 0x528e, 0x528e, 0x528e, 0x528e, 0x528e, 0x528e, 0x528e, 
	0x528e, 0x528e, 0x528e, 0x528e, 0x528e, 0x528e, 0x528e, 0x528e, 0x528e, 0x528e, 0x528e, 0x528e, 0x528e, 0x528e, 0x528e, 0x528e, 
	0x528e, 0x528e, 0x528e, 0x528e, 0x528e, 0x528e, 0x528e, 0x528e, 0x528e, 0x528e, 0x528e, 0x528e, 0x528e, 0x528e, 0x528e, 0x528e, 
	0x528e, 0x528e, 0x528e, 0x528e, 0x528e, 0x528e, 0x528e, 0x528e, 0x528e, 0x528e, 0x528e, 0x528e, 0x528e, 0x528e, 0x528e, 0x528e, 
	0x528e, 0x528e, 0x528e, 0x528e, 0x528e, 0x528e, 0x528e, 0x528e, 0x528e, 0x528e, 0x528e, 0x528e, 0x528e, 0x528e, 0x528e, 0x528e, 
	0x528e, 0x528e, 0x528e, 0x528e, 0x528e, 0x528e, 0x528e, 0x528e, 0x528e, 0x528e, 0x528e, 0x528e, 0x528e, 0x528e, 0x528e, 0x528e, 
	0x528e, 0x528e, 0x528e, 0x528e, 0x528e, 0x528e, 0x528e, 0x528e, 0x528e, 0x528e, 0x528e, 0x528e, 0x528e, 0x528e, 0x528e, 0x528e, 
	0x528e, 0x528e, 0x528e, 0x528e, 0x528e, 0x528e, 0x528e, 0x528e, 0x528e, 0x528e, 0x528e, 0x528e, 0x528e, 0x528e, 0x528e, 0x528e, 
	0x528e, 0x528e, 0x528e, 0x528e, 0x528e, 0x528e, 0x528e, 0x528e, 0x528e, 0x528e, 0x528e, 0x528e, 0x528e, 0x528e, 0x528e, 0x528e, 
	0x528e, 0x528e, 0x528e, 0x528e, 0x528e, 0x528e, 0x528e, 0x528e, 0x528e, 0x528e, 0x528e, 0x528e, 0x528e, 0x528e, 0x528e, 0x528e, 
	0x528e, 0x528e, 0x528e, 0x528e, 0x528e, 0x528e, 0x528e, 0x528e, 0x528e, 0x528e, 0x528e, 0x528e, 0x528e, 0x528e, 0x528e, 0x528e, 
	0x528e, 0x528e, 0x528e, 0x528e, 0x528e, 0x528e, 0x528e, 0x528e, 0x528e, 0x528e, 0x528e, 0x528e, 0x528e, 0x528e, 0x528e, 0x528e, 
	0x528e, 0x528e, 0x528e, 0x528e, 0x528e, 0x528e, 0x528e, 0x528e, 0x528e, 0x528e, 0x528e, 0x528e, 0x528e, 0x528e, 0x528e, 0x528e, 
	0x528e, 0x528e, 0x528e, 0x528e, 0x528e, 0x528e, 0x528e, 0x528e, 0x528e, 0x528e, 0x528e, 0x528e, 0x528e, 0x528e, 0x528e, 0x528e, 
	0x528e, 0x528e, 0x528e, 0x528e, 0x528e, 0x528e, 0x528e, 0x528e, 0x528e, 0x528e, 0x528e, 0x528e, 0x528e, 0x528e, 0x528e, 0x528e, 
	0x528e, 0x528e, 0x528e, 0x528e, 0x528e, 0x528e, 0x528e, 0x528e, 0x528e, 0x528e, 0x528e, 0x528e, 0x528e, 0x528e, 0x528e, 0x528e, 
	0x528e, 0x528e, 0x528e, 0x528e, 0x528e, 0x528e, 0x528e, 0x528e, 0x528e, 0x528e, 0x528e, 0x528e, 0x528e, 0x528e, 0x528e, 0x528e, 
	0x528e, 0x528e, 0x528e, 0x528e, 0x528e, 0x528e, 0x528e, 0x528e, 0x528e, 0x528e, 0x528e, 0x528e, 0x528e, 0x528e, 0x528e, 0x528e, 
	0x528e, 0x528e, 0x528e, 0x528e, 0x528e, 0x528e, 0x528e, 0x528e, 0x528e, 0x528e, 0x528e, 0x528e, 0x528e, 0x528e, 0x528e, 0x528e, 
	0x528e, 0x528e, 0x528e, 0x528e, 0x528e, 0x528e, 0x528e, 0x528e, 0x528e, 0x528e, 0x528e, 0x528e, 0x528e, 0x528e, 0x528e, 0x528e, 
	0x528e, 0x528e, 0x528e, 0x528e, 0x528e, 0x528e, 0x528e, 0x528e, 0x528e, 0x528e, 0x528e, 0x528e, 0x528e, 0x528e, 0x528e, 0x528e, 
	0x528e, 0x528e, 0x528e, 0x528e, 0x528e, 0x528e, 0x528e, 0x528e, 0x528e, 0x528e, 0x528e, 0x528e, 0x528e, 0x528e, 0x528e, 0x528e, 
	0x528e, 0x528e, 0x528e, 0x528e, 0x528e, 0x528e, 0x528e, 0x528e, 0x528e, 0x528e, 0x528e, 0x528e, 0x528e, 0x528e, 0x528e, 0x528e, 
	0x528e, 0x528e, 0x528e, 0x528e, 0x528e, 0x528e, 0x528e, 0x528e, 0x528e, 0x528e, 0x528e, 0x528e, 0x528e, 0x528e, 0x528e, 0x528e, 
	0x528e, 0x528e, 0x528e, 0x528e, 0x528e, 0x528e, 0x528e, 0x528e, 0x528e, 0x528e, 0x528e, 0x528e, 0x528e, 0x528e, 0x528e, 0x528e, 
	0x528e, 0x528e, 0x528e, 0x528e, 0x528e, 0x528e, 0x528e, 0x528e, 0x528e, 0x528e, 0x528e, 0x528e, 0x528e, 0x528e, 0x528e, 0x528e, 
	0x528e, 0x528e, 0x528e, 0x528e, 0x528e, 0x528e, 0x528e, 0x528e, 0x528e, 0x528e, 0x528e, 0x528e, 0x528e, 0x528e, 0x528e, 0x528e, 
	0x528e, 0x528e, 0x528e, 0x528e, 0x528e, 0x528e, 0x528e, 0x528e, 0x528e, 0x528e, 0x528e, 0x528e, 0x528e, 0x528e, 0x528e, 0x528e, 
	0x528e, 0x528e, 0x528e, 0x528e, 0x528e, 0x528e, 0x528e, 0x528e, 0x528e, 0x528e, 0x528e, 0x528e, 0x528e, 0x528e, 0x528e, 0x528e, 
	0x528e, 0x528e, 0x528e, 0x528e, 0x528e, 0x528e, 0x528e, 0x528e, 0x528e, 0x528e, 0x528e, 0x528e, 0x528e, 0x528e, 0x528e, 0x528e, 
	0x528e, 0x528e, 0x528e, 0x528e, 0x528e, 0x528e, 0x528e, 0x528e, 0x528e, 0x528e, 0x528e, 0x528e, 0x528e, 0x528e, 0x528e, 0x528e, 
	0x528e, 0x528e, 0x528e, 0x528e, 0x528e, 0x528e, 0x528e, 0x528e, 0x528e, 0x528e, 0x528e, 0x528e, 0x528e, 0x528e, 0x528e, 0x528e, 
	0x528e, 0x528e, 0x528e, 0x528e, 0x528e, 0x528e, 0x528e, 0x528e, 0x528e, 0x528e, 0x528e, 0x528e, 0x528e, 0x528e, 0x528e, 0x528e, 
	0x528e, 0x528e, 0x528e, 0x528e, 0x528e, 0x528e, 0x528e, 0x528e, 0x528e, 0x528e, 0x528e, 0x528e, 0x528e, 0x528e, 0x528e, 0x528e, 
	0x528e, 0x528e, 0x528e, 0x528e, 0x528e, 0x528e, 0x528e, 0x528e, 0x528e, 0x528e, 0x528e, 0x528e, 0x528e, 0x528e, 0x528e, 0x528e, 
	0x528e, 0x528e, 0x528e, 0x528e, 0x528e, 0x528e, 0x528e, 0x528e, 0x528e, 0x528e, 0x528e, 0x528e, 0x528e, 0x528e, 0x528e, 0x528e, 
	0x528e, 0x528e, 0x528e, 0x528e, 0x528e, 0x528e, 0x528e, 0x528e, 0x528e, 0x528e, 0x528e, 0x528e, 0x528e, 0x528e, 0x528e, 0x528e, 
	0x528e, 0x528e, 0x528e, 0x528e, 0x528e, 0x528e, 0x528e, 0x528e, 0x528e, 0x528e, 0x528e, 0x528e, 0x528e, 0x528e, 0x528e, 0x528e, 
	0x528e, 0x528e, 0x528e, 0x528e, 0x528e, 0x528e, 0x528e, 0x528e, 0x528e, 0x528e, 0x528e, 0x528e, 0x528e, 0x528e, 0x528e, 0x528e, 
	0x528e, 0x528e, 0x528e, 0x528e, 0x528e, 0x528e, 0x528e, 0x528e, 0x528e, 0x528e, 0x528e, 0x528e, 0x528e, 0x528e, 0x528e, 0x528e, 
	0x528e, 0x528e, 0x528e, 0x528e, 0x528e, 0x528e, 0x528e, 0x528e, 0x528e, 0x528e, 0x528e, 0x528e, 0x528e, 0x528e, 0x528e, 0x528e, 
	0x528e, 0x528e, 0x528e, 0x528e, 0x528e, 0x528e, 0x528e, 0x528e, 0x528e, 0x528e, 0x528e, 0x528e, 0x528e, 0x528e, 0x528e, 0x528e, 
	0x528e, 0x528e, 0x528e, 0x528e, 0x528e, 0x528e, 0x528e, 0x528e, 0x528e, 0x528e, 0x528e, 0x528e, 0x528e, 0x528e, 0x528e, 0x528e, 
	0x528e, 0x528e, 0x528e, 0x528e, 0x528e, 0x528e, 0x528e, 0x528e, 0x528e, 0x528e, 0x528e, 0x528e, 0x528e, 0x528e, 0x528e, 0x528e, 
	0x528e, 0x528e, 0x528e, 0x528e, 0x528e, 0x528e, 0x528e, 0x528e, 0x528e, 0x528e, 0x528e, 0x528e, 0x528e, 0x528e, 0x528e, 0x528e, 
	0x528e, 0x528e, 0x528e, 0x528e, 0x528e, 0x528e, 0x528e, 0x528e, 0x528e, 0x528e, 0x528e, 0x528e, 0x528e, 0x528e, 0x528e, 0x528e, 
	0x528e, 0x528e, 0x528e, 0x528e, 0x528e, 0x528e, 0x528e, 0x528e, 0x528e, 0x528e, 0x528e, 0x528e, 0x528e, 0x528e, 0x528e, 0x528e, 
	0x528e, 0x528e, 0x528e, 0x528e, 0x528e, 0x528e, 0x528e, 0x528e, 0x528e, 0x528e, 0x528e, 0x528e, 0x528e, 0x528e, 0x528e, 0x528e, 
	0x528e, 0x528e, 0x528e, 0x528e, 0x528e, 0x528e, 0x528e, 0x528e, 0x528e, 0x528e, 0x528e, 0x528e, 0x528e, 0x528e, 0x528e, 0x528e, 
	0x528e, 0x528e, 0x528e, 0x528e, 0x528e, 0x528e, 0x528e, 0x528e, 0x528e, 0x528e, 0x528e, 0x528e, 0x528e, 0x528e, 0x528e, 0x528e, 
	0x528e, 0x528e, 0x528e, 0x528e, 0x528e, 0x528e, 0x528e, 0x528e, 0x528e, 0x6b6d, 0x528e, 0x528e, 0x528e, 0x528e, 0x528e, 0x528e, 
	0x528e, 0x528e, 0x528e, 0x528e, 0x528e, 0x528e, 0x528e, 0x528e, 0x528e, 0x528e, 0x528e, 0x528e, 0x528e, 0x528e, 0x528e, 0x528e, 
	0x528e, 0x528e, 0x528e, 0x528e, 0x528e, 0x528e, 0x528e, 0x528e, 0x528e, 0x528e, 0x528e, 0x528e, 0x528e, 0x528e, 0x528e, 0x528e, 
	0x528e, 0x528e, 0x528e, 0x528e, 0x528e, 0x528e, 0x528e, 0x528e, 0x528e, 0x528e, 0x528e, 0x528e, 0x528e, 0x528e, 0x528e, 0x528e, 
	0x528e, 0x528e, 0x528e, 0x528e, 0x528e, 0x528e, 0x528e, 0x528e, 0x528e, 0x528e, 0x528e, 0x528e, 0x528e, 0x528e, 0x528e, 0x528e, 
	0x528e, 0x39e7, 0x528e, 0x528e, 0x528e, 0x528e, 0x528e, 0x528e, 0x528e, 0x528e, 0x528e, 0x528e, 0x528e, 0x528e, 0x528e, 0x528e, 
	0x528e, 0x528e, 0x528e, 0x528e, 0x528e, 0x528e, 0x528e, 0x528e, 0x528e, 0x528e, 0x528e, 0x528e, 0x528e, 0x528e, 0x528e, 0x528e, 
	0x528e, 0x528e, 0x528e, 0x528e, 0x528e, 0x528e, 0x528e, 0x528e, 0x528e, 0x528e, 0x528e, 0x528e, 0x528e, 0x528e, 0x528e, 0x528e, 
	0x528e, 0x528e, 0x528e, 0x528e, 0x528e, 0x528e, 0x528e, 0x528e, 0x18c3, 0x528e, 0x528e, 0x528e, 0x528e, 0x528e, 0x528e, 0x528e, 
	0x528e, 0x528e, 0x528e, 0x528e, 0x528e, 0x528e, 0x528e, 0x528e, 0x528e, 0x528e, 0x528e, 0x528e, 0x528e, 0x528e, 0x528e, 0x528e, 
	0x528e, 0x528e, 0x528e, 0x528e, 0x528e, 0x528e, 0x528e, 0x528e, 0x528e, 0x528e, 0x528e, 0x528e, 0x528e, 0x528e, 0x528e, 0x528e, 
	0x528e, 0x528e, 0x528e, 0x528e, 0x528e, 0x528e, 0x528e, 0x528e, 0x528e, 0x528e, 0x528e, 0x528e, 0x528e, 0x528e, 0x528e, 0x528e, 
	0x528e, 0x528e, 0x528e, 0x528e, 0x528e, 0x528e, 0x528e, 0x528e, 0x528e, 0x528e, 0x528e, 0x528e, 0x528e, 0x528e, 0x528e, 0x528e, 
	0x528e, 0x528e, 0x528e, 0x528e, 0x528e, 0x528e, 0x528e, 0x528e, 0x528e, 0x528e, 0x528e, 0x528e, 0x528e, 0x528e, 0x528e, 0x528e, 
	0x528e, 0x528e, 0x528e, 0x528e, 0x528e, 0x528e, 0x528e, 0x528e, 0x528e, 0x528e, 0x528e, 0x528e, 0x528e, 0x528e, 0x528e, 0x528e, 
	0x528e, 0x528e, 0x528e, 0x528e, 0x528e, 0x528e, 0x528e, 0x528e, 0x528e, 0x528e, 0x528e, 0x528e, 0x528e, 0x528e, 0x528e, 0x528e, 
	0x528e, 0x528e, 0x528e, 0x528e, 0x528e, 0x528e, 0x528e, 0x528e, 0x528e, 0x528e, 0x528e, 0x528e, 0x528e, 0x528e, 0x528e, 0x528e, 
	0x528e, 0x528e, 0x528e, 0x528e, 0x528e, 0x528e, 0x528e, 0x528e, 0x528e, 0x528e, 0x528e, 0x528e, 0x528e, 0x528e, 0x528e, 0x528e, 
	0x528e, 0x528e, 0x528e, 0x528e, 0x528e, 0x528e, 0x528e, 0x528e, 0x528e, 0x528e, 0x528e, 0x528e, 0x528e, 0x528e, 0x528e, 0x528e, 
	0x528e, 0x528e, 0x528e, 0x528e, 0x528e, 0x528e, 0x528e, 0x528e, 0x528e, 0x528e, 0x528e, 0x528e, 0x528e, 0x528e, 0x528e, 0x528e, 
	0x528e, 0x528e, 0x528e, 0x528e, 0x528e, 0x528e, 0x528e, 0x528e, 0x528e, 0x528e, 0x528e, 0x528e, 0x528e, 0x528e, 0x528e, 0x528e, 
	0x528e, 0x528e, 0x528e, 0x528e, 0x528e, 0x528e, 0x528e, 0x528e, 0x528e, 0x528e, 0x528e, 0x528e, 0x528e, 0x528e, 0x528e, 0x528e, 
	0x528e, 0x528e, 0x528e, 0x528e, 0x528e, 0x528e, 0x528e, 0x528e, 0x528e, 0x528e, 0x528e, 0x528e, 0x528e, 0x528e, 0x528e, 0x528e, 
	0x528e, 0x528e, 0x528e, 0x528e, 0x528e, 0x528e, 0x528e, 0x528e, 0x528e, 0x528e, 0x528e, 0x528e, 0x528e, 0x528e, 0x528e, 0x528e, 
	0x528e, 0x528e, 0x528e, 0x528e, 0x528e, 0x4a6d, 0x422c, 0x420b, 0x39ea, 0x39ea, 0x39ea, 0x420b, 0x422c, 0x4a6d, 0x528e, 0x528e, 
	0x528e, 0x528e, 0x528e, 0x528e, 0x528e, 0x528e, 0x528e, 0x528e, 0x528e, 0x528e, 0x528e, 0x528e, 0x4a4c, 0x39ea, 0x39ea, 0x39ea, 
	0x39ea, 0x39ea, 0x39ea, 0x39ea, 0x4a6d, 0x528e, 0x528e, 0x528e, 0x528e, 0x528e, 0x528e, 0x528e, 0x528e, 0x528e, 0x528e, 0x4a6d, 
	0x39ea, 0x39ea, 0x39ea, 0x39ea, 0x39ea, 0x39ea, 0x39ea, 0x39ea, 0x528d, 0x528e, 0x528e, 0x528e, 0x528e, 0x528e, 0x528e, 0x528e, 
	0x528e, 0x528e, 0x528e, 0x4a6d, 0x39ea, 0x39ea, 0x39ea, 0x39ea, 0x39ea, 0x39ea, 0x39ea, 0x39ea, 0x4a6d, 0x528e, 0x528e, 0x528e, 
	0x528e, 0x4a6d, 0x39ea, 0x39ea, 0x39ea, 0x39ea, 0x39ea, 0x39ea, 0x39ea, 0x39ea, 0x39ea, 0x39ea, 0x39ea, 0x39ea, 0x39ea, 0x39ea, 
	0x39ea, 0x422c, 0x528e, 0x528e, 0x528e, 0x528e, 0x528e, 0x528e, 0x528e, 0x528e, 0x528e, 0x528e, 0x528e, 0x528e, 0x528e, 0x528e, 
	0x528e, 0x528e, 0x528e, 0x528e, 0x528e, 0x528e, 0x528e, 0x528e, 0x528e, 0x528e, 0x528e, 0x528e, 0x528e, 0x528e, 0x528e, 0x528e, 
	0x528e, 0x528e, 0x528e, 0x528e, 0x528e, 0x528e, 0x528e, 0x528e, 0x528e, 0x528e, 0x528e, 0x528e, 0x528e, 0x528e, 0x528e, 0x528e, 
	0x528e, 0x528e, 0x528e, 0x528e, 0x528e, 0x528e, 0x528e, 0x528e, 0x528e, 0x528e, 0x528e, 0x528e, 0x528e, 0x528e, 0x528e, 0x528e, 
	0x528e, 0x528e, 0x4a6d, 0x41c9, 0x48c4, 0x3842, 0x7883, 0x9862, 0xb021, 0xb000, 0xb021, 0x9862, 0x7883, 0x4042, 0x4083, 0x4968, 
	0x422c, 0x528e, 0x528e, 0x528e, 0x528e, 0x528e, 0x528e, 0x528e, 0x528e, 0x528e, 0x528e, 0x528e, 0x4947, 0x9800, 0xb000, 0xb000, 
	0xb000, 0xb000, 0xb000, 0x8021, 0x41ca, 0x528e, 0x528e, 0x528e, 0x528e, 0x528e, 0x528e, 0x528e, 0x528e, 0x528e, 0x528e, 0x422c, 
	0x5841, 0xb000, 0xb000, 0xb000, 0xb000, 0xb000, 0xb000, 0x68e3, 0x420b, 0x528e, 0x528e, 0x528e, 0x528e, 0x528e, 0x528e, 0x528e, 
	0x528e, 0x528e, 0x528e, 0x420b, 0x7041, 0xb000, 0xb000, 0xb000, 0xb000, 0xb000, 0xb000, 0x4841, 0x4a4c, 0x528e, 0x528e, 0x528e, 
	0x528e, 0x422c, 0x5841, 0xb000, 0xb000, 0xb000, 0xb000, 0xb000, 0xb000, 0xb000, 0xb000, 0xb000, 0xb000, 0xb000, 0xb000, 0xb000, 
	0x8800, 0x41a9, 0x528e, 0x528e, 0x528e, 0x528e, 0x528e, 0x528e, 0x528e, 0x528e, 0x528e, 0x528e, 0x528e, 0x528e, 0x528e, 0x528e, 
	0x528e, 0x528e, 0x528e, 0x528e, 0x528e, 0x528e, 0x528e, 0x528e, 0x528e, 0x528e, 0x528e, 0x528e, 0x528e, 0x528e, 0x528e, 0x528e, 
	0x528e, 0x528e, 0x528e, 0x528e, 0x528e, 0x528e, 0x528e, 0x528e, 0x528e, 0x528e, 0x528e, 0x528e, 0x528e, 0x528e, 0x528e, 0x528e, 
	0x528e, 0x528e, 0x528e, 0x528e, 0x528e, 0x528e, 0x528e, 0x528e, 0x528e, 0x528e, 0x528e, 0x528e, 0x528e, 0x528e, 0x528e, 0x528e, 
	0x528d, 0x41a9, 0x3842, 0xa841, 0xe000, 0xf800, 0xf800, 0xf800, 0xf800, 0xf800, 0xf800, 0xf800, 0xf800, 0xf800, 0xe800, 0xc800, 
	0x5842, 0x3989, 0x528e, 0x528e, 0x528e, 0x528e, 0x528e, 0x528e, 0x528e, 0x528e, 0x528e, 0x528d, 0x3042, 0xf000, 0xf800, 0xf800, 
	0xf800, 0xf800, 0xf800, 0xe000, 0x40a4, 0x528e, 0x528e, 0x528e, 0x528e, 0x528e, 0x528e, 0x528e, 0x528e, 0x528e, 0x528e, 0x422c, 
	0x7883, 0xf800, 0xf800, 0xf800, 0xf800, 0xf800, 0xf800, 0xc800, 0x4968, 0x528e, 0x528e, 0x528e, 0x528e, 0x528e, 0x528e, 0x528e, 
	0x528e, 0x528e, 0x528e, 0x4927, 0xd000, 0xf800, 0xf800, 0xf800, 0xf800, 0xf800, 0xf800, 0x6863, 0x4a4c, 0x528e, 0x528e, 0x528e, 
	0x528e, 0x422c, 0x7883, 0xf800, 0xf800, 0xf800, 0xf800, 0xf800, 0xf800, 0xf800, 0xf800, 0xf800, 0xf800, 0xf800, 0xf800, 0xf800, 
	0xc000, 0x41a9, 0x528e, 0x528e, 0x528e, 0x528e, 0x528e, 0x528e, 0x528e, 0x528e, 0x528e, 0x528e, 0x528e, 0x528e, 0x528e, 0x528e, 
	0x528e, 0x528e, 0x528e, 0x528e, 0x528e, 0x528e, 0x528e, 0x528e, 0x528e, 0x528e, 0x528e, 0x528e, 0x528e, 0x528e, 0x528e, 0x528e, 
	0x528e, 0x528e, 0x528e, 0x528e, 0x528e, 0x528e, 0x528e, 0x528e, 0x528e, 0x528e, 0x528e, 0x528e, 0x528e, 0xa534, 0x528e, 0x528e, 
	0x528e, 0x528e, 0x528e, 0x528e, 0x528e, 0x528e, 0x528e, 0x528e, 0x528e, 0x528e, 0x528e, 0x528e, 0x528e, 0x528e, 0x528e, 0x4a6d, 
	0x38c4, 0x9842, 0xf000, 0xf800, 0xf800, 0xf800, 0xf800, 0xf800, 0xf800, 0xf800, 0xf800, 0xf800, 0xf800, 0xf800, 0xf800, 0xf800, 
	0x5862, 0x4a4c, 0x528e, 0x528e, 0x528e, 0x528e, 0x528e, 0x528e, 0x528e, 0x528e, 0x528e, 0x420b, 0x8862, 0xf800, 0xf800, 0xf800, 
	0xc000, 0xf800, 0xf800, 0xf800, 0x5862, 0x4a4c, 0x528e, 0x528e, 0x528e, 0x528e, 0x528e, 0x528e, 0x528e, 0x528e, 0x528e, 0x422c, 
	0x7883, 0xf800, 0xf800, 0xf800, 0xf800, 0xf800, 0xf800, 0xf000, 0x3062, 0x528e, 0x528e, 0x528e, 0x528e, 0x528e, 0x528e, 0x528e, 
	0x528e, 0x528e, 0x528d, 0x3041, 0xf800, 0xf800, 0xf800, 0xf800, 0xf800, 0xf800, 0xf800, 0x6863, 0x4a4c, 0x528e, 0x528e, 0x528e, 
	0x528e, 0x422c, 0x7883, 0xf800, 0xf800, 0xf800, 0xf800, 0xf800, 0xf800, 0xf800, 0xf800, 0xf800, 0xf800, 0xf800, 0xf800, 0xf800, 
	0xc000, 0x41a9, 0x528e, 0x528e, 0x528e, 0x528e, 0x528e, 0x528e, 0x528e, 0x528e, 0x528e, 0x528e, 0x528e, 0x528e, 0x528e, 0x528e, 
	0x528e, 0x528e, 0x528e, 0x528e, 0x528e, 0x528e, 0x528e, 0x528e, 0x528e, 0x528e, 0x528e, 0x528e, 0x528e, 0x528e, 0x528e, 0x528e, 
	0x528e, 0x528e, 0x528e, 0x528e, 0x528e, 0x528e, 0x528e, 0x528e, 0x528e, 0x528e, 0x528e, 0x528e, 0x528e, 0x528e, 0x528e, 0x528e, 
	0x528e, 0x528e, 0x528e, 0x528e, 0x528e, 0x528e, 0x528e, 0x528e, 0x528e, 0x528e, 0x528e, 0x528e, 0x528e, 0x528e, 0x4a6d, 0x3863, 
	0xc800, 0xf800, 0xf800, 0xf800, 0xf800, 0xf800, 0xf800, 0xf000, 0xe000, 0xd000, 0xd800, 0xe800, 0xf800, 0xf800, 0xf800, 0xd000, 
	0x4905, 0x528e, 0x528e, 0x528e, 0x528e, 0x528e, 0x528e, 0x528e, 0x528e, 0x528e, 0x528e, 0x4927, 0xd000, 0xf800, 0xf800, 0xf800, 
	0x7800, 0xf800, 0xf800, 0xf800, 0xb821, 0x41a9, 0x528e, 0x528e, 0x528e, 0x528e, 0x528e, 0x528e, 0x528e, 0x528e, 0x528e, 0x422c, 
	0x7883, 0xf800, 0xf800, 0xf800, 0xf800, 0xf800, 0xf800, 0xf800, 0x6863, 0x422c, 0x528e, 0x528e, 0x528e, 0x528e, 0x528e, 0x528e, 
	0x528e, 0x528e, 0x420b, 0x8862, 0xf800, 0xf800, 0xf800, 0xf800, 0xf800, 0xf800, 0xf800, 0x6863, 0x4a4c, 0x528e, 0x528e, 0x528e, 
	0x528e, 0x422c, 0x7883, 0xf800, 0xf800, 0xf800, 0xf800, 0xd800, 0xd000, 0xd000, 0xd000, 0xd000, 0xd000, 0xd000, 0xd000, 0xd000, 
	0xa000, 0x41a9, 0x528e, 0x528e, 0x528e, 0x528e, 0x528e, 0x528e, 0x528e, 0x528e, 0x528e, 0x528e, 0x528e, 0x528e, 0x528e, 0x528e, 
	0x528e, 0x528e, 0x528e, 0x528e, 0x528e, 0x528e, 0x528e, 0x528e, 0x528e, 0x528e, 0x528e, 0x528e, 0x528e, 0x528e, 0x528e, 0x528e, 
	0x528e, 0x528e, 0x528e, 0x528e, 0x528e, 0x528e, 0x528e, 0x528e, 0x528e, 0x528e, 0x528e, 0x528e, 0x528e, 0x528e, 0x528e, 0x528e, 
	0x528e, 0x528e, 0x528e, 0x528e, 0x528e, 0x528e, 0x528e, 0x528e, 0x528e, 0x528e, 0x528e, 0x528e, 0x528e, 0x528d, 0x38a4, 0xc800, 
	0xf800, 0xf800, 0xf800, 0xf800, 0xf800, 0xc800, 0x5862, 0x3883, 0x4906, 0x4947, 0x5127, 0x48c4, 0x2821, 0x8883, 0xd000, 0x7062, 
	0x420b, 0x528e, 0x528e, 0x528e, 0x528e, 0x528e, 0x528e, 0x528e, 0x528e, 0x528e, 0x4a6d, 0x3041, 0xf800, 0xf800, 0xf800, 0xe000, 
	0x1800, 0xf800, 0xf800, 0xf800, 0xe800, 0x3883, 0x528e, 0x528e, 0x528e, 0x528e, 0x528e, 0x528e, 0x528e, 0x528e, 0x528e, 0x422c, 
	0x7883, 0xf800, 0xf800, 0xf800, 0xf800, 0xf800, 0xf800, 0xf800, 0xb800, 0x41a9, 0x528e, 0x528e, 0x528e, 0x528e, 0x528e, 0x528e, 
	0x528e, 0x528e, 0x4947, 0xd000, 0xf800, 0xf800, 0xf800, 0xf800, 0xf800, 0xf800, 0xf800, 0x6863, 0x4a4c, 0x528e, 0x528e, 0x528e, 
	0x528e, 0x422c, 0x7883, 0xf800, 0xf800, 0xf800, 0xf800, 0x6062, 0x4127, 0x4947, 0x4947, 0x4947, 0x4947, 0x4947, 0x4947, 0x4947, 
	0x4947, 0x420b, 0x528e, 0x528e, 0x528e, 0x528e, 0x528e, 0x528e, 0x528e, 0x528e, 0x528e, 0x528e, 0x528e, 0x528e, 0x528e, 0x528e, 
	0x528e, 0x528e, 0x528e, 0x528e, 0x528e, 0x528e, 0x528e, 0x528e, 0x528e, 0x528e, 0x528e, 0x528e, 0x528e, 0x528e, 0x528e, 0x528e, 
	0x528e, 0x528e, 0x528e, 0x528e, 0x528e, 0x528e, 0x528e, 0x528e, 0x528e, 0x528e, 0x528e, 0x528e, 0x528e, 0x528e, 0x528e, 0x528e, 
	0x528e, 0x528e, 0x528e, 0x528e, 0x528e, 0x528e, 0x528e, 0x528e, 0x528e, 0x528e, 0x528e, 0x528e, 0x528e, 0x41a9, 0x9842, 0xf800, 
	0xf800, 0xf800, 0xf800, 0xf800, 0x8042, 0x4906, 0x4a4c, 0x528e, 0x528e, 0x528e, 0x528e, 0x528e, 0x528d, 0x420b, 0x4126, 0x30c4, 
	0x528e, 0x528e, 0x528e, 0x528e, 0x528e, 0x528e, 0x528e, 0x528e, 0x528e, 0x528e, 0x41eb, 0x9062, 0xf800, 0xf800, 0xf800, 0xc800, 
	0x0000, 0xd800, 0xf800, 0xf800, 0xf800, 0x6863, 0x422c, 0x528e, 0x528e, 0x528e, 0x528e, 0x528e, 0x528e, 0x528e, 0x528e, 0x422c, 
	0x7883, 0xf800, 0xf800, 0xf800, 0xb800, 0xd800, 0xf800, 0xf800, 0xe800, 0x40a4, 0x528e, 0x528e, 0x528e, 0x528e, 0x528e, 0x528e, 
	0x528e, 0x528e, 0x3042, 0xf000, 0xf800, 0xf800, 0xc000, 0xe000, 0xf800, 0xf800, 0xf800, 0x6863, 0x4a4c, 0x528e, 0x528e, 0x528e, 
	0x528e, 0x422c, 0x7883, 0xf800, 0xf800, 0xf800, 0xf800, 0x6063, 0x39c7, 0x528e, 0x528e, 0x528e, 0x528e, 0x528e, 0x528e, 0x528e, 
	0x528e, 0x528e, 0x528e, 0x528e, 0x528e, 0x528e, 0x528e, 0x528e, 0x528e, 0x528e, 0x528e, 0x528e, 0x528e, 0x528e, 0x528e, 0x528e, 
	0x528e, 0x528e, 0x528e, 0x528e, 0x528e, 0x528e, 0x528e, 0x528e, 0x528e, 0x528e, 0x528e, 0x528e, 0x528e, 0x528e, 0x528e, 0x528e, 
	0x528e, 0x528e, 0x528e, 0x528e, 0x528e, 0x528e, 0x528e, 0x528e, 0x528e, 0x528e, 0x528e, 0x528e, 0x528e, 0x528e, 0x528e, 0x528e, 
	0x528e, 0x528e, 0x528e, 0x528e, 0x528e, 0x528e, 0x528e, 0x528e, 0x528e, 0x528e, 0x528e, 0x528e, 0x4a6d, 0x3842, 0xf000, 0xf800, 
	0xf800, 0xf800, 0xf800, 0x8062, 0x4988, 0x528e, 0x528e, 0x528e, 0x528e, 0x528e, 0x528e, 0x528e, 0x528e, 0x528e, 0x528e, 0x528e, 
	0x528e, 0x528e, 0x528e, 0x528e, 0x528e, 0x528e, 0x528e, 0x528e, 0x528e, 0x528e, 0x4906, 0xd800, 0xf800, 0xf800, 0xf800, 0xa042, 
	0x18a4, 0xb000, 0xf800, 0xf800, 0xf800, 0xc000, 0x4988, 0x528e, 0x528e, 0x528e, 0x528e, 0x528e, 0x528e, 0x528e, 0x528e, 0x422c, 
	0x7883, 0xf800, 0xf800, 0xf800, 0x8863, 0x9862, 0xf800, 0xf800, 0xf800, 0x4862, 0x4a4d, 0x528e, 0x528e, 0x528e, 0x528e, 0x528e, 
	0x528e, 0x420b, 0x8063, 0xf800, 0xf800, 0xf800, 0x3021, 0xd000, 0xf800, 0xf800, 0xf800, 0x6863, 0x4a4c, 0x528e, 0x528e, 0x528e, 
	0x528e, 0x422c, 0x7883, 0xf800, 0xf800, 0xf800, 0xf800, 0x6063, 0x4a4d, 0x528e, 0x528e, 0x528e, 0x528e, 0x528e, 0x528e, 0x528e, 
	0x528e, 0x528e, 0x528e, 0x528e, 0x528e, 0x528e, 0x528e, 0x528e, 0x528e, 0x528e, 0x528e, 0x528e, 0x528e, 0x528e, 0x528e, 0x528e, 
	0x528e, 0x528e, 0x528e, 0x528e, 0x528e, 0x528e, 0x528e, 0x528e, 0x528e, 0x528e, 0x528e, 0x528e, 0x528e, 0x528e, 0x528e, 0x528e, 
	0x528e, 0x528e, 0x528e, 0x528e, 0x528e, 0x528e, 0x528e, 0x528e, 0x528e, 0x528e, 0x528e, 0x528e, 0x528e, 0x528e, 0x528e, 0x528e, 
	0x528e, 0x528e, 0x528e, 0x528e, 0x528e, 0x528e, 0x528e, 0x528e, 0x528e, 0x528e, 0x528e, 0x528e, 0x41ca, 0xa841, 0xf800, 0xf800, 
	0xf800, 0xf800, 0xc800, 0x40e5, 0x528e, 0x528e, 0x528e, 0x528e, 0x528e, 0x528e, 0x528e, 0x528e, 0x528e, 0x528e, 0x528e, 0x528e, 
	0x528e, 0x528e, 0x528e, 0x528e, 0x528e, 0x528e, 0x528e, 0x528e, 0x528e, 0x4a6d, 0x3842, 0xf800, 0xf800, 0xf800, 0xf800, 0x5862, 
	0x39ea, 0x7063, 0xf800, 0xf800, 0xf800, 0xf000, 0x3062, 0x528e, 0x528e, 0x528e, 0x528e, 0x528e, 0x528e, 0x528e, 0x528e, 0x422c, 
	0x7883, 0xf800, 0xf800, 0xf800, 0x9062, 0x3841, 0xf800, 0xf800, 0xf800, 0xa842, 0x41ea, 0x528e, 0x528e, 0x528e, 0x528e, 0x528e, 
	0x528e, 0x4968, 0xc800, 0xf800, 0xf800, 0xd000, 0x0000, 0xd800, 0xf800, 0xf800, 0xf800, 0x6863, 0x4a4c, 0x528e, 0x528e, 0x528e, 
	0x528e, 0x422c, 0x7883, 0xf800, 0xf800, 0xf800, 0xf800, 0x6063, 0x4a4d, 0x528e, 0x528e, 0x528e, 0x528e, 0x528e, 0x528e, 0x528e, 
	0x528e, 0x528e, 0x528e, 0x528e, 0x528e, 0x528e, 0x528e, 0x528e, 0x528e, 0x528e, 0x528e, 0x528e, 0x528e, 0x528e, 0x528e, 0x528e, 
	0x528e, 0x528e, 0x528e, 0x528e, 0x528e, 0x528e, 0x528e, 0x528e, 0x528e, 0x528e, 0x528e, 0x528e, 0x528e, 0x528e, 0x528e, 0x528e, 
	0x528e, 0x528e, 0x528e, 0x528e, 0x528e, 0x528e, 0x528e, 0x528e, 0x528e, 0x528e, 0x528e, 0x528e, 0x528e, 0x528e, 0x528e, 0x528e, 
	0x528e, 0x528e, 0x528e, 0x528e, 0x528e, 0x528e, 0x528e, 0x528e, 0x528e, 0x528e, 0x528e, 0x528e, 0x48c5, 0xe000, 0xf800, 0xf800, 
	0xf800, 0xf800, 0x4842, 0x4a4c, 0x528e, 0x528e, 0x528e, 0x528e, 0x528e, 0x528e, 0x528e, 0x528e, 0x528e, 0x528e, 0x528e, 0x528e, 
	0x528e, 0x528e, 0x528e, 0x528e, 0x528e, 0x528e, 0x528e, 0x528e, 0x528e, 0x41ea, 0xa042, 0xf800, 0xf800, 0xf800, 0xf000, 0x3042, 
	0x528e, 0x2841, 0xf800, 0xf800, 0xf800, 0xf800, 0x7863, 0x422c, 0x528e, 0x528e, 0x528e, 0x528e, 0x528e, 0x528e, 0x528e, 0x422c, 
	0x7883, 0xf800, 0xf800, 0xf800, 0xa042, 0x0000, 0xd800, 0xf800, 0xf800, 0xd800, 0x4906, 0x528e, 0x528e, 0x528e, 0x528e, 0x528e, 
	0x528e, 0x3042, 0xf000, 0xf800, 0xf800, 0x9062, 0x0000, 0xd800, 0xf800, 0xf800, 0xf800, 0x6863, 0x4a4c, 0x528e, 0x528e, 0x528e, 
	0x528e, 0x422c, 0x7883, 0xf800, 0xf800, 0xf800, 0xf800, 0x6063, 0x4a4d, 0x528e, 0x528e, 0x528e, 0x528e, 0x528e, 0x528e, 0x528e, 
	0x528e, 0x528e, 0x528e, 0x528e, 0x528e, 0x528e, 0x528e, 0x528e, 0x528e, 0x528e, 0x528e, 0x528e, 0x528e, 0x528e, 0x528e, 0x528e, 
	0x528e, 0x528e, 0x528e, 0x528e, 0x528e, 0x528e, 0x528e, 0x528e, 0x528e, 0x528e, 0x528e, 0x528e, 0x528e, 0x528e, 0x528e, 0x528e, 
	0x528e, 0x528e, 0x528e, 0x528e, 0x528e, 0x528e, 0x528e, 0x528e, 0x528e, 0x528e, 0x528e, 0x528e, 0x528e, 0x528e, 0x528e, 0x528e, 
	0x528e, 0x528e, 0x528e, 0x528e, 0x528e, 0x528e, 0x528e, 0x528e, 0x528e, 0x528e, 0x528e, 0x4a6d, 0x3021, 0xf800, 0xf800, 0xf800, 
	0xf800, 0xe000, 0x48e5, 0x528e, 0x528e, 0x528e, 0x528e, 0x528e, 0x528e, 0x528e, 0x528e, 0x528e, 0x528e, 0x528e, 0x528e, 0x528e, 
	0x528e, 0x528e, 0x528e, 0x528e, 0x528e, 0x528e, 0x528e, 0x528e, 0x528e, 0x48e5, 0xd800, 0xf800, 0xf800, 0xf800, 0xd000, 0x4947, 
	0x528e, 0x4926, 0xd800, 0xf800, 0xf800, 0xf800, 0xc800, 0x4968, 0x528e, 0x528e, 0x528e, 0x528e, 0x528e, 0x528e, 0x528e, 0x422c, 
	0x7883, 0xf800, 0xf800, 0xf800, 0xa821, 0x10a3, 0xa841, 0xf800, 0xf800, 0xf800, 0x3842, 0x4a6d, 0x528e, 0x528e, 0x528e, 0x528e, 
	0x422c, 0x7863, 0xf800, 0xf800, 0xf800, 0x3041, 0x38c4, 0xe000, 0xf800, 0xf800, 0xf800, 0x6863, 0x4a4c, 0x528e, 0x528e, 0x528e, 
	0x528e, 0x422c, 0x7883, 0xf800, 0xf800, 0xf800, 0xf800, 0x6063, 0x4a4d, 0x528e, 0x528e, 0x528e, 0x528e, 0x528e, 0x528e, 0x528e, 
	0x528e, 0x528e, 0x528e, 0x528e, 0x528e, 0x528e, 0x528e, 0x528e, 0x528e, 0x528e, 0x528e, 0x528e, 0x528e, 0x528e, 0x528e, 0x528e, 
	0x528e, 0x528e, 0x528e, 0x528e, 0x528e, 0x528e, 0x528e, 0x528e, 0x528e, 0x528e, 0x528e, 0x528e, 0x528e, 0x528e, 0x528e, 0x528e, 
	0x528e, 0x528e, 0x528e, 0x528e, 0x528e, 0x528e, 0x528e, 0x528e, 0x528e, 0x528e, 0x528e, 0x528e, 0x528e, 0x528e, 0x528e, 0x528e, 
	0x528e, 0x528e, 0x528e, 0x528e, 0x528e, 0x528e, 0x528e, 0x528e, 0x528e, 0x528e, 0x528e, 0x4a4c, 0x6863, 0xf800, 0xf800, 0xf800, 
	0xf800, 0xb021, 0x41ca, 0x528e, 0x528e, 0x528e, 0x4a4c, 0x39ea, 0x39ea, 0x39ea, 0x39ea, 0x39ea, 0x39ea, 0x39ea, 0x39ea, 0x39ea, 
	0x39ea, 0x422b, 0x528e, 0x528e, 0x528e, 0x528e, 0x528e, 0x528e, 0x4a6d, 0x4042, 0xf800, 0xf800, 0xf800, 0xf800, 0x9842, 0x41ea, 
	0x528e, 0x41ea, 0xa042, 0xf800, 0xf800, 0xf800, 0xf000, 0x3042, 0x528d, 0x528e, 0x528e, 0x528e, 0x528e, 0x528e, 0x528e, 0x422c, 
	0x7883, 0xf800, 0xf800, 0xf800, 0xb800, 0x2968, 0x5062, 0xf800, 0xf800, 0xf800, 0x9062, 0x420b, 0x528e, 0x528e, 0x528e, 0x528e, 
	0x4968, 0xc000, 0xf800, 0xf800, 0xd000, 0x4906, 0x48c5, 0xe800, 0xf800, 0xf800, 0xf800, 0x6863, 0x4a4c, 0x528e, 0x528e, 0x528e, 
	0x528e, 0x422c, 0x7883, 0xf800, 0xf800, 0xf800, 0xf800, 0x6062, 0x4127, 0x4947, 0x4947, 0x4947, 0x4947, 0x4947, 0x4947, 0x4947, 
	0x4189, 0x528e, 0x528e, 0x528e, 0x528e, 0x528e, 0x528e, 0x528e, 0x528e, 0x528e, 0x528e, 0x528e, 0x528e, 0x528e, 0x528e, 0x528e, 
	0x528e, 0x528e, 0x528e, 0x528e, 0x528e, 0x528e, 0x528e, 0x528e, 0x528e, 0x528e, 0x528e, 0x528e, 0x528e, 0x528e, 0x528e, 0x528e, 
	0x528e, 0x528e, 0x528e, 0x528e, 0x528e, 0x528e, 0x528e, 0x528e, 0x528e, 0x528e, 0x528e, 0x528e, 0x528e, 0x528e, 0x528e, 0x528e, 
	0x528e, 0x528e, 0x528e, 0x528e, 0x528e, 0x528e, 0x528e, 0x528e, 0x528e, 0x528e, 0x528e, 0x420b, 0x9063, 0xf800, 0xf800, 0xf800, 
	0xf800, 0x9062, 0x420b, 0x528e, 0x528e, 0x528e, 0x39ca, 0x8000, 0xb000, 0xb000, 0xb000, 0xb000, 0xb000, 0xb000, 0xb000, 0xb000, 
	0x9800, 0x5147, 0x528e, 0x528e, 0x528e, 0x528e, 0x528e, 0x528e, 0x41ca, 0xa841, 0xf800, 0xf800, 0xf800, 0xf800, 0x4042, 0x4a6d, 
	0x528e, 0x4a6d, 0x4042, 0xf800, 0xf800, 0xf800, 0xf800, 0x8862, 0x420b, 0x528e, 0x528e, 0x528e, 0x528e, 0x528e, 0x528e, 0x422c, 
	0x7883, 0xf800, 0xf800, 0xf800, 0xc000, 0x41a9, 0x40a4, 0xe800, 0xf800, 0xf800, 0xd000, 0x4947, 0x528e, 0x528e, 0x528e, 0x528e, 
	0x3062, 0xf000, 0xf800, 0xf800, 0x9862, 0x39eb, 0x48c4, 0xe800, 0xf800, 0xf800, 0xf800, 0x6863, 0x4a4c, 0x528e, 0x528e, 0x528e, 
	0x528e, 0x422c, 0x7883, 0xf800, 0xf800, 0xf800, 0xf800, 0xd800, 0xd000, 0xd000, 0xd000, 0xd000, 0xd000, 0xd000, 0xd000, 0xc800, 
	0x3883, 0x528e, 0x528e, 0x528e, 0x528e, 0x528e, 0x528e, 0x528e, 0x528e, 0x528e, 0x528e, 0x528e, 0x528e, 0x528e, 0x528e, 0x528e, 
	0x528e, 0x528e, 0x528e, 0x528e, 0x528e, 0x528e, 0x528e, 0x528e, 0x528e, 0x528e, 0x528e, 0x528e, 0x528e, 0x528e, 0x528e, 0x528e, 
	0x528e, 0x528e, 0x528e, 0x528e, 0x528e, 0x528e, 0x528e, 0x528e, 0x528e, 0x528e, 0x528e, 0x528e, 0x528e, 0x528e, 0x528e, 0x528e, 
	0x528e, 0x528e, 0x528e, 0x528e, 0x528e, 0x528e, 0x528e, 0x528e, 0x528e, 0x528e, 0x528e, 0x420b, 0xa062, 0xf800, 0xf800, 0xf800, 
	0xf800, 0x7883, 0x422c, 0x528e, 0x528e, 0x528e, 0x39ca, 0xb800, 0xf800, 0xf800, 0xf800, 0xf800, 0xf800, 0xf800, 0xf800, 0xf800, 
	0xd800, 0x5147, 0x528e, 0x528e, 0x528e, 0x528e, 0x528e, 0x528e, 0x40c4, 0xe000, 0xf800, 0xf800, 0xf800, 0xe000, 0x48e5, 0x528e, 
	0x528e, 0x528e, 0x48c4, 0xe000, 0xf800, 0xf800, 0xf800, 0xd000, 0x4927, 0x528e, 0x528e, 0x528e, 0x528e, 0x528e, 0x528e, 0x422c, 
	0x7883, 0xf800, 0xf800, 0xf800, 0xc000, 0x41a9, 0x41a9, 0xb800, 0xf800, 0xf800, 0xf000, 0x3042, 0x528e, 0x528e, 0x528e, 0x422c, 
	0x7063, 0xf800, 0xf800, 0xf800, 0x3842, 0x4a6d, 0x40a4, 0xe800, 0xf800, 0xf800, 0xf800, 0x6863, 0x4a4c, 0x528e, 0x528e, 0x528e, 
	0x528e, 0x422c, 0x7883, 0xf800, 0xf800, 0xf800, 0xf800, 0xf800, 0xf800, 0xf800, 0xf800, 0xf800, 0xf800, 0xf800, 0xf800, 0xf000, 
	0x3883, 0x528e, 0x528e, 0x528e, 0x528e, 0x528e, 0x528e, 0x528e, 0x528e, 0x528e, 0x528e, 0x528e, 0x528e, 0x528e, 0x528e, 0x528e, 
	0x528e, 0x528e, 0x528e, 0x528e, 0x528e, 0x528e, 0x528e, 0x528e, 0x528e, 0x528e, 0x528e, 0x528e, 0x528e, 0x528e, 0x528e, 0x528e, 
	0x528e, 0x528e, 0x528e, 0x528e, 0x528e, 0x528e, 0x528e, 0x528e, 0x528e, 0x528e, 0x528e, 0x528e, 0x528e, 0x528e, 0x528e, 0x528e, 
	0x528e, 0x528e, 0x528e, 0x528e, 0x528e, 0x528e, 0x528e, 0x18c3, 0x528e, 0x528e, 0x528e, 0x420b, 0x9862, 0xf800, 0xf800, 0xf800, 
	0xf800, 0x7083, 0x4a4c, 0x528e, 0x528e, 0x528e, 0x39ca, 0xb800, 0xf800, 0xf800, 0xf800, 0xf800, 0xf800, 0xf800, 0xf800, 0xf800, 
	0xd800, 0x5147, 0x528e, 0x528e, 0x528e, 0x528e, 0x528e, 0x4a4c, 0x5062, 0xf800, 0xf800, 0xf800, 0xf800, 0xa841, 0x41ca, 0x528e, 
	0x528e, 0x528e, 0x41c9, 0xb021, 0xf800, 0xf800, 0xf800, 0xf800, 0x3042, 0x4a6d, 0x528e, 0x528e, 0x528e, 0x528e, 0x528e, 0x422c, 
	0x7883, 0xf800, 0xf800, 0xf800, 0xc800, 0x4989, 0x422c, 0x6863, 0xf800, 0xf800, 0xf800, 0x7863, 0x422c, 0x528e, 0x528e, 0x4988, 
	0xc000, 0xf800, 0xf800, 0xd800, 0x4906, 0x528e, 0x40a3, 0xf000, 0xf800, 0xf800, 0xf800, 0x6863, 0x4a4c, 0x528e, 0x528e, 0x528e, 
	0x528e, 0x422c, 0x7883, 0xf800, 0xf800, 0xf800, 0xf800, 0xf800, 0xf800, 0xf800, 0xf800, 0xf800, 0xf800, 0xf800, 0xf800, 0xf000, 
	0x3883, 0x528e, 0x528e, 0x528e, 0x528e, 0x528e, 0x528e, 0x528e, 0x528e, 0x528e, 0x528e, 0x528e, 0x528e, 0x528e, 0x528e, 0x528e, 
	0x528e, 0x528e, 0x528e, 0x528e, 0x528e, 0x528e, 0x528e, 0x528e, 0x528e, 0x528e, 0x528e, 0x528e, 0x528e, 0x528e, 0x528e, 0x528e, 
	0x528e, 0x528e, 0x528e, 0x528e, 0x528e, 0x528e, 0x528e, 0x528e, 0x528e, 0x528e, 0x528e, 0x528e, 0x528e, 0x528e, 0x528e, 0x528e, 
	0x528e, 0x528e, 0x528e, 0x528e, 0x528e, 0x528e, 0x528e, 0x528e, 0x528e, 0x528e, 0x528e, 0x422c, 0x8863, 0xf800, 0xf800, 0xf800, 
	0xf800, 0x8863, 0x422c, 0x528e, 0x528e, 0x528e, 0x39ca, 0x9800, 0xd000, 0xd000, 0xd000, 0xd000, 0xf000, 0xf800, 0xf800, 0xf800, 
	0xd800, 0x5147, 0x528e, 0x528e, 0x528e, 0x528e, 0x528e, 0x41a9, 0xb021, 0xf800, 0xf800, 0xf800, 0xf800, 0x5062, 0x4a4d, 0x528e, 
	0x528e, 0x528e, 0x4a4c, 0x6062, 0xf800, 0xf800, 0xf800, 0xf800, 0x9062, 0x39eb, 0x528e, 0x528e, 0x528e, 0x528e, 0x528e, 0x422c, 
	0x7883, 0xf800, 0xf800, 0xf800, 0xc800, 0x4988, 0x528e, 0x3062, 0xf000, 0xf800, 0xf800, 0xc000, 0x4988, 0x528e, 0x528e, 0x3863, 
	0xe800, 0xf800, 0xf800, 0x9842, 0x41ea, 0x528e, 0x4083, 0xf000, 0xf800, 0xf800, 0xf800, 0x6863, 0x4a4c, 0x528e, 0x528e, 0x528e, 
	0x528e, 0x422c, 0x7883, 0xf800, 0xf800, 0xf800, 0xf800, 0xc800, 0xc000, 0xc000, 0xc000, 0xc000, 0xc000, 0xc000, 0xc000, 0xb000, 
	0x3883, 0x528e, 0x528e, 0x528e, 0x528e, 0x528e, 0x528e, 0x528e, 0x528e, 0x528e, 0x528e, 0x528e, 0x528e, 0x528e, 0x528e, 0x528e, 
	0x528e, 0x528e, 0x528e, 0x528e, 0x528e, 0x528e, 0x528e, 0x528e, 0x528e, 0x528e, 0x528e, 0x528e, 0x528e, 0x528e, 0x528e, 0x528e, 
	0x528e, 0x528e, 0x528e, 0x528e, 0x528e, 0x528e, 0x528e, 0x528e, 0x528e, 0x528e, 0x528e, 0x528e, 0x528e, 0x528e, 0x528e, 0x528e, 
	0x528e, 0x528e, 0x528e, 0x528e, 0x528e, 0x528e, 0x528e, 0x528e, 0x528e, 0x528e, 0x528e, 0x422c, 0x7883, 0xf800, 0xf800, 0xf800, 
	0xf800, 0xa042, 0x420b, 0x528e, 0x528e, 0x528e, 0x420b, 0x4947, 0x4947, 0x4947, 0x4947, 0x30a4, 0xd000, 0xf800, 0xf800, 0xf800, 
	0xd800, 0x5147, 0x528e, 0x528e, 0x528e, 0x528e, 0x528e, 0x3883, 0xe800, 0xf800, 0xf800, 0xf800, 0xe800, 0x1000, 0x4947, 0x4947, 
	0x4947, 0x4947, 0x4947, 0x0000, 0xe800, 0xf800, 0xf800, 0xf800, 0xd800, 0x4906, 0x528e, 0x528e, 0x528e, 0x528e, 0x528e, 0x422c, 
	0x7883, 0xf800, 0xf800, 0xf800, 0xc800, 0x4988, 0x528e, 0x4968, 0xc800, 0xf800, 0xf800, 0xe800, 0x3883, 0x528e, 0x422c, 0x6863, 
	0xf800, 0xf800, 0xf800, 0x3842, 0x4a6d, 0x528e, 0x4083, 0xf000, 0xf800, 0xf800, 0xf800, 0x6863, 0x4a4c, 0x528e, 0x528e, 0x528e, 
	0x528e, 0x422c, 0x7883, 0xf800, 0xf800, 0xf800, 0xf800, 0x6063, 0x3189, 0x39c9, 0x39c9, 0x39c9, 0x39c9, 0x39c9, 0x39c9, 0x39c9, 
	0x39ca, 0x528e, 0x528e, 0x528e, 0x528e, 0x528e, 0x528e, 0x528e, 0x528e, 0x528e, 0x528e, 0x528e, 0x528e, 0x528e, 0x528e, 0x528e, 
	0x528e, 0x528e, 0x528e, 0x528e, 0x528e, 0x528e, 0x528e, 0x528e, 0x528e, 0x528e, 0x528e, 0x528e, 0x528e, 0x528e, 0x528e, 0x528e, 
	0x528e, 0x528e, 0x528e, 0x528e, 0x528e, 0x528e, 0x528e, 0x528e, 0x528e, 0x528e, 0x528e, 0x528e, 0x528e, 0x528e, 0x528e, 0x528e, 
	0x528e, 0x528e, 0x528e, 0x528e, 0x528e, 0x528e, 0x528e, 0x528e, 0x528e, 0x528e, 0x528e, 0x4a6d, 0x4042, 0xf800, 0xf800, 0xf800, 
	0xf800, 0xc800, 0x4968, 0x528e, 0x528e, 0x528e, 0x528e, 0x528e, 0x528e, 0x528e, 0x528e, 0x4968, 0xd000, 0xf800, 0xf800, 0xf800, 
	0xd800, 0x5147, 0x528e, 0x528e, 0x528e, 0x528e, 0x4a4c, 0x6062, 0xf800, 0xf800, 0xf800, 0xf800, 0xe800, 0xd000, 0xd000, 0xd000, 
	0xd000, 0xd000, 0xd000, 0xd000, 0xf000, 0xf800, 0xf800, 0xf800, 0xf800, 0x3842, 0x4a6d, 0x528e, 0x528e, 0x528e, 0x528e, 0x422c, 
	0x7883, 0xf800, 0xf800, 0xf800, 0xc800, 0x4988, 0x528e, 0x420b, 0x8063, 0xf800, 0xf800, 0xf800, 0x5862, 0x4a4c, 0x41a9, 0xb800, 
	0xf800, 0xf800, 0xd800, 0x4906, 0x528e, 0x528e, 0x4083, 0xf000, 0xf800, 0xf800, 0xf800, 0x6863, 0x4a4c, 0x528e, 0x528e, 0x528e, 
	0x528e, 0x422c, 0x7883, 0xf800, 0xf800, 0xf800, 0xf800, 0x6063, 0x4a4d, 0x528e, 0x528e, 0x528e, 0x528e, 0x528e, 0x528e, 0x528e, 
	0x528e, 0x528e, 0x528e, 0x528e, 0x528e, 0x528e, 0x528e, 0x528e, 0x528e, 0x528e, 0x528e, 0x528e, 0x528e, 0x528e, 0x528e, 0x528e, 
	0x528e, 0x528e, 0x528e, 0x528e, 0x528e, 0x528e, 0x528e, 0x528e, 0x528e, 0x528e, 0x528e, 0x528e, 0x528e, 0x528e, 0x528e, 0x528e, 
	0x528e, 0x528e, 0x528e, 0x528e, 0x528e, 0x528e, 0x528e, 0x528e, 0x528e, 0x528e, 0x528e, 0x528e, 0x528e, 0x528e, 0x528e, 0x528e, 
	0x528e, 0x528e, 0x528e, 0x528e, 0x528e, 0x528e, 0x528e, 0x528e, 0x528e, 0x528e, 0x528e, 0x528e, 0x3883, 0xe800, 0xf800, 0xf800, 
	0xf800, 0xe800, 0x3883, 0x528e, 0x528e, 0x528e, 0x528e, 0x528e, 0x528e, 0x528e, 0x528e, 0x4968, 0xd000, 0xf800, 0xf800, 0xf800, 
	0xd800, 0x5147, 0x528e, 0x528e, 0x528e, 0x528e, 0x4189, 0xb800, 0xf800, 0xf800, 0xf800, 0xf800, 0xf800, 0xf800, 0xf800, 0xf800, 
	0xf800, 0xf800, 0xf800, 0xf800, 0xf800, 0xf800, 0xf800, 0xf800, 0xf800, 0xa042, 0x41ea, 0x528e, 0x528e, 0x528e, 0x528e, 0x422c, 
	0x7883, 0xf800, 0xf800, 0xf800, 0xc800, 0x4988, 0x528e, 0x528d, 0x3041, 0xf800, 0xf800, 0xf800, 0xb021, 0x41ca, 0x3883, 0xe800, 
	0xf800, 0xf800, 0x9842, 0x41ea, 0x528e, 0x528e, 0x4083, 0xf000, 0xf800, 0xf800, 0xf800, 0x6863, 0x4a4c, 0x528e, 0x528e, 0x528e, 
	0x528e, 0x422c, 0x7883, 0xf800, 0xf800, 0xf800, 0xf800, 0x6063, 0x4a4d, 0x528e, 0x528e, 0x528e, 0x528e, 0x528e, 0x528e, 0x528e, 
	0x528e, 0x528e, 0x528e, 0x528e, 0x528e, 0x528e, 0x528e, 0x528e, 0x528e, 0x528e, 0x528e, 0x528e, 0x528e, 0x528e, 0x528e, 0x528e, 
	0x528e, 0x528e, 0x528e, 0x528e, 0x528e, 0x528e, 0x528e, 0x528e, 0x528e, 0x528e, 0x528e, 0x528e, 0x528e, 0x528e, 0x528e, 0x528e, 
	0x528e, 0x528e, 0x528e, 0x528e, 0x528e, 0x528e, 0x528e, 0x528e, 0x528e, 0x528e, 0x528e, 0x528e, 0x528e, 0x528e, 0x528e, 0x528e, 
	0x528e, 0x528e, 0x528e, 0x528e, 0x528e, 0x528e, 0x528e, 0x528e, 0x528e, 0x528e, 0x528e, 0x528e, 0x4967, 0xc800, 0xf800, 0xf800, 
	0xf800, 0xf800, 0x8062, 0x420b, 0x528e, 0x528e, 0x528e, 0x528e, 0x528e, 0x528e, 0x528e, 0x4968, 0xd000, 0xf800, 0xf800, 0xf800, 
	0xd800, 0x5147, 0x528e, 0x528e, 0x528e, 0x528e, 0x3863, 0xe800, 0xf800, 0xf800, 0xf800, 0xf800, 0xf800, 0xf800, 0xf800, 0xf800, 
	0xf800, 0xf800, 0xf800, 0xf800, 0xf800, 0xf800, 0xf800, 0xf800, 0xf800, 0xe000, 0x48e5, 0x528e, 0x528e, 0x528e, 0x528e, 0x422c, 
	0x7883, 0xf800, 0xf800, 0xf800, 0xc800, 0x4988, 0x528e, 0x528e, 0x4927, 0xd000, 0xf800, 0xf800, 0xe000, 0x2862, 0x5862, 0xf800, 
	0xf800, 0xf800, 0x3842, 0x4a6d, 0x528e, 0x528e, 0x4083, 0xf000, 0xf800, 0xf800, 0xf800, 0x6863, 0x4a4c, 0x528e, 0x528e, 0x528e, 
	0x528e, 0x422c, 0x7883, 0xf800, 0xf800, 0xf800, 0xf800, 0x6063, 0x4a4d, 0x528e, 0x528e, 0x528e, 0x528e, 0x528e, 0x528e, 0x528e, 
	0x528e, 0x528e, 0x528e, 0x528e, 0x528e, 0x528e, 0x528e, 0x528e, 0x528e, 0x528e, 0x528e, 0x528e, 0x528e, 0x528e, 0x528e, 0x528e, 
	0x528e, 0x528e, 0x528e, 0x528e, 0x528e, 0x528e, 0x528e, 0x528e, 0x528e, 0x528e, 0x528e, 0x528e, 0x528e, 0x528e, 0x528e, 0x528e, 
	0x528e, 0x528e, 0x528e, 0x528e, 0x528e, 0x528e, 0x528e, 0x528e, 0x528e, 0x528e, 0x528e, 0x528e, 0x528e, 0x528e, 0x528e, 0x528e, 
	0x528e, 0x528e, 0x528e, 0x528e, 0x528e, 0x528e, 0x528e, 0x528e, 0x528e, 0x528e, 0x528e, 0x528e, 0x422c, 0x6862, 0xf800, 0xf800, 
	0xf800, 0xf800, 0xe000, 0x3883, 0x4a6d, 0x528e, 0x528e, 0x528e, 0x528e, 0x528e, 0x528e, 0x4968, 0xd000, 0xf800, 0xf800, 0xf800, 
	0xd800, 0x5147, 0x528e, 0x528e, 0x528e, 0x422c, 0x7063, 0xf800, 0xf800, 0xf800, 0xf800, 0xe000, 0xc000, 0xc000, 0xc000, 0xc000, 
	0xc000, 0xc000, 0xc000, 0xc000, 0xc000, 0xe000, 0xf800, 0xf800, 0xf800, 0xf800, 0x4842, 0x4a4d, 0x528e, 0x528e, 0x528e, 0x422c, 
	0x7883, 0xf800, 0xf800, 0xf800, 0xc800, 0x4988, 0x528e, 0x528e, 0x39eb, 0x9862, 0xf800, 0xf800, 0xf800, 0x4042, 0xb021, 0xf800, 
	0xf800, 0xd800, 0x4905, 0x528e, 0x528e, 0x528e, 0x4083, 0xf000, 0xf800, 0xf800, 0xf800, 0x6863, 0x4a4c, 0x528e, 0x528e, 0x528e, 
	0x528e, 0x422c, 0x7883, 0xf800, 0xf800, 0xf800, 0xf800, 0x6063, 0x4a4d, 0x528e, 0x528e, 0x528e, 0x528e, 0x528e, 0x528e, 0x528e, 
	0x528e, 0x528e, 0x528e, 0x528e, 0x528e, 0x528e, 0x528e, 0x528e, 0x528e, 0x528e, 0x528e, 0x528e, 0x528e, 0x528e, 0x528e, 0x528e, 
	0x528e, 0x528e, 0x528e, 0x528e, 0x528e, 0x528e, 0x528e, 0x528e, 0x528e, 0x528e, 0x528e, 0x528e, 0x528e, 0x528e, 0x528e, 0x528e, 
	0x528e, 0x528e, 0x528e, 0x528e, 0x528e, 0x528e, 0x528e, 0x528e, 0x528e, 0x528e, 0x528e, 0x528e, 0x528e, 0x528e, 0x528e, 0x528e, 
	0x528e, 0x528e, 0x528e, 0x528e, 0x528e, 0x528e, 0x528e, 0x528e, 0x528e, 0x528e, 0x528e, 0x528e, 0x528e, 0x40c4, 0xd800, 0xf800, 
	0xf800, 0xf800, 0xf800, 0xc800, 0x3883, 0x422c, 0x528e, 0x528e, 0x528e, 0x528e, 0x528e, 0x4968, 0xd000, 0xf800, 0xf800, 0xf800, 
	0xd800, 0x5147, 0x528e, 0x528e, 0x528e, 0x4968, 0xc000, 0xf800, 0xf800, 0xf800, 0xf800, 0x7063, 0x3188, 0x39c9, 0x39c9, 0x39c9, 
	0x39c9, 0x39c9, 0x39c9, 0x39c9, 0x2968, 0x9062, 0xf800, 0xf800, 0xf800, 0xf800, 0xa821, 0x41ca, 0x528e, 0x528e, 0x528e, 0x422c, 
	0x7883, 0xf800, 0xf800, 0xf800, 0xc800, 0x4988, 0x528e, 0x528e, 0x4a6d, 0x3842, 0xf800, 0xf800, 0xf800, 0xd000, 0xf000, 0xf800, 
	0xf800, 0xa042, 0x41ea, 0x528e, 0x528e, 0x528e, 0x4083, 0xf000, 0xf800, 0xf800, 0xf800, 0x6863, 0x4a4c, 0x528e, 0x528e, 0x528e, 
	0x528e, 0x422c, 0x7883, 0xf800, 0xf800, 0xf800, 0xf800, 0x6063, 0x4a4d, 0x528e, 0x528e, 0x528e, 0x528e, 0x528e, 0x528e, 0x528e, 
	0x528e, 0x528e, 0x528e, 0x528e, 0x528e, 0x528e, 0x528e, 0x528e, 0x528e, 0x528e, 0x528e, 0xa534, 0x528e, 0x528e, 0x528e, 0x528e, 
	0x528e, 0x528e, 0x528e, 0x528e, 0x528e, 0x528e, 0x528e, 0x528e, 0x528e, 0x528e, 0x528e, 0x528e, 0x528e, 0x528e, 0x528e, 0x528e, 
	0x528e, 0x528e, 0x528e, 0x528e, 0x528e, 0x528e, 0x528e, 0x528e, 0x528e, 0x528e, 0x528e, 0x528e, 0x528e, 0x528e, 0x528e, 0x528e, 
	0x528e, 0x528e, 0x528e, 0x528e, 0x528e, 0x528e, 0x528e, 0x528e, 0x528e, 0x528e, 0x528e, 0x528e, 0x528e, 0x422c, 0x5062, 0xf000, 
	0xf800, 0xf800, 0xf800, 0xf800, 0xd800, 0x6062, 0x3883, 0x5127, 0x4947, 0x4927, 0x48e5, 0x2821, 0xd800, 0xf800, 0xf800, 0xf800, 
	0xd800, 0x5147, 0x528e, 0x528e, 0x528e, 0x3042, 0xf000, 0xf800, 0xf800, 0xf800, 0xf000, 0x3062, 0x528e, 0x528e, 0x528e, 0x528e, 
	0x528e, 0x528e, 0x528e, 0x528e, 0x4a6d, 0x3041, 0xf800, 0xf800, 0xf800, 0xf800, 0xe000, 0x40a4, 0x528e, 0x528e, 0x528e, 0x422c, 
	0x7883, 0xf800, 0xf800, 0xf800, 0xc800, 0x4988, 0x528e, 0x528e, 0x528e, 0x48e5, 0xe000, 0xf800, 0xf800, 0xf800, 0xf800, 0xf800, 
	0xf800, 0x4042, 0x4a6d, 0x528e, 0x528e, 0x528e, 0x4083, 0xf000, 0xf800, 0xf800, 0xf800, 0x6863, 0x4a4c, 0x528e, 0x528e, 0x528e, 
	0x528e, 0x422c, 0x7883, 0xf800, 0xf800, 0xf800, 0xf800, 0x6062, 0x4127, 0x51c7, 0x4947, 0x4947, 0x4947, 0x4947, 0x4947, 0x4947, 
	0x4947, 0x420b, 0x528e, 0x528e, 0x528e, 0x528e, 0x528e, 0x528e, 0x528e, 0x528e, 0x528e, 0x528e, 0x528e, 0x528e, 0x528e, 0x528e, 
	0x528e, 0x528e, 0x528e, 0x528e, 0x528e, 0x528e, 0x528e, 0x528e, 0x528e, 0x528e, 0x528e, 0x528e, 0x528e, 0x528e, 0x528e, 0x528e, 
	0x528e, 0x528e, 0x528e, 0x528e, 0x528e, 0x528e, 0x528e, 0x528e, 0x528e, 0x528e, 0x528e, 0x528e, 0x528e, 0x528e, 0x528e, 0x528e, 
	0x528e, 0x528e, 0x528e, 0x528e, 0x528e, 0x528e, 0x528e, 0x528e, 0x528e, 0x528e, 0x528e, 0x528e, 0x528e, 0x528e, 0x41a9, 0x8042, 
	0xf800, 0xf800, 0xf800, 0xf800, 0xf800, 0xf800, 0xe800, 0xd800, 0xd000, 0xd800, 0xe000, 0xf800, 0xf800, 0xf800, 0xf800, 0xf800, 
	0xd800, 0x5147, 0x528e, 0x528e, 0x422b, 0x7863, 0xf800, 0xf800, 0xf800, 0xf800, 0xc000, 0x4968, 0x528e, 0x528e, 0x528e, 0x528e, 
	0x528e, 0x528e, 0x528e, 0x528e, 0x528e, 0x4926, 0xd000, 0xf800, 0xf800, 0xf800, 0xf800, 0x5862, 0x4a4c, 0x528e, 0x528e, 0x422c, 
	0x7883, 0xf800, 0xf800, 0xf800, 0xc800, 0x4988, 0x528e, 0x528e, 0x528e, 0x41ca, 0xa821, 0xf800, 0xf800, 0xf800, 0xf800, 0xf800, 
	0xd800, 0x48e5, 0x528e, 0x528e, 0x528e, 0x528e, 0x4083, 0xf000, 0xf800, 0xf800, 0xf800, 0x6863, 0x4a4c, 0x528e, 0x528e, 0x528e, 
	0x528e, 0x422c, 0x7883, 0xf800, 0xf800, 0xf800, 0xf800, 0xd800, 0xd000, 0xd000, 0xd000, 0xd000, 0xd000, 0xd000, 0xd000, 0xd000, 
	0xa000, 0x41a9, 0x528e, 0x528e, 0x528e, 0x528e, 0x528e, 0x528e, 0x528e, 0x528e, 0x528e, 0x528e, 0x528e, 0x528e, 0x528e, 0x528e, 
	0x528e, 0x528e, 0x528e, 0x528e, 0x528e, 0x528e, 0x528e, 0x528e, 0x528e, 0x528e, 0x528e, 0x528e, 0x528e, 0x528e, 0x528e, 0x528e, 
	0x528e, 0x528e, 0x528e, 0x528e, 0x528e, 0x528e, 0x528e, 0x528e, 0x528e, 0x528e, 0x528e, 0x528e, 0x528e, 0x528e, 0x528e, 0x528e, 
	0x528e, 0x528e, 0x528e, 0x528e, 0x528e, 0x528e, 0x528e, 0x528e, 0x528e, 0x528e, 0x528e, 0x528e, 0x528e, 0x528e, 0x528e, 0x4189, 
	0x6862, 0xe800, 0xf800, 0xf800, 0xf800, 0xf800, 0xf800, 0xf800, 0xf800, 0xf800, 0xf800, 0xf800, 0xf800, 0xf800, 0xf800, 0xf800, 
	0xd800, 0x5147, 0x528e, 0x528e, 0x4967, 0xc800, 0xf800, 0xf800, 0xf800, 0xf800, 0x7063, 0x422c, 0x528e, 0x528e, 0x528e, 0x528e, 
	0x528e, 0x528e, 0x528e, 0x528e, 0x528e, 0x420b, 0x9062, 0xf800, 0xf800, 0xf800, 0xf800, 0xb800, 0x41a9, 0x528e, 0x528e, 0x422c, 
	0x7883, 0xf800, 0xf800, 0xf800, 0xc800, 0x4988, 0x528e, 0x528e, 0x528e, 0x4a4d, 0x5062, 0xf800, 0xf800, 0xf800, 0xf800, 0xf800, 
	0xa042, 0x41ea, 0x528e, 0x528e, 0x528e, 0x528e, 0x4083, 0xf000, 0xf800, 0xf800, 0xf800, 0x6863, 0x4a4c, 0x528e, 0x528e, 0x528e, 
	0x528e, 0x422c, 0x7883, 0xf800, 0xf800, 0xf800, 0xf800, 0xf800, 0xf800, 0xf800, 0xf800, 0xf800, 0xf800, 0xf800, 0xf800, 0xf800, 
	0xc000, 0x41a9, 0x528e, 0x528e, 0x528e, 0x528e, 0x528e, 0x528e, 0x528e, 0x528e, 0x528e, 0x528e, 0x528e, 0x528e, 0x528e, 0x528e, 
	0x528e, 0x528e, 0x528e, 0x528e, 0x528e, 0x528e, 0x528e, 0x528e, 0x528e, 0x528e, 0x528e, 0x528e, 0x528e, 0x528e, 0x528e, 0x528e, 
	0x528e, 0x528e, 0x528e, 0x528e, 0x528e, 0x528e, 0x528e, 0x528e, 0x528e, 0x528e, 0x528e, 0x528e, 0x528e, 0x528e, 0x528e, 0x528e, 
	0x528e, 0x528e, 0x528e, 0x528e, 0x528e, 0x528e, 0x528e, 0x528e, 0x528e, 0x528e, 0x528e, 0x528e, 0x528e, 0x528e, 0x528e, 0x528e, 
	0x41ea, 0x3862, 0x9842, 0xe000, 0xf800, 0xf800, 0xf800, 0xf800, 0xf800, 0xf800, 0xf800, 0xf800, 0xf800, 0xf800, 0xe000, 0xc000, 
	0x8042, 0x4947, 0x528e, 0x528d, 0x3042, 0xf000, 0xf800, 0xf800, 0xf800, 0xf000, 0x3042, 0x528e, 0x528e, 0x528e, 0x528e, 0x528e, 
	0x528e, 0x528e, 0x528e, 0x528e, 0x528e, 0x4a6d, 0x3041, 0xf800, 0xf800, 0xf800, 0xf800, 0xe800, 0x3863, 0x528e, 0x528e, 0x422c, 
	0x7883, 0xf800, 0xf800, 0xf800, 0xc800, 0x4988, 0x528e, 0x528e, 0x528e, 0x528e, 0x40a3, 0xe800, 0xf800, 0xf800, 0xf800, 0xf800, 
	0x4042, 0x4a6d, 0x528e, 0x528e, 0x528e, 0x528e, 0x4083, 0xf000, 0xf800, 0xf800, 0xf800, 0x6863, 0x4a4c, 0x528e, 0x528e, 0x528e, 
	0x528e, 0x422c, 0x7883, 0xf800, 0xf800, 0xf800, 0xf800, 0xf800, 0xf800, 0xf800, 0xf800, 0xf800, 0xf800, 0xf800, 0xf800, 0xf800, 
	0xc000, 0x41a9, 0x528e, 0x528e, 0x528e, 0x528e, 0x528e, 0x528e, 0x528e, 0x528e, 0x528e, 0x528e, 0x528e, 0x528e, 0x528e, 0x528e, 
	0x528e, 0x528e, 0x528e, 0x528e, 0x528e, 0x528e, 0x528e, 0x528e, 0x528e, 0x528e, 0x528e, 0x528e, 0x528e, 0x528e, 0x528e, 0x528e, 
	0x528e, 0x528e, 0x528e, 0x528e, 0x528e, 0x528e, 0x528e, 0x528e, 0x528e, 0x528e, 0x528e, 0x528e, 0x528e, 0x528e, 0x528e, 0x528e, 
	0x528e, 0x528e, 0x528e, 0x528e, 0x528e, 0x528e, 0x528e, 0x528e, 0x528e, 0x528e, 0x528e, 0x528e, 0x528e, 0x528e, 0x528e, 0x528e, 
	0x528e, 0x528d, 0x41ca, 0x48c4, 0x3842, 0x8063, 0x9862, 0xb021, 0xb000, 0xb021, 0xa042, 0x8863, 0x6863, 0x3021, 0x48c5, 0x4989, 
	0x420b, 0x4a6d, 0x528e, 0x420b, 0x5021, 0xc000, 0xc000, 0xc000, 0xc000, 0x9800, 0x4968, 0x528e, 0x528e, 0x528e, 0x528e, 0x528e, 
	0x528e, 0x528e, 0x528e, 0x528e, 0x528e, 0x528e, 0x4926, 0xa800, 0xc000, 0xc000, 0xc000, 0xc000, 0x3821, 0x422c, 0x528e, 0x422c, 
	0x5842, 0xc000, 0xc000, 0xc000, 0x9800, 0x4988, 0x528e, 0x528e, 0x528e, 0x528e, 0x41a9, 0x9800, 0xc000, 0xc000, 0xc000, 0xb000, 
	0x48e5, 0x528e, 0x528e, 0x528e, 0x528e, 0x528e, 0x4083, 0xb000, 0xc000, 0xc000, 0xc000, 0x5042, 0x4a4c, 0x528e, 0x528e, 0x528e, 
	0x528e, 0x422c, 0x5842, 0xc000, 0xc000, 0xc000, 0xc000, 0xc000, 0xc000, 0xc000, 0xc000, 0xc000, 0xc000, 0xc000, 0xc000, 0xc000, 
	0x9000, 0x41a9, 0x528e, 0x528e, 0x528e, 0x528e, 0x528e, 0x528e, 0x528e, 0x528e, 0x528e, 0x528e, 0x528e, 0x528e, 0x528e, 0x528e, 
	0x528e, 0x528e, 0x528e, 0x528e, 0x528e, 0x528e, 0x528e, 0x528e, 0x528e, 0x528e, 0x528e, 0x528e, 0x528e, 0x528e, 0x528e, 0x528e, 
	0x528e, 0x528e, 0x528e, 0x528e, 0x528e, 0x528e, 0x528e, 0x528e, 0x528e, 0x528e, 0x528e, 0x528e, 0x528e, 0x528e, 0x528e, 0x528e, 
	0x528e, 0x528e, 0x528e, 0x528e, 0x528e, 0x528e, 0x528e, 0x528e, 0x528e, 0x528e, 0x528e, 0x528e, 0x528e, 0x528e, 0x528e, 0x528e, 
	0x528e, 0x528e, 0x528e, 0x528e, 0x4a6d, 0x422c, 0x420b, 0x39ea, 0x39ea, 0x39ea, 0x420b, 0x422b, 0x4a4c, 0x528d, 0x528e, 0x528e, 
	0x528e, 0x528e, 0x528e, 0x420b, 0x39c9, 0x39c9, 0x39c9, 0x39c9, 0x39c9, 0x39c9, 0x4a4c, 0x528e, 0x528e, 0x528e, 0x528e, 0x528e, 
	0x528e, 0x528e, 0x528e, 0x528e, 0x528e, 0x528e, 0x422c, 0x39c9, 0x39c9, 0x39c9, 0x39c9, 0x39c9, 0x39c9, 0x422c, 0x528e, 0x4a6d, 
	0x39c9, 0x39c9, 0x39c9, 0x39c9, 0x39c9, 0x422b, 0x528e, 0x528e, 0x528e, 0x528e, 0x4a4d, 0x39c9, 0x39c9, 0x39c9, 0x39ca, 0x39ca, 
	0x422c, 0x528e, 0x528e, 0x528e, 0x528e, 0x528e, 0x39ea, 0x39c9, 0x39c9, 0x39c9, 0x39c9, 0x39c9, 0x4a6d, 0x528e, 0x528e, 0x528e, 
	0x528e, 0x4a6d, 0x39c9, 0x39c9, 0x39c9, 0x39c9, 0x39c9, 0x39c9, 0x39c9, 0x39c9, 0x39c9, 0x39c9, 0x39c9, 0x39c9, 0x39c9, 0x39c9, 
	0x39c9, 0x422c, 0x528e, 0x528e, 0x528e, 0x528e, 0x528e, 0x528e, 0x528e, 0x528e, 0x528e, 0x528e, 0x528e, 0x528e, 0x528e, 0x528e, 
	0x528e, 0x528e, 0x528e, 0x528e, 0x528e, 0x528e, 0x528e, 0x528e, 0x528e, 0x528e, 0x528e, 0x528e, 0x528e, 0x528e, 0x528e, 0x528e, 
	0x528e, 0x528e, 0x528e, 0x528e, 0x528e, 0x528e, 0x528e, 0x528e, 0x528e, 0x528e, 0x528e, 0x528e, 0x528e, 0x528e, 0x528e, 0x528e, 
	0x528e, 0x528e, 0x528e, 0x528e, 0x528e, 0x528e, 0x528e, 0x528e, 0x528e, 0x528e, 0x528e, 0x528e, 0x528e, 0x528e, 0x528e, 0x528e, 
	0x528e, 0x528e, 0x528e, 0x528e, 0x528e, 0x528e, 0x528e, 0x528e, 0x528e, 0x528e, 0x528e, 0x528e, 0x528e, 0x528e, 0x528e, 0x528e, 
	0x528e, 0x528e, 0x528e, 0x528e, 0x528e, 0x528e, 0x528e, 0x528e, 0x528e, 0x528e, 0x528e, 0x528e, 0x528e, 0x528e, 0x528e, 0x528e, 
	0x528e, 0x528e, 0x528e, 0x528e, 0x528e, 0x528e, 0x528e, 0x528e, 0x528e, 0x528e, 0x528e, 0x528e, 0x528e, 0x528e, 0x528e, 0x528e, 
	0x528e, 0x528e, 0x528e, 0x528e, 0x528e, 0x528e, 0x528e, 0x528e, 0x528e, 0x528e, 0x528e, 0x528e, 0x528e, 0x528e, 0x528e, 0x528e, 
	0x528e, 0x528e, 0x528e, 0x528e, 0x528e, 0x528e, 0x528e, 0x528e, 0x528e, 0x528e, 0x528e, 0x528e, 0x528e, 0x528e, 0x528e, 0x528e, 
	0x528e, 0x528e, 0x528e, 0x528e, 0x528e, 0x528e, 0x528e, 0x528e, 0x528e, 0x528e, 0x528e, 0x528e, 0x528e, 0x528e, 0x528e, 0x528e, 
	0x528e, 0x528e, 0x528e, 0x528e, 0x528e, 0x528e, 0x528e, 0x528e, 0x528e, 0x528e, 0x528e, 0x528e, 0x528e, 0x528e, 0x528e, 0x528e, 
	0x528e, 0x528e, 0x528e, 0x528e, 0x528e, 0x528e, 0x528e, 0x528e, 0x528e, 0x528e, 0x528e, 0x528e, 0x528e, 0x528e, 0x528e, 0x528e, 
	0x528e, 0x528e, 0x528e, 0x528e, 0x528e, 0x528e, 0x528e, 0x528e, 0x528e, 0x528e, 0x528e, 0x528e, 0x528e, 0x528e, 0x528e, 0x528e, 
	0x528e, 0x528e, 0x528e, 0x528e, 0x528e, 0x528e, 0x528e, 0x528e, 0x528e, 0x528e, 0x528e, 0x528e, 0x528e, 0x528e, 0x528e, 0x528e, 
	0x528e, 0x528e, 0x528e, 0x528e, 0x528e, 0x528e, 0x528e, 0x528e, 0x528e, 0x528e, 0x528e, 0x528e, 0x528e, 0x528e, 0x528e, 0x528e, 
	0x528e, 0x528e, 0x528e, 0x528e, 0x528e, 0x528e, 0x528e, 0x528e, 0x528e, 0x528e, 0x528e, 0x528e, 0x528e, 0x528e, 0x528e, 0x528e, 
	0x528e, 0x528e, 0x528e, 0x528e, 0x528e, 0x528e, 0x528e, 0x528e, 0x528e, 0x528e, 0x528e, 0x528e, 0x528e, 0x528e, 0x528e, 0x528e, 
	0x528e, 0x528e, 0x528e, 0x528e, 0x528e, 0x528e, 0x528e, 0x528e, 0x528e, 0x528e, 0x528e, 0x528e, 0x528e, 0x528e, 0x528e, 0x528e, 
	0x528e, 0x528e, 0x528e, 0x528e, 0x528e, 0x528e, 0x528e, 0x528e, 0x528e, 0x528e, 0x528e, 0x528e, 0x528e, 0x528e, 0x528e, 0x528e, 
	0x528e, 0x528e, 0x528e, 0x528e, 0x528e, 0x528e, 0x528e, 0x528e, 0x528e, 0x528e, 0x528e, 0x528e, 0x528e, 0x528e, 0x528e, 0x528e, 
	0x528e, 0x528e, 0x528e, 0x528e, 0x528e, 0x528e, 0x528e, 0x528e, 0x528e, 0x528e, 0x528e, 0x528e, 0x528e, 0x528e, 0x528e, 0x528e, 
	0x528e, 0x528e, 0x528e, 0x528e, 0x528e, 0x528e, 0x528e, 0x528e, 0x528e, 0x528e, 0x528e, 0x528e, 0x528e, 0x528e, 0x528e, 0x528e, 
	0x528e, 0x528e, 0x528e, 0x528e, 0x528e, 0x528e, 0x528e, 0x528e, 0x528e, 0x528e, 0x528e, 0x528e, 0x528e, 0x528e, 0x528e, 0x528e, 
	0x528e, 0x528e, 0x528e, 0x528e, 0x528e, 0x528e, 0x528e, 0x528e, 0x528e, 0x528e, 0x528e, 0x528e, 0x528e, 0x528e, 0x528e, 0x528e, 
	0x528e, 0x528e, 0x528e, 0x528e, 0x528e, 0x528e, 0x528e, 0x528e, 0x528e, 0x528e, 0x528e, 0x528e, 0x528e, 0x528e, 0x528e, 0x528e, 
	0x528e, 0x528e, 0x528e, 0x528e, 0x528e, 0x528e, 0x528e, 0x528e, 0x528e, 0x528e, 0x528e, 0x528e, 0x528e, 0x39e7, 0x528e, 0x528e, 
	0x528e, 0x528e, 0x528e, 0x528e, 0x528e, 0x528e, 0x528e, 0x528e, 0x528e, 0x528e, 0x528e, 0x528e, 0x528e, 0x528e, 0x528e, 0x528e, 
	0x528e, 0x528e, 0x528e, 0x528e, 0x528e, 0x528e, 0x528e, 0x528e, 0x528e, 0x528e, 0x528e, 0x528e, 0x528e, 0x528e, 0x528e, 0x528e, 
	0x528e, 0x528e, 0x528e, 0x528e, 0x528e, 0x528e, 0x528e, 0x528e, 0x528e, 0x528e, 0x528e, 0x528e, 0x528e, 0x528e, 0x528e, 0x528e, 
	0x528e, 0x528e, 0x528e, 0x528e, 0x528e, 0x528e, 0x528e, 0x528e, 0x528e, 0x528e, 0x528e, 0x528e, 0x528e, 0x528e, 0x528e, 0x528e, 
	0x528e, 0x528e, 0x528e, 0x528e, 0x528e, 0x528e, 0x528e, 0x528e, 0x528e, 0x528e, 0x528e, 0x528e, 0x528e, 0x528e, 0x528e, 0x528e, 
	0x528e, 0x528e, 0x528e, 0x528e, 0x528e, 0x528e, 0x528e, 0x528e, 0x528e, 0x528e, 0x528e, 0x528e, 0x528e, 0x528e, 0x528e, 0x528e, 
	0x528e, 0x528e, 0x528e, 0x528e, 0x528e, 0x528e, 0x528e, 0x528e, 0x528e, 0x528e, 0x528e, 0x528e, 0x528e, 0x528e, 0x528e, 0x528e, 
	0x528e, 0x528e, 0x528e, 0x528e, 0x528e, 0x528e, 0x528e, 0x528e, 0x528e, 0x528e, 0x528e, 0x528e, 0x528e, 0x528e, 0x528e, 0x528e, 
	0x528e, 0x528e, 0x528e, 0x528e, 0x528e, 0x528e, 0x528e, 0x528e, 0x528e, 0x528e, 0x528e, 0x528e, 0x528e, 0x528e, 0x528e, 0x528e, 
	0x528e, 0x528e, 0x528e, 0x528e, 0x528e, 0x528e, 0x528e, 0x528e, 0x528e, 0x528e, 0x528e, 0x528e, 0x528e, 0x528e, 0x528e, 0x528e, 
	0x528e, 0x528e, 0x528e, 0x528e, 0x528e, 0x528e, 0x528e, 0x528e, 0x528e, 0x528e, 0x528e, 0x528e, 0x528e, 0x528e, 0x528e, 0x528e, 
	0x528e, 0x528e, 0x528e, 0x528e, 0x528e, 0x528e, 0x528e, 0x528e, 0x528e, 0x528e, 0x528e, 0x528e, 0x528e, 0x528e, 0x528e, 0x528e, 
	0x528e, 0x528e, 0x528e, 0x528e, 0x528e, 0x528e, 0x528e, 0x528e, 0x528e, 0x528e, 0x528e, 0x528e, 0x528e, 0x528e, 0x528e, 0x528e, 
	0x528e, 0x528e, 0x528e, 0x528e, 0x528e, 0x528e, 0x528e, 0x528e, 0x528e, 0x528e, 0x528e, 0x528e, 0x528e, 0x528e, 0x528e, 0x528e, 
	0x528e, 0x528e, 0x528e, 0x528e, 0x528e, 0x528e, 0x528e, 0x528e, 0x528e, 0x528e, 0x528e, 0x528e, 0x528e, 0x528e, 0x528e, 0x528e, 
	0x528e, 0x528e, 0x528e, 0x528e, 0x528e, 0x528e, 0x528e, 0x528e, 0x528e, 0x528e, 0x528e, 0x528e, 0x528e, 0x528e, 0x528e, 0x528e, 
	0x528e, 0x528e, 0x528e, 0x528e, 0x528e, 0x528e, 0x528e, 0x528e, 0x528e, 0x528e, 0x528e, 0x528e, 0x528e, 0x528e, 0x528e, 0x528e, 
	0x6b6d, 0x528e, 0x528e, 0x528e, 0x528e, 0x528e, 0x528e, 0x528e, 0x528e, 0x528e, 0x528e, 0x528e, 0x528e, 0x528e, 0x528e, 0x528e, 
	0x528e, 0x528e, 0x528e, 0x528e, 0x528e, 0x528e, 0x528e, 0x528e, 0x528e, 0x528e, 0x528e, 0x528e, 0x528e, 0x528e, 0x528e, 0x528e, 
	0x528e, 0x528e, 0x528e, 0x528e, 0x528e, 0x528e, 0x528e, 0x528e, 0x528e, 0x528e, 0x528e, 0x528e, 0x528e, 0x528e, 0x528e, 0x528e, 
	0x528e, 0x528e, 0x528e, 0x528e, 0x528e, 0x528e, 0x528e, 0x528e, 0x528e, 0x528e, 0x528e, 0x528e, 0x528e, 0x528e, 0x528e, 0x528e, 
	0x528e, 0x528e, 0x528e, 0x528e, 0x528e, 0x528e, 0x528e, 0x528e, 0x528e, 0x528e, 0x528e, 0x528e, 0x528e, 0x528e, 0x528e, 0x528e, 
	0x528e, 0x528e, 0x528e, 0x528e, 0x528e, 0x528e, 0x528e, 0x528e, 0x528e, 0x528e, 0x528e, 0x528e, 0x528e, 0x528e, 0x528e, 0x528e, 
	0x528e, 0x528e, 0x528e, 0x528e, 0x528e, 0x528e, 0x528e, 0x528e, 0x528e, 0x528e, 0x528e, 0x528e, 0x528e, 0x528e, 0x528e, 0x528e, 
	0x528e, 0x528e, 0x528e, 0x528e, 0x528e, 0x528e, 0x528e, 0x528e, 0x528e, 0x528e, 0x528e, 0x528e, 0x528e, 0x528e, 0x528e, 0x528e, 
	0x528e, 0x528e, 0x528e, 0x528e, 0x528e, 0x528e, 0x528e, 0x528e, 0x528e, 0x528e, 0x528e, 0x528e, 0x528e, 0x528e, 0x528e, 0x528e, 
	0x528e, 0x528e, 0x528e, 0x528e, 0x528e, 0x528e, 0x528e, 0x528e, 0x528e, 0x528e, 0x528e, 0x528e, 0x528e, 0x528e, 0x528e, 0x528e, 
	0x528e, 0x528e, 0x528e, 0x528e, 0x528e, 0x528e, 0x528e, 0x528e, 0x528e, 0x528e, 0x528e, 0x528e, 0x528e, 0x528e, 0x528e, 0x528e, 
	0x528e, 0x528e, 0x528e, 0x528e, 0x528e, 0x528e, 0x528e, 0x528e, 0x528e, 0x528e, 0x528e, 0x528e, 0x528e, 0x528e, 0x528e, 0x528e, 
	0x528e, 0x528e, 0x528e, 0x528e, 0x528e, 0x528e, 0x528e, 0x528e, 0x528e, 0x528e, 0x528e, 0x528e, 0x528e, 0x528e, 0x528e, 0x528e, 
	0x528e, 0x528e, 0x528e, 0x528e, 0x528e, 0x528e, 0x528e, 0x528e, 0x528e, 0x528e, 0x528e, 0x528e, 0x528e, 0x528e, 0x528e, 0x528e, 
	0x528e, 0x528e, 0x528e, 0x528e, 0x528e, 0x528e, 0x528e, 0x528e, 0x528e, 0x528e, 0x528e, 0x528e, 0x528e, 0x528e, 0x528e, 0x528e, 
	0x528e, 0x528e, 0x528e, 0x528e, 0x528e, 0x528e, 0x528e, 0x528e, 0x528e, 0x528e, 0x528e, 0x528e, 0x528e, 0x528e, 0x528e, 0x528e, 
	0x528e, 0x528e, 0x528e, 0x528e, 0x528e, 0x528e, 0x528e, 0x528e, 0x528e, 0x528e, 0x528e, 0x528e, 0x528e, 0x528e, 0x528e, 0x528e, 
	0x528e, 0x528e, 0x528e, 0x528e, 0x528e, 0x528e, 0x528e, 0x528e, 0x528e, 0x528e, 0x528e, 0x528e, 0x528e, 0x528e, 0x528e, 0x528e, 
	0x528e, 0x528e, 0x528e, 0x528e, 0x528e, 0x528e, 0x528e, 0x528e, 0x528e, 0x528e, 0x528e, 0x528e, 0x528e, 0x528e, 0x528e, 0x528e, 
	0x528e, 0x528e, 0x528e, 0x528e, 0x528e, 0x528e, 0x528e, 0x528e, 0x528e, 0x528e, 0x528e, 0x528e, 0x528e, 0x528e, 0x528e, 0x528e, 
	0x528e, 0x528e, 0x528e, 0x528e, 0x528e, 0x528e, 0x528e, 0x528e, 0x528e, 0x528e, 0x528e, 0x528e, 0x528e, 0x528e, 0x528e, 0x528e, 
	0x528e, 0x528e, 0x528e, 0x528e, 0x528e, 0x528e, 0x528e, 0x528e, 0x528e, 0x528e, 0x528e, 0x528e, 0x528e, 0x528e, 0x528e, 0x528e, 
	0x528e, 0x528e, 0x528e, 0x528e, 0x528e, 0x528e, 0x528e, 0x528e, 0x528e, 0x528e, 0x528e, 0x528e, 0x528e, 0x528e, 0x528e, 0x528e, 
	0x528e, 0x528e, 0x528e, 0x528e, 0x528e, 0x528e, 0x528e, 0x528e, 0x528e, 0x528e, 0x528e, 0x528e, 0x528e, 0x528e, 0x528e, 0x528e, 
	0x528e, 0x528e, 0x528e, 0x528e, 0x528e, 0x528e, 0x528e, 0x528e, 0x528e, 0x528e, 0x528e, 0x528e, 0x528e, 0x528e, 0x528e, 0x528e, 
	0x528e, 0x528e, 0x528e, 0x528e, 0x528e, 0x528e, 0x528e, 0x528e, 0x528e, 0x528e, 0x528e, 0x528e, 0x528e, 0x528e, 0x528e, 0x528e, 
	0x528e, 0x528e, 0x528e, 0x528e, 0x528e, 0x528e, 0x528e, 0x528e, 0x528e, 0x528e, 0x528e, 0x528e, 0x528e, 0x528e, 0x528e, 0x528e, 
	0x528e, 0x528e, 0x528e, 0x528e, 0x528e, 0x528e, 0x528e, 0x528e, 0x528e, 0x528e, 0x528e, 0x528e, 0x528e, 0x528e, 0x528e, 0x528e, 
	0x528e, 0x528e, 0x528e, 0x528e, 0x528e, 0x528e, 0x528e, 0x528e, 0x528e, 0x528e, 0x528e, 0x528e, 0x528e, 0x528e, 0x528e, 0x528e, 
	0x528e, 0x528e, 0x528e, 0x528e, 0x528e, 0x528e, 0x528e, 0x528e, 0x528e, 0x528e, 0x528e, 0x528e, 0x528e, 0x528e, 0x528e, 0x528e, 
	0x528e, 0x528e, 0x528e, 0x528e, 0x528e, 0x528e, 0x528e, 0x528e, 0x528e, 0x528e, 0x528e, 0x528e, 0x528e, 0x528e, 0x528e, 0x528e, 
	0x528e, 0x528e, 0x528e, 0x528e, 0x528e, 0x528e, 0x528e, 0x528e, 0x528e, 0x4a6d, 0x422c, 0x39eb, 0x39ea, 0x39ea, 0x39ea, 0x420b, 
	0x4a4c, 0x528e, 0x528e, 0x528e, 0x528e, 0x528e, 0x528e, 0x528e, 0x528e, 0x528e, 0x422c, 0x39ea, 0x39ea, 0x39ea, 0x39ea, 0x39ea, 
	0x39ea, 0x528e, 0x528e, 0x528e, 0x528e, 0x528e, 0x528e, 0x528e, 0x528e, 0x528e, 0x528e, 0x528e, 0x422c, 0x39ea, 0x39ea, 0x39ea, 
	0x39ea, 0x39ea, 0x39ea, 0x528e, 0x4a6d, 0x39ea, 0x39ea, 0x39ea, 0x39ea, 0x39ea, 0x39ea, 0x39ea, 0x39ea, 0x39ea, 0x39ea, 0x39ea, 
	0x39ea, 0x39ea, 0x39ea, 0x39ea, 0x422c, 0x528e, 0x528e, 0x528e, 0x4a4c, 0x39ea, 0x39ea, 0x39ea, 0x39ea, 0x39ea, 0x39ea, 0x39ea, 
	0x39ea, 0x39ea, 0x39eb, 0x420b, 0x4a4d, 0x528e, 0x528e, 0x528e, 0x528e, 0x528e, 0x528e, 0x528e, 0x528e, 0x528e, 0x528e, 0x528e, 
	0x528e, 0x528e, 0x528e, 0x528e, 0x528e, 0x528e, 0x528e, 0x528e, 0x528e, 0x528e, 0x528e, 0x528e, 0x528e, 0x528e, 0x528e, 0x528e, 
	0x528e, 0x528e, 0x528e, 0x528e, 0x528e, 0x528e, 0x528e, 0x528e, 0x528e, 0x528e, 0x528e, 0x528e, 0x528e, 0x528e, 0x528e, 0x528e, 
	0x528e, 0x528e, 0x528e, 0x528e, 0x528e, 0x528e, 0x528e, 0x528e, 0x528e, 0x528e, 0x528e, 0x528e, 0x528e, 0x528e, 0x528e, 0x528e, 
	0x528e, 0x528e, 0x528e, 0x528e, 0x528e, 0x528e, 0x528e, 0x528e, 0x528e, 0x528e, 0x528e, 0x528e, 0x528e, 0x528e, 0x528e, 0x528e, 
	0x528e, 0x528e, 0x528e, 0x528e, 0x528e, 0x528e, 0x4a6d, 0x41ca, 0x40c4, 0x4042, 0x8063, 0xa042, 0xb021, 0xb000, 0xa841, 0x9062, 
	0x6063, 0x2842, 0x4947, 0x422c, 0x528e, 0x528e, 0x528e, 0x528e, 0x528e, 0x528e, 0x420b, 0x5021, 0xb000, 0xb000, 0xb000, 0xb000, 
	0x4842, 0x4a4c, 0x528e, 0x528e, 0x528e, 0x528e, 0x528e, 0x528e, 0x528e, 0x528e, 0x528e, 0x528e, 0x48e5, 0xa000, 0xb000, 0xb000, 
	0xb000, 0x9000, 0x4906, 0x528e, 0x422c, 0x5841, 0xb000, 0xb000, 0xb000, 0xb000, 0xb000, 0xb000, 0xb000, 0xb000, 0xb000, 0xb000, 
	0xb000, 0xb000, 0xb000, 0x8800, 0x41a9, 0x528e, 0x528e, 0x528e, 0x39ea, 0x7800, 0xb000, 0xb000, 0xb000, 0xb000, 0xb000, 0xb000, 
	0xb000, 0xb000, 0xa042, 0x9063, 0x5863, 0x3042, 0x4968, 0x4a4c, 0x528e, 0x528e, 0x528e, 0x528e, 0x528e, 0x528e, 0x528e, 0x528e, 
	0x528e, 0x528e, 0x528e, 0x528e, 0x528e, 0x528e, 0x528e, 0x528e, 0x528e, 0x528e, 0x528e, 0x528e, 0x528e, 0x528e, 0x528e, 0x528e, 
	0x528e, 0x528e, 0x528e, 0x528e, 0x528e, 0x528e, 0x528e, 0x528e, 0x528e, 0x528e, 0x528e, 0x528e, 0x528e, 0x528e, 0x528e, 0x528e, 
	0x528e, 0x528e, 0x528e, 0x528e, 0x528e, 0x528e, 0x528e, 0x528e, 0x528e, 0x528e, 0x528e, 0x528e, 0x528e, 0x528e, 0x528e, 0x528e, 
	0x528e, 0x528e, 0x528e, 0x528e, 0x528e, 0x528e, 0x528e, 0x528e, 0x528e, 0x528e, 0x528e, 0x528e, 0x528e, 0x528e, 0x528e, 0x528e, 
	0x528e, 0x528e, 0x528e, 0x528e, 0x528e, 0x41ea, 0x3042, 0xa042, 0xe000, 0xf800, 0xf800, 0xf800, 0xf800, 0xf800, 0xf800, 0xf800, 
	0xf800, 0xf000, 0xc800, 0x6062, 0x4126, 0x4a6d, 0x528e, 0x528e, 0x528e, 0x528e, 0x528d, 0x3041, 0xf800, 0xf800, 0xf800, 0xf800, 
	0xb021, 0x41ca, 0x528e, 0x528e, 0x528e, 0x528e, 0x528e, 0x528e, 0x528e, 0x528e, 0x528e, 0x4a6d, 0x3842, 0xf800, 0xf800, 0xf800, 
	0xf800, 0x9842, 0x39ea, 0x528e, 0x422c, 0x7883, 0xf800, 0xf800, 0xf800, 0xf800, 0xf800, 0xf800, 0xf800, 0xf800, 0xf800, 0xf800, 
	0xf800, 0xf800, 0xf800, 0xc000, 0x41a9, 0x528e, 0x528e, 0x528e, 0x39ea, 0xa841, 0xf800, 0xf800, 0xf800, 0xf800, 0xf800, 0xf800, 
	0xf800, 0xf800, 0xf800, 0xf800, 0xf800, 0xf000, 0xc800, 0x5062, 0x4968, 0x528e, 0x528e, 0x528e, 0x528e, 0x528e, 0x528e, 0x528e, 
	0x528e, 0x528e, 0x528e, 0x528e, 0x528e, 0x528e, 0x528e, 0x528e, 0x528e, 0x528e, 0x528e, 0x528e, 0x528e, 0x528e, 0x528e, 0x528e, 
	0x528e, 0x528e, 0x528e, 0x528e, 0x528e, 0x528e, 0x528e, 0x528e, 0x528e, 0x528e, 0x528e, 0x528e, 0x528e, 0x528e, 0x528e, 0x528e, 
	0x528e, 0x528e, 0x528e, 0x528e, 0x528e, 0x528e, 0x528e, 0x528e, 0x528e, 0x528e, 0x528e, 0x528e, 0x528e, 0x528e, 0x528e, 0x528e, 
	0x528e, 0x528e, 0x528e, 0x528e, 0x528e, 0x528e, 0x528e, 0x528e, 0x528e, 0x528e, 0x528e, 0x528e, 0x528e, 0x528e, 0x528e, 0x528e, 
	0x528e, 0x528e, 0x528e, 0x528e, 0x4168, 0x7062, 0xe800, 0xf800, 0xf800, 0xf800, 0xf800, 0xf800, 0xf800, 0xf800, 0xf800, 0xf800, 
	0xf800, 0xf800, 0xf800, 0xf800, 0xc021, 0x3863, 0x4a4c, 0x528e, 0x528e, 0x528e, 0x528e, 0x4947, 0xd000, 0xf800, 0xf800, 0xf800, 
	0xe000, 0x48c5, 0x528e, 0x528e, 0x528e, 0x528e, 0x528e, 0x528e, 0x528e, 0x528e, 0x528e, 0x41eb, 0x9842, 0xf800, 0xf800, 0xf800, 
	0xf800, 0x3842, 0x4a6d, 0x528e, 0x422c, 0x7883, 0xf800, 0xf800, 0xf800, 0xf800, 0xf800, 0xf800, 0xf800, 0xf800, 0xf800, 0xf800, 
	0xf800, 0xf800, 0xf800, 0xc000, 0x41a9, 0x528e, 0x528e, 0x528e, 0x39ea, 0xa841, 0xf800, 0xf800, 0xf800, 0xf800, 0xf800, 0xf800, 
	0xf800, 0xf800, 0xf800, 0xf800, 0xf800, 0xf800, 0xf800, 0xf800, 0x9842, 0x4126, 0x528e, 0x528e, 0x528e, 0x528e, 0x528e, 0x528e, 
	0x528e, 0x528e, 0x528e, 0x528e, 0x528e, 0x528e, 0x528e, 0x528e, 0x528e, 0x528e, 0x528e, 0x528e, 0x528e, 0x528e, 0x528e, 0x528e, 
	0x528e, 0x528e, 0x528e, 0x528e, 0x528e, 0x528e, 0x528e, 0x528e, 0x528e, 0x528e, 0x528e, 0x528e, 0x528e, 0x528e, 0x528e, 0x528e, 
	0x528e, 0x528e, 0x528e, 0x528e, 0x528e, 0x528e, 0x528e, 0x528e, 0x528e, 0x528e, 0x528e, 0x528e, 0x528e, 0x528e, 0x528e, 0x528e, 
	0x528e, 0x528e, 0x528e, 0x528e, 0x528e, 0x528e, 0x528e, 0x528e, 0x528e, 0x528e, 0x528e, 0x528e, 0x528e, 0x528e, 0x528e, 0x528e, 
	0x528e, 0x528e, 0x528e, 0x4168, 0x8842, 0xf800, 0xf800, 0xf800, 0xf800, 0xf800, 0xf800, 0xe800, 0xd800, 0xd000, 0xe000, 0xf800, 
	0xf800, 0xf800, 0xf800, 0xf800, 0xf800, 0xd800, 0x3862, 0x4a6d, 0x528e, 0x528e, 0x528e, 0x420b, 0x8862, 0xf800, 0xf800, 0xf800, 
	0xf800, 0x4042, 0x4a6d, 0x528e, 0x528e, 0x528e, 0x528e, 0x528e, 0x528e, 0x528e, 0x528e, 0x4926, 0xd000, 0xf800, 0xf800, 0xf800, 
	0xd800, 0x4906, 0x528e, 0x528e, 0x422c, 0x7883, 0xf800, 0xf800, 0xf800, 0xf800, 0xd800, 0xd000, 0xd000, 0xd000, 0xd000, 0xd000, 
	0xd000, 0xd000, 0xd000, 0xa000, 0x41a9, 0x528e, 0x528e, 0x528e, 0x39ea, 0xa841, 0xf800, 0xf800, 0xf800, 0xf800, 0xd800, 0xd000, 
	0xd000, 0xd800, 0xe800, 0xf800, 0xf800, 0xf800, 0xf800, 0xf800, 0xf800, 0x8062, 0x41ea, 0x528e, 0x528e, 0x528e, 0x528e, 0x528e, 
	0x528e, 0x528e, 0x528e, 0x528e, 0x528e, 0x528e, 0x528e, 0x528e, 0x528e, 0x528e, 0x528e, 0x528e, 0x528e, 0x528e, 0x528e, 0x528e, 
	0x528e, 0x528e, 0x528e, 0x528e, 0x528e, 0x528e, 0x528e, 0x528e, 0x528e, 0x528e, 0x528e, 0x528e, 0x528e, 0x528e, 0x528e, 0x528e, 
	0x528e, 0x528e, 0x528e, 0x528e, 0x528e, 0x528e, 0x528e, 0x528e, 0x528e, 0x528e, 0x528e, 0x528e, 0x528e, 0x528e, 0x528e, 0x528e, 
	0x528e, 0x528e, 0x528e, 0x528e, 0x528e, 0x528e, 0x528e, 0x528e, 0x528e, 0x528e, 0x528e, 0x528e, 0x528e, 0x528e, 0x528e, 0x528e, 
	0x528e, 0x528e, 0x420b, 0x6062, 0xf800, 0xf800, 0xf800, 0xf800, 0xf800, 0xd000, 0x5862, 0x40a4, 0x5127, 0x4947, 0x4906, 0x3042, 
	0x9842, 0xf000, 0xf800, 0xf800, 0xf800, 0xf800, 0xc800, 0x40e5, 0x528e, 0x528e, 0x528e, 0x528d, 0x3042, 0xf800, 0xf800, 0xf800, 
	0xf800, 0xa042, 0x39ea, 0x528e, 0x528e, 0x528e, 0x528e, 0x528e, 0x528e, 0x528e, 0x4a6d, 0x3041, 0xf800, 0xf800, 0xf800, 0xf800, 
	0x9862, 0x41eb, 0x528e, 0x528e, 0x422c, 0x7883, 0xf800, 0xf800, 0xf800, 0xf800, 0x6062, 0x4127, 0x4947, 0x4947, 0x4947, 0x4947, 
	0x4947, 0x4947, 0x4947, 0x4947, 0x420b, 0x528e, 0x528e, 0x528e, 0x39ea, 0xa841, 0xf800, 0xf800, 0xf800, 0xf800, 0x3821, 0x4947, 
	0x4947, 0x4927, 0x40c4, 0x4042, 0xc800, 0xf800, 0xf800, 0xf800, 0xf800, 0xe800, 0x3062, 0x528e, 0x528e, 0x18c3, 0x528e, 0x528e, 
	0x528e, 0x528e, 0x528e, 0x528e, 0x528e, 0x528e, 0x528e, 0x528e, 0x528e, 0x528e, 0x528e, 0x528e, 0x528e, 0x528e, 0x528e, 0x528e, 
	0x528e, 0x528e, 0x528e, 0x528e, 0x528e, 0x528e, 0x528e, 0x528e, 0x528e, 0x528e, 0x528e, 0x528e, 0x528e, 0x528e, 0x528e, 0x528e, 
	0x528e, 0x528e, 0x528e, 0x528e, 0x528e, 0x528e, 0x528e, 0x528e, 0x528e, 0x528e, 0x528e, 0x528e, 0x528e, 0x528e, 0x528e, 0x528e, 
	0x528e, 0x528e, 0x528e, 0x528e, 0x528e, 0x528e, 0x528e, 0x528e, 0x528e, 0x528e, 0x528e, 0x528e, 0x528e, 0x528e, 0x528e, 0x528e, 
	0x528e, 0x528e, 0x3883, 0xe000, 0xf800, 0xf800, 0xf800, 0xf800, 0xb821, 0x40c4, 0x4a4c, 0x528e, 0x528e, 0x528e, 0x528e, 0x528d, 
	0x41a9, 0x5842, 0xf000, 0xf800, 0xf800, 0xf800, 0xf800, 0x7862, 0x420b, 0x528e, 0x528e, 0x528e, 0x4947, 0xd000, 0xf800, 0xf800, 
	0xf800, 0xd800, 0x4906, 0x528e, 0x528e, 0x528e, 0x528e, 0x528e, 0x528e, 0x528e, 0x420b, 0x8862, 0xf800, 0xf800, 0xf800, 0xf800, 
	0x3842, 0x4a6d, 0x528e, 0x528e, 0x422c, 0x7883, 0xf800, 0xf800, 0xf800, 0xf800, 0x6063, 0x4a4d, 0x528e, 0x528e, 0x528e, 0x528e, 
	0x528e, 0x528e, 0x528e, 0x528e, 0x528e, 0x528e, 0x528e, 0x528e, 0x39ea, 0xa841, 0xf800, 0xf800, 0xf800, 0xf800, 0x3041, 0x4a6d, 
	0x528e, 0x528e, 0x528e, 0x4a4d, 0x38a4, 0xd800, 0xf800, 0xf800, 0xf800, 0xf800, 0x6863, 0x4a4c, 0x528e, 0x528e, 0x528e, 0x528e, 
	0x528e, 0x528e, 0x528e, 0x528e, 0x528e, 0x528e, 0x528e, 0x528e, 0x528e, 0x528e, 0x528e, 0x528e, 0x528e, 0x528e, 0x528e, 0x528e, 
	0x528e, 0x528e, 0x528e, 0x528e, 0x528e, 0x528e, 0x528e, 0x528e, 0x528e, 0x528e, 0x528e, 0x528e, 0x528e, 0x528e, 0x528e, 0x528e, 
	0x528e, 0x528e, 0xa534, 0x528e, 0x528e, 0x528e, 0x528e, 0x528e, 0x528e, 0x528e, 0x528e, 0x528e, 0x528e, 0x528e, 0x528e, 0x528e, 
	0x528e, 0x528e, 0x528e, 0x528e, 0x528e, 0x528e, 0x528e, 0x528e, 0x528e, 0x528e, 0x528e, 0x528e, 0x528e, 0x528e, 0x528e, 0x528e, 
	0x528e, 0x420b, 0x8862, 0xf800, 0xf800, 0xf800, 0xf800, 0xe000, 0x3883, 0x4a6d, 0x528e, 0x528e, 0x528e, 0x528e, 0x528e, 0x528e, 
	0x528e, 0x41c9, 0x8862, 0xf800, 0xf800, 0xf800, 0xf800, 0xe000, 0x40c5, 0x528e, 0x528e, 0x528e, 0x420b, 0x8862, 0xf800, 0xf800, 
	0xf800, 0xf800, 0x3041, 0x4a6d, 0x528e, 0x528e, 0x528e, 0x528e, 0x528e, 0x528e, 0x4947, 0xc800, 0xf800, 0xf800, 0xf800, 0xd800, 
	0x4906, 0x528e, 0x528e, 0x528e, 0x422c, 0x7883, 0xf800, 0xf800, 0xf800, 0xf800, 0x6063, 0x4a4d, 0x528e, 0x528e, 0x528e, 0x528e, 
	0x528e, 0x528e, 0x528e, 0x528e, 0x528e, 0x528e, 0x528e, 0x528e, 0x39ea, 0xa841, 0xf800, 0xf800, 0xf800, 0xf800, 0x3041, 0x4a6d, 
	0x528e, 0x528e, 0x528e, 0x528e, 0x420b, 0x8063, 0xf800, 0xf800, 0xf800, 0xf800, 0x9862, 0x420b, 0x528e, 0x528e, 0x528e, 0x528e, 
	0x528e, 0x528e, 0x528e, 0x528e, 0x528e, 0x528e, 0x528e, 0x528e, 0x528e, 0x528e, 0x528e, 0x528e, 0x528e, 0x528e, 0x528e, 0x528e, 
	0x528e, 0x528e, 0x528e, 0x528e, 0x528e, 0x528e, 0x528e, 0x528e, 0x528e, 0x528e, 0x528e, 0x528e, 0x528e, 0x528e, 0x528e, 0x528e, 
	0x528e, 0x528e, 0x528e, 0x528e, 0x528e, 0x528e, 0x528e, 0x528e, 0x528e, 0x528e, 0x528e, 0x528e, 0x528e, 0x528e, 0x528e, 0x528e, 
	0x528e, 0x528e, 0x528e, 0x528e, 0x528e, 0x528e, 0x528e, 0x528e, 0x528e, 0x528e, 0x528e, 0x528e, 0x528e, 0x528e, 0x528e, 0x528e, 
	0x528e, 0x4926, 0xd000, 0xf800, 0xf800, 0xf800, 0xf800, 0x7862, 0x420b, 0x528e, 0x528e, 0x528e, 0x528e, 0x528e, 0x528e, 0x528e, 
	0x528e, 0x528e, 0x40a3, 0xe000, 0xf800, 0xf800, 0xf800, 0xf800, 0x5062, 0x4a4d, 0x528e, 0x528e, 0x528d, 0x3042, 0xf000, 0xf800, 
	0xf800, 0xf800, 0x8862, 0x420b, 0x528e, 0x528e, 0x528e, 0x528e, 0x528e, 0x528e, 0x3042, 0xf000, 0xf800, 0xf800, 0xf800, 0x9862, 
	0x39eb, 0x528e, 0x528e, 0x528e, 0x422c, 0x7883, 0xf800, 0xf800, 0xf800, 0xf800, 0x6063, 0x4a4d, 0x528e, 0x528e, 0x528e, 0x528e, 
	0x528e, 0x528e, 0x528e, 0x528e, 0x528e, 0x528e, 0x528e, 0x528e, 0x39ea, 0xa841, 0xf800, 0xf800, 0xf800, 0xf800, 0x3041, 0x4a6d, 
	0x528e, 0x528e, 0x528e, 0x528e, 0x4a6d, 0x5062, 0xf800, 0xf800, 0xf800, 0xf800, 0xb021, 0x39ea, 0x528e, 0x528e, 0x528e, 0x528e, 
	0x528e, 0x528e, 0x528e, 0x528e, 0x528e, 0x528e, 0x528e, 0x528e, 0x528e, 0x528e, 0x528e, 0x528e, 0x528e, 0x528e, 0x528e, 0x528e, 
	0x528e, 0x528e, 0x528e, 0x528e, 0x528e, 0x528e, 0x528e, 0x528e, 0x528e, 0x528e, 0x528e, 0x528e, 0x528e, 0x528e, 0x528e, 0x528e, 
	0x528e, 0x528e, 0x528e, 0x528e, 0x528e, 0x528e, 0x528e, 0x528e, 0x528e, 0x528e, 0x528e, 0x528e, 0x528e, 0x528e, 0x528e, 0x528e, 
	0x528e, 0x528e, 0x528e, 0x528e, 0x528e, 0x528e, 0x528e, 0x528e, 0x528e, 0x528e, 0x528e, 0x528e, 0x528e, 0x528e, 0x528e, 0x528e, 
	0x528e, 0x2841, 0xf800, 0xf800, 0xf800, 0xf800, 0xf000, 0x3062, 0x528e, 0x528e, 0x528e, 0x528e, 0x528e, 0x528e, 0x528e, 0x528e, 
	0x528e, 0x528e, 0x41ca, 0xa821, 0xf800, 0xf800, 0xf800, 0xf800, 0xa042, 0x39ea, 0x528e, 0x528e, 0x528e, 0x4947, 0xc800, 0xf800, 
	0xf800, 0xf800, 0xd000, 0x4947, 0x528e, 0x528e, 0x528e, 0x528e, 0x528e, 0x422c, 0x7863, 0xf800, 0xf800, 0xf800, 0xf800, 0x3042, 
	0x4a6d, 0x528e, 0x528e, 0x528e, 0x422c, 0x7883, 0xf800, 0xf800, 0xf800, 0xf800, 0x6063, 0x4a4d, 0x528e, 0x528e, 0x528e, 0x528e, 
	0x528e, 0x528e, 0x528e, 0x528e, 0x528e, 0x528e, 0x528e, 0x528e, 0x39ea, 0xa841, 0xf800, 0xf800, 0xf800, 0xf800, 0x3041, 0x4a8e, 
	0x528e, 0x528e, 0x528e, 0x528e, 0x4a6d, 0x5862, 0xf800, 0xf800, 0xf800, 0xf800, 0xa842, 0x39eb, 0x528e, 0x528e, 0x528e, 0x528e, 
	0x528e, 0x528e, 0x528e, 0x528e, 0x528e, 0x528e, 0x528e, 0x528e, 0x528e, 0x528e, 0x528e, 0x528e, 0x528e, 0x528e, 0x528e, 0x528e, 
	0x528e, 0x528e, 0x528e, 0x528e, 0x528e, 0x528e, 0x528e, 0x528e, 0x528e, 0x528e, 0x528e, 0x528e, 0x528e, 0x528e, 0x528e, 0x528e, 
	0x528e, 0x528e, 0x528e, 0x528e, 0x528e, 0x528e, 0x528e, 0x528e, 0x528e, 0x528e, 0x528e, 0x528e, 0x528e, 0x528e, 0x528e, 0x528e, 
	0x528e, 0x528e, 0x528e, 0x528e, 0x528e, 0x528e, 0x528e, 0x528e, 0x528e, 0x528e, 0x528e, 0x528e, 0x528e, 0x528e, 0x528e, 0x528e, 
	0x4a4c, 0x6863, 0xf800, 0xf800, 0xf800, 0xf800, 0xd000, 0x4967, 0x528e, 0x528e, 0x528e, 0x528e, 0x528e, 0x528e, 0x528e, 0x528e, 
	0x528e, 0x528e, 0x4a4c, 0x6063, 0xf800, 0xf800, 0xf800, 0xf800, 0xd000, 0x4967, 0x528e, 0x528e, 0x528e, 0x420b, 0x8062, 0xf800, 
	0xf800, 0xf800, 0xf000, 0x3042, 0x528e, 0x528e, 0x528e, 0x528e, 0x528e, 0x4988, 0xc000, 0xf800, 0xf800, 0xf800, 0xd000, 0x4926, 
	0x528e, 0x528e, 0x528e, 0x528e, 0x422c, 0x7883, 0xf800, 0xf800, 0xf800, 0xf800, 0x6063, 0x4a6d, 0x528e, 0x528e, 0x528e, 0x528e, 
	0x528e, 0x528e, 0x528e, 0x528e, 0x528e, 0x528e, 0x528e, 0x528e, 0x39ea, 0xa841, 0xf800, 0xf800, 0xf800, 0xf800, 0x3041, 0x528e, 
	0x528e, 0x528e, 0x528e, 0x528e, 0x420b, 0x8863, 0xf800, 0xf800, 0xf800, 0xf800, 0x8083, 0x422c, 0x528e, 0x528e, 0x52ae, 0x528e, 
	0x528e, 0x528e, 0x528e, 0x528e, 0x528e, 0x528e, 0x528e, 0x52ae, 0x528e, 0x528e, 0x528e, 0x528e, 0x528e, 0x52ae, 0x52ae, 0x528e, 
	0x528e, 0x52ae, 0x52ae, 0x52ae, 0x52ae, 0x52ae, 0x528e, 0x528e, 0x528e, 0x528e, 0x52ae, 0x52ae, 0x52ae, 0x52ae, 0x52ae, 0x52ae, 
	0x528e, 0x528e, 0x528e, 0x528e, 0x528e, 0x528e, 0x528e, 0x528e, 0x528e, 0x528e, 0x528e, 0x528e, 0x528e, 0x528e, 0x528e, 0x528e, 
	0x528e, 0x528e, 0x528e, 0x528e, 0x528e, 0x528e, 0x528e, 0x528e, 0x528e, 0x528e, 0x528e, 0x528e, 0x528e, 0x528e, 0x528e, 0x528e, 
	0x420b, 0x9062, 0xf800, 0xf800, 0xf800, 0xf800, 0xb021, 0x39ea, 0x528e, 0x528e, 0x528e, 0x528e, 0x528e, 0x528e, 0x528e, 0x528e, 
	0x528e, 0x528e, 0x528e, 0x2821, 0xf800, 0xf800, 0xf800, 0xf800, 0xe000, 0x48e5, 0x528e, 0x528e, 0x528e, 0x528e, 0x3042, 0xf000, 
	0xf800, 0xf800, 0xf800, 0x7883, 0x422c, 0x528e, 0x528e, 0x528e, 0x528e, 0x3863, 0xf000, 0xf800, 0xf800, 0xf800, 0x9062, 0x420b, 
	0x528e, 0x528e, 0x528e, 0x528e, 0x422c, 0x7883, 0xf800, 0xf800, 0xf800, 0xf800, 0x6062, 0x4147, 0x4967, 0x4967, 0x4967, 0x4967, 
	0x4967, 0x4967, 0x4967, 0x4189, 0x528e, 0x528e, 0x528e, 0x52ae, 0x39eb, 0xa841, 0xf800, 0xf800, 0xf800, 0xf800, 0x3041, 0x528e, 
	0x52ae, 0x52ae, 0x52ae, 0x4a6d, 0x38a4, 0xd800, 0xf800, 0xf800, 0xf800, 0xf000, 0x3042, 0x528e, 0x52ae, 0x52ae, 0x52ae, 0x52ae, 
	0x52ae, 0x52ae, 0x52ae, 0x52ae, 0x52ae, 0x52ae, 0x52ae, 0x52ae, 0x52ae, 0x52ae, 0x52ae, 0x52ae, 0x52ae, 0x52ae, 0x52ae, 0x52ae, 
	0x52ae, 0x52ae, 0x52ae, 0x52ae, 0x52ae, 0x52ae, 0x52ae, 0x52ae, 0x52ae, 0x52ae, 0x52ae, 0x52ae, 0x52ae, 0x52ae, 0x52ae, 0x52ae, 
	0x528e, 0x528e, 0x528e, 0x528e, 0x528e, 0x528e, 0x528e, 0x528e, 0x528e, 0x528e, 0x528e, 0x528e, 0x528e, 0x528e, 0x528e, 0x528e, 
	0x528e, 0x528e, 0x528e, 0x528e, 0x528e, 0x528e, 0x528e, 0x528e, 0x528e, 0x528e, 0x528e, 0x528e, 0x528e, 0x528e, 0x528e, 0x528e, 
	0x39ea, 0xb021, 0xf800, 0xf800, 0xf800, 0xf800, 0x9063, 0x420b, 0x528e, 0x528e, 0x528e, 0x528e, 0x528e, 0x528e, 0x528e, 0x528e, 
	0x528e, 0x528e, 0x528e, 0x3863, 0xf000, 0xf800, 0xf800, 0xf800, 0xf000, 0x4083, 0x528e, 0x528e, 0x52ae, 0x528e, 0x4947, 0xc800, 
	0xf800, 0xf800, 0xf800, 0xc000, 0x4988, 0x528e, 0x528e, 0x52ae, 0x4a4c, 0x6863, 0xf800, 0xf800, 0xf800, 0xf800, 0x3041, 0x528e, 
	0x528e, 0x528e, 0x52ae, 0x52ae, 0x424c, 0x7883, 0xf800, 0xf800, 0xf800, 0xf800, 0xd800, 0xd000, 0xd000, 0xd000, 0xd000, 0xd000, 
	0xd000, 0xd000, 0xc800, 0x3883, 0x52ae, 0x52ae, 0x52ae, 0x52ae, 0x39eb, 0xa841, 0xf800, 0xf800, 0xf800, 0xf800, 0x3041, 0x39ca, 
	0x39ea, 0x49a9, 0x4926, 0x3842, 0xc820, 0xf800, 0xf800, 0xf800, 0xf800, 0xa041, 0x49a9, 0x52ae, 0x52ae, 0x52ae, 0x52ae, 0x52ae, 
	0x52ae, 0x52ae, 0x52ae, 0x52ae, 0x52ae, 0x52ae, 0x52ae, 0x52ae, 0x52ae, 0x52ae, 0x52ae, 0x52ae, 0x52ae, 0x52ae, 0x52ae, 0x52ae, 
	0x52ae, 0x52ae, 0x52ae, 0x52ae, 0x52ae, 0x52ae, 0x52ae, 0x52ae, 0x52ae, 0x52ae, 0x52ae, 0x52ae, 0x52ae, 0x52ae, 0x52ae, 0x52ae, 
	0x528e, 0x528e, 0x528e, 0x528e, 0x528e, 0x528e, 0x528e, 0x528e, 0x528e, 0x528e, 0x528e, 0x528e, 0x528e, 0x528e, 0x528e, 0x52ae, 
	0x528e, 0x528e, 0x528e, 0x528e, 0x52ae, 0x528e, 0x528e, 0x52ae, 0x528e, 0x528e, 0x52ae, 0x52ae, 0x528e, 0x52ae, 0x528e, 0x528e, 
	0x39ca, 0xb800, 0xf800, 0xf800, 0xf800, 0xf800, 0x8883, 0x422c, 0x52ae, 0x52ae, 0x52ae, 0x52ae, 0x52ae, 0x528e, 0x52ae, 0x52ae, 
	0x52ae, 0x52ae, 0x52ae, 0x40a4, 0xf000, 0xf800, 0xf800, 0xf800, 0xf000, 0x3042, 0x52ae, 0x52ae, 0x52ae, 0x52ae, 0x422c, 0x8063, 
	0xf800, 0xf800, 0xf800, 0xf000, 0x3883, 0x52ae, 0x52ae, 0x52ae, 0x41a9, 0xb821, 0xf800, 0xf800, 0xf800, 0xd000, 0x4927, 0x52ae, 
	0x52ae, 0x52ae, 0x52ae, 0x52ae, 0x4a4c, 0x7883, 0xf800, 0xf800, 0xf800, 0xf800, 0xf800, 0xf800, 0xf800, 0xf800, 0xf800, 0xf800, 
	0xf800, 0xf800, 0xf000, 0x3883, 0x52ae, 0x52ae, 0x52ae, 0x52ae, 0x420b, 0xa841, 0xf800, 0xf800, 0xf800, 0xf800, 0xb800, 0xb000, 
	0xb800, 0xc800, 0xd800, 0xf800, 0xf800, 0xf800, 0xf800, 0xf800, 0xb821, 0x40c5, 0x528e, 0x52ae, 0x52ae, 0x52ae, 0x52ae, 0x52ae, 
	0x52ae, 0x52ae, 0x52ae, 0x52ae, 0x52ae, 0x52ae, 0x52ae, 0x52ae, 0x52ae, 0x52ae, 0x52ae, 0x52ae, 0x52ae, 0x52ae, 0x52ae, 0x52ae, 
	0x52ae, 0x52ae, 0x52ae, 0x52ae, 0x52ae, 0x52ae, 0x52ae, 0x52ae, 0x52ae, 0x52ae, 0x52ae, 0x52ae, 0x52ae, 0x52ae, 0x52ae, 0x52ae, 
	0x528e, 0x52ae, 0x52ae, 0x52ae, 0x52ae, 0x528e, 0x52ae, 0x52ae, 0x52ae, 0x52ae, 0x52ae, 0x52ae, 0x52ae, 0x52ae, 0x52ae, 0x52ae, 
	0x52ae, 0x52ae, 0x52ae, 0x52ae, 0x52ae, 0x52ae, 0x52ae, 0x52ae, 0x52ae, 0x52ae, 0x52ae, 0x52ae, 0x52ae, 0x52ae, 0x52ae, 0x52ae, 
	0x39ea, 0xb800, 0xf800, 0xf800, 0xf800, 0xf800, 0x8883, 0x422c, 0x52ae, 0x52ae, 0x52ae, 0x52ae, 0x52ae, 0x52ae, 0x52ae, 0x52ae, 
	0x52ae, 0x52ae, 0x52ae, 0x40a4, 0xe800, 0xf800, 0xf800, 0xf800, 0xf000, 0x3062, 0x52ae, 0x52ae, 0x52ae, 0x52ae, 0x528e, 0x3042, 
	0xf000, 0xf800, 0xf800, 0xf800, 0x6083, 0x4a4d, 0x52ae, 0x52ae, 0x40a4, 0xe800, 0xf800, 0xf800, 0xf800, 0x9062, 0x420b, 0x52ae, 
	0x52ae, 0x52ae, 0x52ae, 0x52ae, 0x4a4c, 0x7883, 0xf800, 0xf800, 0xf800, 0xf800, 0xf800, 0xf800, 0xf800, 0xf800, 0xf800, 0xf800, 
	0xf800, 0xf800, 0xf000, 0x3883, 0x52ae, 0x52ae, 0x52ae, 0x52ae, 0x420b, 0xa841, 0xf800, 0xf800, 0xf800, 0xf800, 0xf800, 0xf800, 
	0xf800, 0xf800, 0xf800, 0xf800, 0xf800, 0xf800, 0xf000, 0x9842, 0x40e5, 0x528e, 0x52ae, 0x52ae, 0x52ae, 0x52ae, 0x52ae, 0x52ae, 
	0x52ae, 0x52ae, 0x52ae, 0x52ae, 0x52ae, 0x52ae, 0x52ae, 0x52ae, 0x52ae, 0x52ae, 0x52ae, 0x52ae, 0x52ae, 0x52ae, 0x52ae, 0x52ae, 
	0x52ae, 0x52ae, 0x52ae, 0x52ae, 0x52ae, 0x52ae, 0x52ae, 0x52ae, 0x52ae, 0x52ae, 0x52ae, 0x52ae, 0x52ae, 0x52ae, 0x52ae, 0x52ae, 
	0x52ae, 0x52ae, 0x52ae, 0x52ae, 0x52ae, 0x52ae, 0x52ae, 0x52ae, 0x52ae, 0x52ae, 0x52ae, 0x52ae, 0x52ae, 0x52ae, 0x52ae, 0x52ae, 
	0x52ae, 0x52ae, 0x52ae, 0x52ae, 0x52ae, 0x52ae, 0x52ae, 0x52ae, 0x52ae, 0x52ae, 0x52ae, 0x52ae, 0x52ae, 0x52ae, 0x52ae, 0x52ae, 
	0x39eb, 0xa821, 0xf800, 0xf800, 0xf800, 0xf800, 0x9063, 0x422b, 0x52ae, 0x52ae, 0x52ae, 0x52ae, 0x52ae, 0x52ae, 0x52ae, 0x52ae, 
	0x52ae, 0x52ae, 0x52ae, 0x3863, 0xf000, 0xf800, 0xf800, 0xf800, 0xf000, 0x3883, 0x52ae, 0x52ae, 0x52ae, 0x52ae, 0x52ae, 0x4968, 
	0xc800, 0xf800, 0xf800, 0xf800, 0xb821, 0x41ca, 0x52ae, 0x4a6d, 0x5062, 0xf800, 0xf800, 0xf800, 0xf800, 0x3042, 0x528e, 0x52ae, 
	0x52ae, 0x52ae, 0x52ae, 0x52ae, 0x4a4c, 0x7883, 0xf800, 0xf800, 0xf800, 0xf800, 0xc800, 0xc000, 0xc000, 0xc000, 0xc000, 0xc000, 
	0xc000, 0xc000, 0xb000, 0x3883, 0x52ae, 0x52ae, 0x52ae, 0x52ae, 0x420b, 0xa842, 0xf800, 0xf800, 0xf800, 0xf800, 0xf800, 0xf800, 
	0xf800, 0xf800, 0xf800, 0xf800, 0xf800, 0xe800, 0x3821, 0x49a9, 0x52ae, 0x52ae, 0x52ae, 0x52ae, 0x52ae, 0x52ae, 0x52ae, 0x52ae, 
	0x52ae, 0x52ae, 0x52ae, 0x52ae, 0x52ae, 0x52ae, 0x52ae, 0x52ae, 0x52ae, 0x52ae, 0x52ae, 0x52ae, 0x52ae, 0x52ae, 0x52ae, 0x52ae, 
	0x52ae, 0x52ae, 0x52ae, 0x52ae, 0x52ae, 0x52ae, 0x52ae, 0x52ae, 0x52ae, 0x52ae, 0x52af, 0x52ae, 0x52af, 0x52af, 0x52ae, 0x52af, 
	0x52ae, 0x52ae, 0x52ae, 0x52ae, 0x52ae, 0x52ae, 0x52ae, 0x52ae, 0x52ae, 0x52ae, 0x52ae, 0x52ae, 0x52ae, 0x52ae, 0x52ae, 0x52ae, 
	0x52ae, 0x52ae, 0x52ae, 0x52ae, 0x52ae, 0x52ae, 0x52ae, 0x52ae, 0x52ae, 0x52ae, 0x52ae, 0x52ae, 0x52ae, 0x52ae, 0x52ae, 0x52ae, 
	0x422c, 0x9063, 0xf800, 0xf800, 0xf800, 0xf800, 0xb021, 0x41ea, 0x52ae, 0x52ae, 0x52ae, 0x52ae, 0x52ae, 0x52ae, 0x52ae, 0x52ae, 
	0x52ae, 0x52ae, 0x52ae, 0x2821, 0xf800, 0xf800, 0xf800, 0xf800, 0xe000, 0x4905, 0x52ae, 0x52ae, 0x52ae, 0x52ae, 0x52ae, 0x424c, 
	0x8063, 0xf800, 0xf800, 0xf800, 0xe000, 0x40c4, 0x52ae, 0x41ea, 0xa842, 0xf800, 0xf800, 0xf800, 0xd000, 0x4947, 0x52ae, 0x52ae, 
	0x52ae, 0x52ae, 0x52ae, 0x52ae, 0x4a4c, 0x7883, 0xf800, 0xf800, 0xf800, 0xf800, 0x6083, 0x31a9, 0x39ea, 0x39ea, 0x39ea, 0x39ea, 
	0x39ea, 0x39ea, 0x39ea, 0x39eb, 0x52ae, 0x52ae, 0x52ae, 0x52ae, 0x420b, 0xa842, 0xf800, 0xf800, 0xf800, 0xf800, 0xd800, 0xd000, 
	0xd000, 0xd000, 0xf800, 0xf800, 0xf800, 0xf800, 0x8062, 0x420b, 0x52ae, 0x52ae, 0x52ae, 0x52ae, 0x52ae, 0x52ae, 0x52af, 0x52af, 
	0x52ae, 0x52ae, 0x52ae, 0x52af, 0x52af, 0x52af, 0x52af, 0x5acf, 0x52cf, 0x52af, 0x52cf, 0x52cf, 0x52cf, 0x52af, 0x52af, 0x52cf, 
	0x5acf, 0x52af, 0x5acf, 0x52cf, 0x5acf, 0x5aaf, 0x5aaf, 0x5aaf, 0x52cf, 0x5aaf, 0x5acf, 0x5acf, 0x5acf, 0x5acf, 0x5acf, 0x5aaf, 
	0x52ae, 0x52ae, 0x52ae, 0x52ae, 0x52ae, 0x52ae, 0x52ae, 0x52ae, 0x52ae, 0x52ae, 0x52ae, 0x52ae, 0x52ae, 0x52ae, 0x52ae, 0x52ae, 
	0x52ae, 0x52ae, 0x52ae, 0x52ae, 0x52ae, 0x52ae, 0x52ae, 0x52ae, 0x52ae, 0x52ae, 0x52ae, 0x52ae, 0x52ae, 0x52ae, 0x52ae, 0x52ae, 
	0x4a6d, 0x6083, 0xf800, 0xf800, 0xf800, 0xf800, 0xc800, 0x4988, 0x52ae, 0x52ae, 0x52ae, 0x52ae, 0x52ae, 0x52ae, 0x52ae, 0x52ae, 
	0x52ae, 0xa534, 0x4a6d, 0x6083, 0xf800, 0xf800, 0xf800, 0xf800, 0xd000, 0x4988, 0x52ae, 0x52ae, 0x52ae, 0x52ae, 0x52ae, 0x52ae, 
	0x3042, 0xf000, 0xf800, 0xf800, 0xf800, 0x4042, 0x528e, 0x4926, 0xd800, 0xf800, 0xf800, 0xf800, 0x9062, 0x422b, 0x52ae, 0x52ae, 
	0x52ae, 0x52ae, 0x52af, 0x52ae, 0x4a4d, 0x7883, 0xf800, 0xf800, 0xf800, 0xf800, 0x6083, 0x526d, 0x52af, 0x52af, 0x52ae, 0x52ae, 
	0x52ae, 0x52af, 0x5aae, 0x52af, 0x5aaf, 0x5aaf, 0x5acf, 0x52af, 0x420b, 0xa842, 0xf800, 0xf800, 0xf800, 0xf800, 0x3821, 0x4968, 
	0x4968, 0x38c4, 0xc800, 0xf800, 0xf800, 0xf800, 0xf000, 0x3862, 0x528e, 0x5acf, 0x5acf, 0x5acf, 0x5acf, 0x5acf, 0x5acf, 0x5acf, 
	0x5acf, 0x5acf, 0x5acf, 0x5acf, 0x5acf, 0x5acf, 0x5acf, 0x5acf, 0x5acf, 0x5acf, 0x5acf, 0x5acf, 0x5acf, 0x5acf, 0x5acf, 0x5acf, 
	0x5acf, 0x5acf, 0x5acf, 0x5acf, 0x5acf, 0x5acf, 0x5acf, 0x5acf, 0x5acf, 0x5acf, 0x5acf, 0x5acf, 0x5acf, 0x5acf, 0x5acf, 0x5acf, 
	0x52ae, 0x52ae, 0x52ae, 0x52ae, 0x52ae, 0x52ae, 0x52ae, 0x52ae, 0x52ae, 0x52ae, 0x52ae, 0x52ae, 0x52ae, 0x52ae, 0x52ae, 0x52ae, 
	0x52ae, 0x52ae, 0x52ae, 0x52ae, 0x52ae, 0x52ae, 0x52ae, 0x52ae, 0x52ae, 0x18c3, 0x52ae, 0x52ae, 0x52ae, 0x52ae, 0x52ae, 0x52ae, 
	0x52ae, 0x2842, 0xf800, 0xf800, 0xf800, 0xf800, 0xf000, 0x3062, 0x52ae, 0x52ae, 0x52ae, 0x52ae, 0x52ae, 0x52af, 0x52af, 0x52ae, 
	0x52af, 0x52ae, 0x41ea, 0xa842, 0xf800, 0xf800, 0xf800, 0xf800, 0xa042, 0x420b, 0x52cf, 0x52ce, 0x5aaf, 0x52ce, 0x5acf, 0x52af, 
	0x4968, 0xc800, 0xf800, 0xf800, 0xf800, 0x9062, 0x422b, 0x2841, 0xf800, 0xf800, 0xf800, 0xf800, 0x3042, 0x52ae, 0x5acf, 0x5acf, 
	0x52cf, 0x5acf, 0x52cf, 0x5acf, 0x4a6d, 0x7883, 0xf800, 0xf800, 0xf800, 0xf800, 0x6083, 0x528d, 0x5acf, 0x5acf, 0x5acf, 0x5acf, 
	0x5acf, 0x5acf, 0x5acf, 0x5acf, 0x5acf, 0x5acf, 0x5acf, 0x5acf, 0x420b, 0xa842, 0xf800, 0xf800, 0xf800, 0xf800, 0x3042, 0x52ae, 
	0x5acf, 0x528d, 0x4062, 0xf000, 0xf800, 0xf800, 0xf800, 0xc020, 0x4947, 0x5acf, 0x5acf, 0x5acf, 0x5acf, 0x5acf, 0x5acf, 0x5acf, 
	0x5acf, 0x5acf, 0x5acf, 0x5acf, 0x5acf, 0x5acf, 0x5acf, 0x5acf, 0xa534, 0x5acf, 0x5acf, 0x5acf, 0x5acf, 0x5acf, 0x5acf, 0x5acf, 
	0x5acf, 0x5acf, 0x5acf, 0x5acf, 0x5acf, 0x5acf, 0x5acf, 0x5acf, 0x5acf, 0x5acf, 0x5acf, 0x5acf, 0x5acf, 0x5acf, 0x5acf, 0x5acf, 
	0x52af, 0x52af, 0x52ae, 0x52ae, 0x52ae, 0x52af, 0x52ae, 0x52af, 0x52af, 0x52ae, 0x52af, 0x52ae, 0x52cf, 0x52ae, 0x52ae, 0x52af, 
	0x52af, 0x52cf, 0x52af, 0x52af, 0x52cf, 0x52cf, 0x52af, 0x5acf, 0x5acf, 0x5acf, 0x52cf, 0x5aaf, 0x5acf, 0x52ce, 0x5acf, 0x5acf, 
	0x52cf, 0x4947, 0xd000, 0xf800, 0xf800, 0xf800, 0xf800, 0x7863, 0x4a2c, 0x52cf, 0x5acf, 0x5acf, 0x5acf, 0x5acf, 0x5acf, 0x5acf, 
	0x5acf, 0x52af, 0x40a4, 0xe000, 0xf800, 0xf800, 0xf800, 0xf800, 0x4862, 0x528d, 0x5acf, 0x5acf, 0x5acf, 0x5acf, 0x5acf, 0x5acf, 
	0x4a4c, 0x8083, 0xf800, 0xf800, 0xf800, 0xc800, 0x28e5, 0x7083, 0xf800, 0xf800, 0xf800, 0xd000, 0x4947, 0x5acf, 0x5acf, 0x5acf, 
	0x5acf, 0x5acf, 0x5acf, 0x5acf, 0x4a6d, 0x7883, 0xf800, 0xf800, 0xf800, 0xf800, 0x6083, 0x528d, 0x5acf, 0x5acf, 0x5acf, 0x5acf, 
	0x5acf, 0x5acf, 0x5acf, 0x5acf, 0x5acf, 0x5acf, 0x5acf, 0x5acf, 0x420b, 0xa842, 0xf800, 0xf800, 0xf800, 0xf800, 0x3042, 0x52ae, 
	0x5acf, 0x5acf, 0x49a9, 0xa842, 0xf800, 0xf800, 0xf800, 0xf800, 0x7063, 0x4a2b, 0x5acf, 0x5acf, 0x5acf, 0x5acf, 0x5acf, 0x5acf, 
	0x5acf, 0x5acf, 0x5acf, 0x5acf, 0x5acf, 0x5acf, 0x5acf, 0x5acf, 0x5acf, 0x5acf, 0x5acf, 0x5acf, 0x5acf, 0x5acf, 0x5acf, 0x5acf, 
	0x5acf, 0x5acf, 0x5acf, 0x5acf, 0x5acf, 0x5acf, 0x5acf, 0x5acf, 0x5acf, 0x5acf, 0x5acf, 0x5acf, 0x5acf, 0x5acf, 0x5acf, 0x5acf, 
	0x5acf, 0x5acf, 0x5acf, 0x5acf, 0x5acf, 0x5acf, 0x5acf, 0x5acf, 0x5acf, 0x5acf, 0x5acf, 0x5acf, 0x5acf, 0x5acf, 0x5acf, 0x5acf, 
	0x5acf, 0x5acf, 0x5acf, 0x5acf, 0x5acf, 0x5acf, 0x5acf, 0x5acf, 0x5acf, 0x5acf, 0x5acf, 0x5acf, 0x5acf, 0x5acf, 0x5acf, 0x5acf, 
	0x5acf, 0x4a4c, 0x8063, 0xf800, 0xf800, 0xf800, 0xf800, 0xe000, 0x40a4, 0x52ae, 0x5acf, 0x5acf, 0x5acf, 0x5acf, 0x5acf, 0x5acf, 
	0x5acf, 0x49ea, 0x8063, 0xf800, 0xf800, 0xf800, 0xf800, 0xd800, 0x4905, 0x5acf, 0x5acf, 0x5acf, 0x5acf, 0x5acf, 0x5acf, 0x5acf, 
	0x52ae, 0x3062, 0xf000, 0xf800, 0xf800, 0xe800, 0x0000, 0xa821, 0xf800, 0xf800, 0xf800, 0x8883, 0x422c, 0x5acf, 0x5acf, 0x5acf, 
	0x5acf, 0x5acf, 0x5acf, 0x5acf, 0x4a6d, 0x7883, 0xf800, 0xf800, 0xf800, 0xf800, 0x6083, 0x528d, 0x5acf, 0x5acf, 0x5acf, 0x5acf, 
	0x5acf, 0x5acf, 0x5acf, 0x5acf, 0x5acf, 0x5acf, 0x5acf, 0x5acf, 0x422b, 0xa842, 0xf800, 0xf800, 0xf800, 0xf800, 0x3042, 0x52ae, 
	0x5acf, 0x5acf, 0x52ae, 0x3883, 0xe800, 0xf800, 0xf800, 0xf800, 0xe800, 0x3863, 0x52ae, 0x5acf, 0x5acf, 0x5acf, 0x5acf, 0x5acf, 
	0x5acf, 0x5acf, 0x5acf, 0x5acf, 0x5acf, 0x5acf, 0x5acf, 0x5acf, 0x5acf, 0x5acf, 0x5acf, 0x5acf, 0x5acf, 0x5acf, 0x5acf, 0x5acf, 
	0x5acf, 0x5acf, 0x5acf, 0x5acf, 0x5acf, 0x5acf, 0x5acf, 0x5acf, 0x5acf, 0x5acf, 0x5acf, 0x5acf, 0x5acf, 0x5acf, 0x5acf, 0x5acf, 
	0x5acf, 0x5acf, 0x5acf, 0x5acf, 0x5acf, 0x5acf, 0x5acf, 0x5acf, 0x5acf, 0x5acf, 0x5acf, 0x5acf, 0x5acf, 0x5acf, 0x5acf, 0x5acf, 
	0x5acf, 0x5acf, 0x5acf, 0x5acf, 0x5acf, 0x5acf, 0x5acf, 0x5acf, 0x5acf, 0x5acf, 0x5acf, 0x5acf, 0x5acf, 0x5acf, 0x5acf, 0x5acf, 
	0x5acf, 0x5acf, 0x40a4, 0xe000, 0xf800, 0xf800, 0xf800, 0xf800, 0xb841, 0x40e5, 0x4a6d, 0x5acf, 0x5acf, 0x5acf, 0x5acf, 0x52ae, 
	0x49ca, 0x5062, 0xf000, 0xf800, 0xf800, 0xf800, 0xf800, 0x7063, 0x4a4c, 0x5acf, 0x5acf, 0x5acf, 0x5acf, 0x5acf, 0x5acf, 0x5acf, 
	0x5acf, 0x4988, 0xc800, 0xf800, 0xf800, 0xf800, 0x1800, 0xc800, 0xf800, 0xf800, 0xf800, 0x3042, 0x52ae, 0x5acf, 0x5acf, 0x5acf, 
	0x5acf, 0x5acf, 0x5acf, 0x5acf, 0x4a6d, 0x7883, 0xf800, 0xf800, 0xf800, 0xf800, 0x6083, 0x528e, 0x5acf, 0x5acf, 0x5acf, 0x5acf, 
	0x5acf, 0x5acf, 0x5acf, 0x5acf, 0x5acf, 0x5acf, 0x5acf, 0x5acf, 0x422b, 0xa842, 0xf800, 0xf800, 0xf800, 0xf800, 0x3042, 0x52ae, 
	0x5acf, 0x5acf, 0x5acf, 0x4a2b, 0x8063, 0xf800, 0xf800, 0xf800, 0xf800, 0xb821, 0x4968, 0x5acf, 0x5acf, 0x5acf, 0x5acf, 0x5acf, 
	0x5acf, 0x5acf, 0x5acf, 0x5acf, 0x5acf, 0x5acf, 0x5acf, 0x5acf, 0x5acf, 0x5acf, 0x5acf, 0x5acf, 0x5acf, 0x5acf, 0x5acf, 0x5acf, 
	0x5acf, 0x5acf, 0x5acf, 0x5acf, 0x5acf, 0x5acf, 0x5acf, 0x5acf, 0x5acf, 0x5acf, 0x5acf, 0x5acf, 0x5acf, 0x5acf, 0x5acf, 0x5acf, 
	0x5acf, 0x5acf, 0x5acf, 0x5acf, 0x5acf, 0x5acf, 0x5acf, 0x5acf, 0x5acf, 0x5acf, 0x5acf, 0x5acf, 0x5acf, 0x5acf, 0x5acf, 0x5acf, 
	0x5acf, 0x5acf, 0x5acf, 0x5acf, 0x5acf, 0x5acf, 0x5acf, 0x5acf, 0x5acf, 0x5acf, 0x5acf, 0x5acf, 0x5acf, 0x5acf, 0x5acf, 0x5acf, 
	0x5acf, 0x5acf, 0x4a4c, 0x6062, 0xf800, 0xf800, 0xf800, 0xf800, 0xf800, 0xd000, 0x5863, 0x40a4, 0x5147, 0x5168, 0x4926, 0x3042, 
	0x9862, 0xf000, 0xf800, 0xf800, 0xf800, 0xf800, 0xc021, 0x4926, 0x5acf, 0x5acf, 0x5acf, 0x5acf, 0x5acf, 0x5acf, 0x5acf, 0x5acf, 
	0x5acf, 0x4a4c, 0x7883, 0xf800, 0xf800, 0xf800, 0x6800, 0xe000, 0xf800, 0xf800, 0xd000, 0x4967, 0x5acf, 0x5acf, 0x5acf, 0x5acf, 
	0x5acf, 0x5acf, 0x5acf, 0x5acf, 0x4a6d, 0x7883, 0xf800, 0xf800, 0xf800, 0xf800, 0x6063, 0x4147, 0x4988, 0x4988, 0x4988, 0x4988, 
	0x4988, 0x4988, 0x4988, 0x4988, 0x4a4c, 0x5acf, 0x5acf, 0x5acf, 0x422b, 0xa842, 0xf800, 0xf800, 0xf800, 0xf800, 0x3042, 0x5ace, 
	0x5acf, 0x5acf, 0x5acf, 0x5acf, 0x40e5, 0xd000, 0xf800, 0xf800, 0xf800, 0xf800, 0x6062, 0x4a4c, 0x5acf, 0x5acf, 0x5acf, 0x5acf, 
	0x5acf, 0x5acf, 0x5acf, 0x5acf, 0x5acf, 0x5aef, 0x5aef, 0x5acf, 0x5acf, 0x5aef, 0x5acf, 0x5aef, 0x5aef, 0x5aef, 0x5aef, 0x5acf, 
	0x5acf, 0x5acf, 0x5acf, 0x5acf, 0x5acf, 0x5acf, 0x5acf, 0x5aef, 0x5aef, 0x5acf, 0x5aef, 0x5aef, 0x5aef, 0x5acf, 0x5aef, 0x5aef, 
	0x5acf, 0x5acf, 0x5acf, 0x5acf, 0x5acf, 0x5acf, 0x5acf, 0x5acf, 0x5acf, 0x5acf, 0x5acf, 0x5acf, 0x5acf, 0x5acf, 0x5acf, 0x5acf, 
	0x5acf, 0x5acf, 0x5acf, 0x5acf, 0x5acf, 0x5acf, 0x5acf, 0x5acf, 0x5acf, 0x5acf, 0x5acf, 0x5acf, 0x5acf, 0x5acf, 0x5acf, 0x5acf, 
	0x5acf, 0x5acf, 0x5acf, 0x49a9, 0x8062, 0xf800, 0xf800, 0xf800, 0xf800, 0xf800, 0xf800, 0xe800, 0xd800, 0xd000, 0xe000, 0xf800, 
	0xf800, 0xf800, 0xf800, 0xf800, 0xf800, 0xd000, 0x3883, 0x52ae, 0x5acf, 0x5acf, 0x5acf, 0x5acf, 0x5acf, 0x5acf, 0x5acf, 0x5acf, 
	0x5acf, 0x5acf, 0x3062, 0xf000, 0xf800, 0xf800, 0x9800, 0xf000, 0xf800, 0xf800, 0x8883, 0x4a4c, 0x5acf, 0x5acf, 0x5acf, 0x5acf, 
	0x5acf, 0x5acf, 0x5acf, 0x5acf, 0x4a6d, 0x7883, 0xf800, 0xf800, 0xf800, 0xf800, 0xd800, 0xd000, 0xd000, 0xd000, 0xd000, 0xd000, 
	0xd000, 0xd000, 0xd000, 0xa000, 0x41ea, 0x5acf, 0x5aef, 0x5aef, 0x422b, 0xa842, 0xf800, 0xf800, 0xf800, 0xf800, 0x3042, 0x5acf, 
	0x5acf, 0x5aef, 0x5aef, 0x5aef, 0x528d, 0x5062, 0xf800, 0xf800, 0xf800, 0xf800, 0xe000, 0x3883, 0x5acf, 0x5aef, 0x5aef, 0x5aef, 
	0x5aef, 0x5aef, 0x5aef, 0x5aef, 0x5aef, 0x5aef, 0x5aef, 0x5aef, 0x5aef, 0x5aef, 0x5aef, 0x5aef, 0x5aef, 0x5aef, 0x5aef, 0x5aef, 
	0x5aef, 0x5aef, 0x5aef, 0x5aef, 0x5aef, 0x5aef, 0x5aef, 0x5aef, 0x5aef, 0x5aef, 0x5aef, 0x5aef, 0x5aef, 0x5aef, 0x5aef, 0x5aef, 
	0x5acf, 0x5acf, 0x5acf, 0x5acf, 0x5acf, 0x5acf, 0x5acf, 0x5acf, 0x5acf, 0x5acf, 0x5acf, 0x5acf, 0x5acf, 0x5acf, 0x5acf, 0x5acf, 
	0x5acf, 0x5acf, 0x5acf, 0x5acf, 0x5acf, 0x5acf, 0x5acf, 0x5acf, 0x5acf, 0x5acf, 0x5acf, 0x5acf, 0x5acf, 0x5acf, 0x5acf, 0x5acf, 
	0x5acf, 0x5acf, 0x5acf, 0x5acf, 0x49a9, 0x6862, 0xe800, 0xf800, 0xf800, 0xf800, 0xf800, 0xf800, 0xf800, 0xf800, 0xf800, 0xf800, 
	0xf800, 0xf800, 0xf800, 0xf800, 0xb821, 0x38a4, 0x528e, 0x5acf, 0x5aef, 0x5acf, 0x5acf, 0x5acf, 0x5acf, 0x5acf, 0x5aef, 0x5acf, 
	0x5acf, 0x5aef, 0x4988, 0xc800, 0xf800, 0xf800, 0xc000, 0xf800, 0xf800, 0xf800, 0x3042, 0x5acf, 0x5aef, 0x5aef, 0x5aef, 0x5aef, 
	0x5aef, 0x5aef, 0x5aef, 0x5aef, 0x4a6d, 0x7883, 0xf800, 0xf800, 0xf800, 0xf800, 0xf800, 0xf800, 0xf800, 0xf800, 0xf800, 0xf800, 
	0xf800, 0xf800, 0xf800, 0xc000, 0x41ea, 0x5aef, 0x5aef, 0x5aef, 0x422b, 0xa842, 0xf800, 0xf800, 0xf800, 0xf800, 0x3042, 0x5acf, 
	0x5aef, 0x5aef, 0x5aef, 0x5aef, 0x5aef, 0x4988, 0xb821, 0xf800, 0xf800, 0xf800, 0xf800, 0xa842, 0x49a9, 0x5aef, 0x5aef, 0x5aef, 
	0x5aef, 0x5aef, 0x5aef, 0x5aef, 0x5aef, 0x5aef, 0x5aef, 0x5aef, 0x5aef, 0x5aef, 0x5aef, 0x5aef, 0x5aef, 0x5aef, 0x5aef, 0x5aef, 
	0x5aef, 0x5aef, 0x5aef, 0x5aef, 0x5aef, 0x5aef, 0x5aef, 0x5aef, 0x5aef, 0x5aef, 0x5aef, 0x5aef, 0x5aef, 0x5aef, 0x5aef, 0x5aef, 
	0x5acf, 0x5acf, 0x5acf, 0x5acf, 0x5acf, 0x5aef, 0x5acf, 0x5acf, 0x5acf, 0x5acf, 0x5acf, 0x5acf, 0x5acf, 0x5acf, 0x5aef, 0x5aef, 
	0x5acf, 0x5aef, 0x5acf, 0x5aef, 0x5acf, 0x5aef, 0x5aef, 0x5aef, 0x5aef, 0x5aef, 0x5aef, 0x5aef, 0x5aef, 0x5aef, 0x5aef, 0x5aef, 
	0x5aef, 0x5aef, 0x5aef, 0x5aef, 0x5acf, 0x4a2c, 0x3062, 0xa062, 0xe000, 0xf800, 0xf800, 0xf800, 0xf800, 0xf800, 0xf800, 0xf800, 
	0xf800, 0xf000, 0xc800, 0x5862, 0x4968, 0x5ace, 0x5aef, 0x5aef, 0x5aef, 0x5aef, 0x5aef, 0x5aef, 0x5aef, 0x5aef, 0x5aef, 0x5aef, 
	0x5aef, 0x5aef, 0x4a6d, 0x7883, 0xf800, 0xf800, 0xe800, 0xf800, 0xf800, 0xd000, 0x4968, 0x5aef, 0x5aef, 0x5aef, 0x5aef, 0x5aef, 
	0x5aef, 0x5aef, 0x5aef, 0x5aef, 0x4a6d, 0x7883, 0xf800, 0xf800, 0xf800, 0xf800, 0xf800, 0xf800, 0xf800, 0xf800, 0xf800, 0xf800, 
	0xf800, 0xf800, 0xf800, 0xc000, 0x41ea, 0x5aef, 0x5aef, 0x5aef, 0x422b, 0xa842, 0xf800, 0xf800, 0xf800, 0xf800, 0x3842, 0x5acf, 
	0x5aef, 0x5aef, 0x5aef, 0x5aef, 0x5aef, 0x52ae, 0x3862, 0xf000, 0xf800, 0xf800, 0xf800, 0xf800, 0x5063, 0x4a6d, 0x5aef, 0x5aef, 
	0x5aef, 0x5aef, 0x5aef, 0x5aef, 0x5aef, 0x5aef, 0x5aef, 0x5aef, 0x5aef, 0x5aef, 0x5aef, 0x5aef, 0x5aef, 0x5aef, 0x5aef, 0x5aef, 
	0x5aef, 0x5aef, 0x5aef, 0x5aef, 0x5aef, 0x5aef, 0x5aef, 0x5aef, 0x5aef, 0x5aef, 0x5aef, 0x5aef, 0x5aef, 0x5aef, 0x5aef, 0x5aef, 
	0x5aef, 0x5acf, 0x5aef, 0x5aef, 0x5aef, 0x5aef, 0x5aef, 0x5aef, 0x5aef, 0x5aef, 0x5aef, 0x5aef, 0x5aef, 0x5aef, 0x5aef, 0x5aef, 
	0x5aef, 0x5aef, 0x5aef, 0x5aef, 0x5aef, 0x5aef, 0x5aef, 0x5aef, 0x5aef, 0x5aef, 0x5aef, 0x5aef, 0x5aef, 0x5aef, 0x5aef, 0x5aef, 
	0x5aef, 0x5aef, 0x5aef, 0x5aef, 0x5aef, 0x5aef, 0x5acf, 0x4a0b, 0x40e5, 0x4062, 0x7883, 0xa062, 0xb021, 0xb000, 0xa842, 0x9083, 
	0x6083, 0x3062, 0x4988, 0x528d, 0x5aef, 0x5aef, 0x5aef, 0x5aef, 0x5aef, 0x5aef, 0x5aef, 0x5aef, 0x5aef, 0x5aef, 0x5aef, 0x5aef, 
	0x5aef, 0x5aef, 0x5acf, 0x3062, 0xb800, 0xc000, 0xc000, 0xc000, 0xc000, 0x7062, 0x4a4c, 0x5aef, 0x5aef, 0x5aef, 0x5aef, 0x5aef, 
	0x5aef, 0x5aef, 0x5aef, 0x5aef, 0x528d, 0x5842, 0xc000, 0xc000, 0xc000, 0xc000, 0xc000, 0xc000, 0xc000, 0xc000, 0xc000, 0xc000, 
	0xc000, 0xc000, 0xc000, 0x9000, 0x4a0a, 0x5aef, 0x5aef, 0x5aef, 0x422c, 0x8021, 0xc000, 0xc000, 0xc000, 0xc000, 0x2021, 0x5acf, 
	0x5aef, 0x5aef, 0x5aef, 0x5aef, 0x5aef, 0x5aef, 0x4a0b, 0x8042, 0xc000, 0xc000, 0xc000, 0xc000, 0x9800, 0x38c4, 0x5aef, 0x5aef, 
	0x5aef, 0x5aef, 0x5aef, 0x5aef, 0x5aef, 0x5aef, 0x5aef, 0x5aef, 0x5aef, 0x5aef, 0x5aef, 0x5aef, 0x5aef, 0x5aef, 0x5aef, 0x5aef, 
	0x5aef, 0x5aef, 0x5aef, 0x5aef, 0x5aef, 0x5aef, 0x5aef, 0x5aef, 0x5aef, 0x5aef, 0x5aef, 0x5aef, 0x5aef, 0x5aef, 0x5aef, 0x5aef, 
	0x5aef, 0x5aef, 0x5aef, 0x5aef, 0x5aef, 0x5aef, 0x5aef, 0x5aef, 0x5aef, 0x5aef, 0x5aef, 0x5aef, 0x5aef, 0x5aef, 0x5aef, 0x5aef, 
	0x5aef, 0x5aef, 0x5aef, 0x5aef, 0x5aef, 0x5aef, 0x5aef, 0x5aef, 0x5aef, 0x5aef, 0x5aef, 0x5aef, 0x5aef, 0x5aef, 0x5aef, 0x5aef, 
	0x5aef, 0x5aef, 0x5aef, 0x5aef, 0x5aef, 0x5aef, 0x5aef, 0x5aef, 0x5aef, 0x5ace, 0x4a6d, 0x4a4c, 0x422b, 0x422b, 0x422c, 0x4a4c, 
	0x52ae, 0x5aef, 0x5aef, 0x5aef, 0x5aef, 0x5aef, 0x5aef, 0x5aef, 0x5aef, 0x5aef, 0x5aef, 0x5aef, 0x5aef, 0x5aef, 0x5aef, 0x5aef, 
	0x5aef, 0x5aef, 0x5aef, 0x4a4c, 0x420b, 0x420b, 0x420b, 0x420b, 0x420b, 0x420b, 0x5aef, 0x5aef, 0x5aef, 0x5aef, 0x5aef, 0x5aef, 
	0x5aef, 0x5aef, 0x5aef, 0x5aef, 0x52ae, 0x420b, 0x420b, 0x420b, 0x420b, 0x420b, 0x420b, 0x420b, 0x420b, 0x420b, 0x420b, 0x420b, 
	0x420b, 0x420b, 0x420b, 0x420b, 0x528d, 0x5aef, 0x5aef, 0x5aef, 0x528e, 0x420b, 0x420b, 0x420b, 0x420b, 0x420b, 0x420b, 0x5aef, 
	0x5aef, 0x5aef, 0x5aef, 0x5aef, 0x5aef, 0x5aef, 0x5aef, 0x420b, 0x420b, 0x420b, 0x420b, 0x420b, 0x420b, 0x420b, 0x528e, 0x5aef, 
	0x5aef, 0x5aef, 0x5aef, 0x5aef, 0x5aef, 0x5aef, 0x5aef, 0x5aef, 0x5aef, 0x5aef, 0x5af0, 0x5aef, 0x5aef, 0x5aef, 0x5aef, 0x5aef, 
	0x5af0, 0x5af0, 0x5aef, 0x5aef, 0x5af0, 0x5aef, 0x5aef, 0x5af0, 0x5af0, 0x5af0, 0x5af0, 0x5aef, 0x5aef, 0x5aef, 0x5aef, 0x5af0, 
	0x5aef, 0x5aef, 0x5aef, 0x5aef, 0x5aef, 0x5aef, 0x5aef, 0x5aef, 0x5aef, 0x5aef, 0x5aef, 0x5aef, 0x5aef, 0x5aef, 0x5aef, 0x5aef, 
	0x5aef, 0x5aef, 0x5aef, 0x5aef, 0x5aef, 0x5aef, 0x5aef, 0x5aef, 0x5aef, 0x5aef, 0x5aef, 0x5aef, 0x5aef, 0x5aef, 0x5aef, 0x5aef, 
	0x5aef, 0x5aef, 0x5aef, 0x5aef, 0x5aef, 0x5aef, 0x5aef, 0x5aef, 0x5aef, 0x5aef, 0x5aef, 0x5aef, 0x5aef, 0x5aef, 0x5aef, 0x5aef, 
	0x5aef, 0x5aef, 0x5aef, 0x5aef, 0x5aef, 0x5aef, 0x5aef, 0x5aef, 0x5aef, 0x5aef, 0x5aef, 0x5aef, 0x5aef, 0x5aef, 0x5aef, 0x5aef, 
	0x5aef, 0x5aef, 0x5aef, 0x5aef, 0x5aef, 0x5aef, 0x5aef, 0x5aef, 0x5aef, 0x5aef, 0x5aef, 0x5aef, 0x5aef, 0x5aef, 0x5aef, 0x5aef, 
	0x5aef, 0x5aef, 0x5aef, 0x5aef, 0x5aef, 0x5aef, 0x5aef, 0x5aef, 0x5aef, 0x5aef, 0x5aef, 0x5aef, 0x5aef, 0x5aef, 0x5aef, 0x5aef, 
	0x5aef, 0x5aef, 0x5aef, 0x5aef, 0x5aef, 0x5aef, 0x5aef, 0x5aef, 0x5aef, 0x5aef, 0x5aef, 0x5aef, 0x5aef, 0x5af0, 0x5af0, 0x5aef, 
	0x5aef, 0x5aef, 0x5af0, 0x5af0, 0x5af0, 0x5af0, 0x5af0, 0x5aef, 0x5af0, 0x5af0, 0x5aef, 0x5af0, 0x5af0, 0x5af0, 0x5af0, 0x5aef, 
	0x5af0, 0x5b10, 0x62f0, 0x5b10, 0x62f0, 0x5b10, 0x62f0, 0x5b10, 0x5b10, 0x5af0, 0x6310, 0x5b10, 0x62f0, 0x6310, 0x62f0, 0x6310, 
	0x5af0, 0x5af0, 0x5af0, 0x62f0, 0x6310, 0x6310, 0x6310, 0x6310, 0x6310, 0x6310, 0x6310, 0x5af0, 0x6310, 0x6310, 0x6310, 0x6310, 
	0x5aef, 0x5aef, 0x5aef, 0x5aef, 0x5aef, 0x5aef, 0x5aef, 0x5aef, 0x5aef, 0x5aef, 0x5aef, 0x5aef, 0x5aef, 0x5aef, 0x5aef, 0x5aef, 
	0x5aef, 0x5aef, 0x5aef, 0x5aef, 0x5aef, 0x5aef, 0x5aef, 0x5aef, 0x5aef, 0x5aef, 0x5aef, 0x5aef, 0x5aef, 0x5aef, 0x5aef, 0x5aef, 
	0x5aef, 0x5aef, 0x5aef, 0x5aef, 0x5aef, 0x5aef, 0x5aef, 0x5aef, 0x5aef, 0x5aef, 0x5aef, 0x5aef, 0x5aef, 0x5aef, 0x5aef, 0x5aef, 
	0x5aef, 0x5aef, 0x5aef, 0x5aef, 0x5aef, 0x5aef, 0x5aef, 0x5aef, 0x5aef, 0x5aef, 0x5aef, 0x5aef, 0x5aef, 0x5af0, 0x5aef, 0x5aef, 
	0x5aef, 0x5af0, 0x5af0, 0x5aef, 0x5aef, 0x5aef, 0x5aef, 0x5aef, 0x5aef, 0x5af0, 0x5aef, 0x5af0, 0x5af0, 0x5aef, 0x5af0, 0x5af0, 
	0x5af0, 0x5af0, 0x5af0, 0x62f0, 0x5af0, 0x5af0, 0x5aef, 0x5aef, 0x5af0, 0x5af0, 0x5af0, 0x5af0, 0x6310, 0x62f0, 0x5af0, 0x5af0, 
	0x5b10, 0x62f0, 0x5b10, 0x5af0, 0x5b10, 0x5b10, 0x5b10, 0x6310, 0x5af0, 0x5af0, 0x6310, 0x62f0, 0x6310, 0x6310, 0x6310, 0x5b10, 
	0x62f0, 0x62f0, 0x6310, 0x6310, 0x5b10, 0x6310, 0x6310, 0x6310, 0x6310, 0x6310, 0x6310, 0x6310, 0x6310, 0x6310, 0x6310, 0x6310, 
	0x6310, 0x6310, 0x6310, 0x6310, 0x6310, 0x6310, 0x6310, 0x6310, 0x6310, 0x6310, 0x6310, 0x6310, 0x6310, 0x6310, 0x6310, 0x6310, 
	0x6310, 0x6310, 0x6310, 0x6310, 0x6310, 0x6310, 0x6310, 0x6310, 0x6310, 0x6310, 0x6310, 0x6310, 0x6310, 0x6310, 0x6310, 0x6310, 
	0x5aef, 0x5aef, 0x5aef, 0x5aef, 0x5aef, 0x5aef, 0x5aef, 0x5aef, 0x5aef, 0x5aef, 0x5aef, 0x5aef, 0x5aef, 0x5aef, 0x5aef, 0x5aef, 
	0x5aef, 0x5aef, 0x5aef, 0x5aef, 0x5af0, 0x5aef, 0x5aef, 0x5aef, 0x5aef, 0x5af0, 0x5af0, 0x5aef, 0x5aef, 0x5aef, 0x5aef, 0x5af0, 
	0x5af0, 0x5af0, 0x5af0, 0x5af0, 0x5aef, 0x5af0, 0x5aef, 0x5af0, 0x5af0, 0x5af0, 0x5af0, 0x5af0, 0x5af0, 0x5aef, 0x5af0, 0x5af0, 
	0x5af0, 0x5b10, 0x5b10, 0x5af0, 0x5af0, 0x5aef, 0x5af0, 0x62ef, 0x5b10, 0x62f0, 0x5af0, 0x62f0, 0x5af0, 0x5b10, 0x62f0, 0x5af0, 
	0x62f0, 0x6310, 0x6310, 0x62f0, 0x6310, 0x62f0, 0x6310, 0x6310, 0x6310, 0x62f0, 0x6310, 0x6310, 0x6310, 0x5b10, 0x6310, 0x6310, 
	0x6310, 0x6310, 0x6310, 0x6310, 0x6310, 0x6310, 0x6310, 0x6310, 0x6310, 0x6310, 0x6310, 0x6310, 0x6310, 0x6310, 0x6310, 0x6310, 
	0x6310, 0x6310, 0x6310, 0x6310, 0x6310, 0x6310, 0x6310, 0x6310, 0x6310, 0x6310, 0x6310, 0x6310, 0x6310, 0x6310, 0x6310, 0x6310, 
	0x6310, 0x6310, 0x6310, 0x6310, 0x6310, 0x6310, 0x6310, 0x6310, 0x6310, 0x6310, 0x6310, 0x6310, 0x6310, 0x6310, 0x6310, 0x6310, 
	0x6310, 0x6310, 0x6310, 0x6310, 0x6310, 0x6310, 0x6310, 0x6310, 0x6310, 0x6310, 0x6310, 0x6310, 0x6310, 0x6310, 0x6310, 0x6310, 
	0x6310, 0x6310, 0x6310, 0x6310, 0x6310, 0x6310, 0x6310, 0x6310, 0x6310, 0x6310, 0x6310, 0x6310, 0x6310, 0x6310, 0x6310, 0x6310, 
	0x5aef, 0x5af0, 0x5b10, 0x62ef, 0x5af0, 0x5af0, 0x5af0, 0x5aef, 0x5aef, 0x5af0, 0x5b10, 0x5af0, 0x6310, 0x62f0, 0x5b10, 0x62f0, 
	0x5af0, 0x6310, 0x5af0, 0x6310, 0x5af0, 0x5af0, 0x62f0, 0x6310, 0x5b10, 0x5b10, 0x62f0, 0x62f0, 0x6310, 0x6310, 0x6310, 0x6310, 
	0x62f0, 0x6310, 0x6310, 0x6310, 0x6310, 0x6310, 0x62f0, 0x6310, 0x6310, 0x6310, 0x6310, 0x6310, 0x6310, 0x6310, 0x6310, 0x6310, 
	0x6310, 0x6310, 0x6310, 0x6310, 0x6310, 0x6310, 0x6310, 0x6310, 0x6310, 0x6310, 0x6310, 0x6310, 0x6310, 0x6310, 0x6310, 0x6310, 
	0x6310, 0x6310, 0x6310, 0x6310, 0x6310, 0x6310, 0x6310, 0x6310, 0x6310, 0x6310, 0x6310, 0x6310, 0x6310, 0x6310, 0x6310, 0x6310, 
	0x6310, 0x6310, 0x6310, 0x6310, 0x6310, 0x6310, 0x6310, 0x6310, 0x6310, 0x6310, 0x6310, 0x6310, 0x6310, 0x6310, 0x6310, 0x6310, 
	0x6310, 0x6310, 0x6310, 0x6310, 0x6310, 0x6310, 0x6310, 0x6310, 0x6310, 0x6310, 0x6310, 0x6310, 0x6310, 0x6310, 0x6310, 0x6310, 
	0x6310, 0x6310, 0x6310, 0x6310, 0x6310, 0x6310, 0x6310, 0x6310, 0x6310, 0x6310, 0x6310, 0x6310, 0x6310, 0x6310, 0x6310, 0x6310, 
	0x6310, 0x6310, 0x6310, 0x6310, 0x6310, 0x6310, 0x6310, 0x6310, 0x6310, 0x6310, 0x6310, 0x6310, 0x6310, 0x6310, 0x6310, 0x6310, 
	0x6310, 0x6310, 0x6310, 0x6310, 0x6310, 0x6310, 0x6310, 0x6310, 0x6310, 0x6310, 0x6310, 0x6310, 0x6310, 0x6310, 0x6310, 0x6310, 
	0x6310, 0x6310, 0x6310, 0x6310, 0x6310, 0x6310, 0x6310, 0x6310, 0x6310, 0x6310, 0x6310, 0x6310, 0x6310, 0x6310, 0x6310, 0x6310, 
	0x6310, 0x6310, 0x6310, 0x6310, 0x6310, 0x6310, 0x6310, 0x6310, 0x6310, 0x6310, 0x6310, 0x6310, 0x6310, 0x6310, 0x6310, 0x6310, 
	0x6310, 0x6310, 0x6310, 0x6310, 0x6310, 0x6310, 0x6310, 0x6310, 0x6310, 0x6310, 0x6310, 0x6310, 0x6310, 0x6310, 0x6310, 0x6310, 
	0x6310, 0x6310, 0x6310, 0x6310, 0x6310, 0x6310, 0x6310, 0x6310, 0x6310, 0x6310, 0x6310, 0x6310, 0x6310, 0x6310, 0x6310, 0x6310, 
	0x6310, 0x6310, 0x6310, 0x6310, 0x6310, 0x6310, 0x6310, 0x6310, 0x6310, 0x6310, 0x6310, 0x6310, 0x6310, 0x6310, 0x6310, 0x6310, 
	0x6310, 0x6310, 0x6310, 0x6310, 0x6310, 0x6310, 0x6310, 0x6310, 0x6310, 0x6310, 0x6310, 0x6310, 0x6310, 0x6310, 0x6310, 0x6310, 
	0x6310, 0x6310, 0x6310, 0x6310, 0x6310, 0x6310, 0x6310, 0x6310, 0x6310, 0x6310, 0x6310, 0x6310, 0x6310, 0x6310, 0x6310, 0x6310, 
	0x6310, 0x6310, 0x6310, 0x6310, 0x6310, 0x6310, 0x6310, 0x6310, 0x6310, 0x6310, 0x6310, 0x6310, 0x6310, 0x6310, 0x6310, 0x6310, 
	0x6310, 0x6310, 0x6310, 0x6310, 0x6310, 0x6310, 0x6310, 0x6310, 0x6310, 0x6310, 0x6310, 0x6310, 0x6310, 0x6310, 0x6310, 0x6310, 
	0x6310, 0x6310, 0x6310, 0x6310, 0x6310, 0x6310, 0x6310, 0x6310, 0x6310, 0x6310, 0x6310, 0x6310, 0x6310, 0x6310, 0x6310, 0x6310, 
	0x6310, 0x6310, 0x6310, 0x6310, 0x6310, 0x6310, 0x6310, 0x6310, 0x6310, 0x6310, 0x6310, 0x6310, 0x6310, 0x6310, 0x6310, 0x6310, 
	0x6310, 0x6310, 0x6310, 0x6310, 0x6310, 0x6310, 0x6310, 0x6310, 0x6310, 0x6310, 0x6310, 0x6310, 0x6310, 0x6310, 0x6310, 0x6310, 
	0x6310, 0x6310, 0x6310, 0x6310, 0x6310, 0x6310, 0x6310, 0x6310, 0x6310, 0x6310, 0x6310, 0x6310, 0x6310, 0x6310, 0x6310, 0x6310, 
	0x6310, 0x6310, 0x6310, 0x6310, 0x6310, 0x6310, 0x6310, 0x6310, 0x6310, 0x6310, 0x6310, 0x6310, 0x6310, 0x6310, 0x6310, 0x6310, 
	0x6310, 0x6310, 0x6310, 0x6310, 0x6310, 0x6310, 0x6310, 0x6310, 0x6310, 0x6310, 0x6310, 0x6310, 0x6310, 0x6310, 0x6310, 0x6310, 
	0x6310, 0x6310, 0x6310, 0x6310, 0x6310, 0x6310, 0x6310, 0x6310, 0x6310, 0x6310, 0x6310, 0x6310, 0x6310, 0x6310, 0x6310, 0x6310, 
	0x6310, 0x6310, 0x6310, 0x6310, 0x6310, 0x6310, 0x6310, 0x6310, 0x6310, 0x6310, 0x6310, 0x6310, 0x6310, 0x6310, 0x6310, 0x6310, 
	0x6310, 0x6310, 0x6310, 0x6310, 0x6310, 0x6310, 0x6310, 0x6310, 0x6310, 0x6310, 0x6310, 0x6310, 0x6310, 0x6310, 0x6310, 0x6310, 
	0x6310, 0x6310, 0x6310, 0x6310, 0x6310, 0x6310, 0x6310, 0x6310, 0x6310, 0x6310, 0x6310, 0x6310, 0x6310, 0x6310, 0x6310, 0x6310, 
	0x6310, 0x6310, 0x6310, 0x6310, 0x6310, 0x6310, 0x6310, 0x6310, 0x6310, 0x6310, 0x6310, 0x6310, 0x6310, 0x6310, 0x6310, 0x6310, 
	0x6310, 0x6310, 0x6310, 0x6310, 0x6310, 0x6310, 0x6310, 0x6310, 0x6310, 0x6310, 0x6310, 0x6310, 0x6310, 0x6310, 0x6310, 0x6310, 
	0x6310, 0x6310, 0x6310, 0x6310, 0x6310, 0x6310, 0x6310, 0x6310, 0x6310, 0x6310, 0x6310, 0x6310, 0x6310, 0x6310, 0x6310, 0x6310, 
	0x6310, 0x6310, 0x6310, 0x6310, 0x6310, 0x6310, 0x6310, 0x6310, 0x6310, 0x6310, 0x6310, 0x6310, 0x6310, 0x6310, 0x6310, 0x6310, 
	0x6310, 0x6310, 0x6310, 0x6310, 0x6310, 0x6310, 0x6310, 0x6310, 0x6310, 0x6310, 0x6310, 0x6310, 0x6310, 0x6310, 0x6310, 0x6310, 
	0x6310, 0x6310, 0x6310, 0x6310, 0x6310, 0x6310, 0x6310, 0x6310, 0x6310, 0x6310, 0x6310, 0x6310, 0x6310, 0x6310, 0x6310, 0x6310, 
	0x6310, 0x6310, 0x6310, 0x6310, 0x6310, 0x6310, 0x6310, 0x6310, 0x6310, 0x6310, 0x6310, 0x6310, 0x6310, 0x6310, 0x6310, 0x6310, 
	0x6310, 0x6310, 0x6310, 0x6310, 0x6310, 0x6310, 0x6310, 0x6310, 0x6310, 0x6310, 0x6310, 0x6310, 0x6310, 0x6310, 0x6310, 0x6310, 
	0x6310, 0x6310, 0x6310, 0x6310, 0x6310, 0x6310, 0x6310, 0x6310, 0x6310, 0x6310, 0x6310, 0x6310, 0x6310, 0x6310, 0x6310, 0x6310, 
	0x6310, 0x6310, 0x6310, 0x6310, 0x6310, 0x6310, 0x6310, 0x6310, 0x6310, 0x6310, 0x6310, 0x6310, 0x6310, 0x6310, 0x6310, 0x6310, 
	0x6310, 0x6310, 0x6310, 0x6310, 0x6310, 0x6310, 0x6310, 0x6310, 0x6310, 0x6310, 0x6310, 0x6310, 0x6310, 0x6310, 0x6310, 0x6310, 
	0x6310, 0x6310, 0x6310, 0x6310, 0x6310, 0x6310, 0x6310, 0x6310, 0x6310, 0x6310, 0x6310, 0x6310, 0x6310, 0x6310, 0x6310, 0x6310, 
	0x6310, 0x6310, 0x6310, 0x6310, 0x6310, 0x6310, 0x6310, 0x6310, 0x6310, 0x6310, 0x6310, 0x6310, 0x6310, 0x6310, 0x6310, 0x6310, 
	0x6310, 0x6b6d, 0x6310, 0x6310, 0x6310, 0x6310, 0x6310, 0x6310, 0x6310, 0x6310, 0x6310, 0x6310, 0x6310, 0x6310, 0x6310, 0x6310, 
	0x6310, 0x6310, 0x6310, 0x6310, 0x6310, 0x6310, 0x6310, 0x6310, 0x6310, 0x6310, 0x6310, 0x6310, 0x6310, 0x6310, 0x6310, 0x6310, 
	0x6310, 0x18c3, 0x6310, 0x6310, 0x6310, 0x6310, 0x6310, 0x6310, 0x6310, 0x6310, 0x6310, 0x6310, 0x6310, 0x6310, 0x6310, 0x6310, 
	0x6310, 0x6310, 0x6310, 0x6310, 0x6310, 0x6310, 0x6310, 0x6310, 0x6310, 0x6310, 0x6310, 0x6310, 0x6310, 0x6310, 0x6310, 0x6310, 
	0x6310, 0x6310, 0x6310, 0x6310, 0x6310, 0x6310, 0x6310, 0x6310, 0x6310, 0x6310, 0x6310, 0x6310, 0x6310, 0x6310, 0x6310, 0x6310, 
	0x6310, 0x6310, 0x6310, 0x6310, 0x6310, 0x6310, 0x6310, 0x6310, 0x6310, 0x6310, 0x6310, 0x6310, 0x6310, 0x6310, 0x6330, 0x6310, 
	0x6310, 0x6330, 0x6310, 0x6310, 0x6310, 0x6310, 0x6310, 0x6330, 0x6330, 0x6310, 0x6330, 0x6330, 0x6310, 0x6310, 0x6330, 0x6310, 
	0x6330, 0x6310, 0x6330, 0x6310, 0x6330, 0x6310, 0x6310, 0x6330, 0x6330, 0x6330, 0x6330, 0x6330, 0x6330, 0x6330, 0x6330, 0x6330, 
	0x6310, 0x6310, 0x6310, 0x6310, 0x6310, 0x6310, 0x6310, 0x6310, 0x6310, 0x6310, 0x6310, 0x6310, 0x6310, 0x6310, 0x6310, 0x6310, 
	0x6310, 0x6310, 0x6310, 0x6310, 0x6310, 0x6310, 0x6310, 0x6310, 0x6310, 0x6310, 0x6310, 0x6310, 0x6310, 0x6310, 0x6310, 0x6310, 
	0x6310, 0x6310, 0x6310, 0x6310, 0x6310, 0x6310, 0x6310, 0x6310, 0x6310, 0x6310, 0x6310, 0x6310, 0x6310, 0x6310, 0x6310, 0x6310, 
	0x6310, 0x6310, 0x6310, 0x6310, 0x6310, 0x6310, 0x6310, 0x6310, 0x6310, 0x6310, 0x6310, 0x6310, 0x6310, 0x6310, 0x6310, 0x6310, 
	0x6310, 0x6310, 0x6310, 0x6310, 0x6310, 0x6310, 0x6310, 0x6310, 0x6310, 0x6310, 0x6310, 0x6310, 0x6310, 0x6310, 0x6310, 0x6310, 
	0x6310, 0x6310, 0x6310, 0x6310, 0x6310, 0x6310, 0x6330, 0x6310, 0x6310, 0x6330, 0x6310, 0x6310, 0x6310, 0x6310, 0x6330, 0x6310, 
	0x6310, 0x6310, 0x6330, 0x6330, 0x6310, 0x6310, 0x6310, 0x6310, 0x6330, 0x6330, 0x6330, 0x6330, 0x6330, 0x6330, 0x6330, 0x6330, 
	0x6330, 0x6330, 0x6330, 0x6330, 0x6330, 0x6330, 0x6330, 0x6330, 0x6330, 0x6330, 0x6330, 0x6330, 0x6330, 0x6330, 0x6330, 0x6330, 
	0x6330, 0x6330, 0x6330, 0x6330, 0x6330, 0x6330, 0x6330, 0x6330, 0x6330, 0x6330, 0x6330, 0x6330, 0x6330, 0x6330, 0x6330, 0x6330, 
	0x6330, 0x6330, 0x6330, 0x6330, 0x6330, 0x6330, 0x6330, 0x6330, 0x6330, 0x6330, 0x6330, 0x6330, 0x6330, 0x6330, 0x6330, 0x6330, 
	0x6310, 0x6310, 0x6310, 0x6310, 0x6310, 0x6310, 0x6310, 0x6310, 0x6310, 0x6310, 0x6310, 0x6310, 0x6310, 0x6310, 0x6310, 0x6310, 
	0x6310, 0x6310, 0x6310, 0x6310, 0x6310, 0x6310, 0x6310, 0x6310, 0x6310, 0x6310, 0x6310, 0x6310, 0x6310, 0x6310, 0x6310, 0x6310, 
	0x6310, 0x6310, 0x6310, 0x6310, 0x6310, 0x6310, 0x6310, 0x6310, 0x6310, 0x6310, 0x6310, 0x6310, 0x6310, 0x6310, 0x6310, 0x6310, 
	0x6310, 0x6310, 0x6330, 0x6310, 0x6310, 0x6310, 0x6310, 0x6310, 0x6310, 0x6310, 0x6310, 0x6310, 0x6310, 0x6330, 0x6330, 0x6310, 
	0x6330, 0x6330, 0x6330, 0x6330, 0x6310, 0x6330, 0x6330, 0x6310, 0x6330, 0x6310, 0x6330, 0x6330, 0x6330, 0x6330, 0x6330, 0x6330, 
	0x6330, 0x6330, 0x6330, 0x6330, 0x6330, 0x6330, 0x6330, 0x6330, 0x6330, 0x6330, 0x6330, 0x6330, 0x6330, 0x6330, 0x6330, 0x6330, 
	0x6330, 0x6330, 0x6330, 0x6330, 0x6330, 0x6330, 0x6330, 0x6330, 0x6330, 0x6330, 0x6330, 0x6330, 0x6330, 0x6330, 0x6330, 0x6330, 
	0x6330, 0x6330, 0x6330, 0x6330, 0x6330, 0x6330, 0x6330, 0x6330, 0x6330, 0x6330, 0x6330, 0x6330, 0x6330, 0x6330, 0x6330, 0x6330, 
	0x6330, 0x6330, 0x6330, 0x6330, 0x6330, 0x6330, 0x6330, 0x6330, 0x6330, 0x6330, 0x6330, 0x6330, 0x6330, 0x6330, 0x6330, 0x6330, 
	0x6330, 0x6330, 0x6330, 0x6330, 0x6330, 0x6330, 0x6330, 0x6330, 0x6330, 0x6330, 0x6330, 0x6330, 0x6330, 0x6330, 0x6330, 0x6330, 
	0x6310, 0x6310, 0x6310, 0x6310, 0x6310, 0x6310, 0x6330, 0x6310, 0x6330, 0x6310, 0x6330, 0x6310, 0x6310, 0x6330, 0x6310, 0x6330, 
	0x6330, 0x6310, 0x6330, 0x6310, 0x6310, 0x6310, 0x6330, 0x6310, 0x6330, 0x6330, 0x6330, 0x6310, 0x6330, 0x6310, 0x6310, 0x6330, 
	0x6330, 0x6330, 0x6330, 0x6330, 0x6330, 0x6330, 0x6330, 0x6330, 0x6330, 0x6330, 0x6330, 0x6330, 0x6330, 0x6330, 0x6330, 0x6330, 
	0x6330, 0x6330, 0x6330, 0x6330, 0x6330, 0x6330, 0x6330, 0x6330, 0x6330, 0x6330, 0x6330, 0x6330, 0x6330, 0x6330, 0x6330, 0x6330, 
	0x6330, 0x6330, 0x6330, 0x6330, 0x6330, 0x6330, 0x6330, 0x6330, 0x6330, 0x6330, 0x6330, 0x6330, 0x6330, 0x6330, 0x6330, 0x6330, 
	0x6330, 0x6330, 0x6330, 0x6330, 0x6330, 0x6330, 0x6330, 0x6330, 0x6330, 0x6330, 0x6330, 0x6330, 0x6330, 0x6330, 0x6330, 0x6330, 
	0x6330, 0x6330, 0x6330, 0x6330, 0x6330, 0x6330, 0x6330, 0x6330, 0x6330, 0x6330, 0x6330, 0x6330, 0x6330, 0x6330, 0x39e7, 0x6330, 
	0x6330, 0x6330, 0x6330, 0x6330, 0x6330, 0x6330, 0x6330, 0x6330, 0x6330, 0x6330, 0x6330, 0x6330, 0x6330, 0x6330, 0x6330, 0x6330, 
	0x6330, 0x6330, 0x6330, 0x6330, 0x6330, 0x6330, 0x6330, 0x6330, 0x6330, 0x6330, 0x6330, 0x6330, 0x6330, 0x6330, 0x6330, 0x6330, 
	0x6330, 0x6330, 0x6330, 0x6330, 0x6330, 0x6330, 0x6330, 0x6330, 0x6330, 0x6330, 0x6330, 0x6330, 0x6330, 0x6330, 0x6330, 0x6330, 
	0x6330, 0x6330, 0x6330, 0x6330, 0x6330, 0x6330, 0x6330, 0x6330, 0x6330, 0x6330, 0x6330, 0x6330, 0x6330, 0x6330, 0x6330, 0x6330, 
	0x6330, 0x6330, 0x6330, 0x6330, 0x6330, 0x6330, 0x6330, 0x6330, 0x6330, 0x6330, 0x6330, 0x6330, 0x6330, 0x6330, 0x6330, 0x6330, 
	0x6330, 0x6330, 0x6330, 0x6330, 0x6330, 0x6330, 0x6330, 0x6330, 0x6330, 0x6330, 0x6330, 0x6330, 0x6330, 0x6330, 0x6330, 0x6330, 
	0x6330, 0x6330, 0x6330, 0x6330, 0x6330, 0x6330, 0x6330, 0x6330, 0x6330, 0x6330, 0x6330, 0x6330, 0x6330, 0x6330, 0x6330, 0x6330, 
	0x6330, 0x6330, 0x6330, 0x6330, 0x6330, 0x6330, 0x6330, 0x6330, 0x6330, 0x6330, 0x6330, 0x6330, 0x6330, 0x6330, 0x6330, 0x6330, 
	0x6330, 0x6330, 0x6330, 0x6330, 0x6330, 0x6330, 0x6330, 0x6330, 0x6330, 0x6330, 0x6330, 0x6330, 0x6330, 0x6330, 0x6330, 0x6330, 
	0x6330, 0x6330, 0x6330, 0x6330, 0x6330, 0x6330, 0x6330, 0x6330, 0x6330, 0x6330, 0x6330, 0x6330, 0x6330, 0x6330, 0x6330, 0x6330, 
	0x6330, 0x6330, 0x6330, 0x6330, 0x6330, 0x6330, 0x6330, 0x6330, 0x6330, 0x6330, 0x6330, 0x6330, 0x6330, 0x6330, 0x6330, 0x6330, 
	0x6330, 0x6330, 0x6330, 0x6330, 0x6330, 0x6330, 0x6330, 0x6330, 0x6330, 0x6330, 0x6330, 0x6330, 0x6330, 0x6330, 0x6330, 0x6330, 
	0x6330, 0x6330, 0x6330, 0x6330, 0x6330, 0x6330, 0x6330, 0x6330, 0x6330, 0x6330, 0x6330, 0x6330, 0x6330, 0x6330, 0x6330, 0x6330, 
	0x6330, 0x6330, 0x6330, 0x6330, 0x6330, 0x6330, 0x6330, 0x6330, 0x6330, 0x6330, 0x6330, 0x6330, 0x6330, 0x6330, 0x6330, 0x6330, 
	0x6330, 0x6330, 0x6330, 0x6330, 0x6330, 0x6330, 0x6330, 0x6330, 0x6330, 0x6330, 0x6330, 0x6330, 0x6330, 0x6330, 0x6330, 0x6330, 
	0x6330, 0x6330, 0x6330, 0x6330, 0x6330, 0x6330, 0x6330, 0x6330, 0x6330, 0x6330, 0x6330, 0x6330, 0x6330, 0x6330, 0x6330, 0x6330, 
	0x6330, 0x6330, 0x6330, 0x6330, 0x6330, 0x6330, 0x6330, 0x6330, 0x6330, 0x6330, 0x6330, 0x6330, 0x6330, 0x6330, 0x6330, 0x6330, 
	0x6330, 0x6330, 0x6330, 0x6330, 0x6330, 0x6330, 0x6330, 0x6330, 0x6330, 0x6330, 0x6330, 0x6330, 0x6330, 0x6330, 0x6330, 0x6330, 
	0x6330, 0x6330, 0x6330, 0x6330, 0x6330, 0x6330, 0x6330, 0x6330, 0x6330, 0x6330, 0x6330, 0x6330, 0x6330, 0x6330, 0x6330, 0x6330, 
	0x6330, 0x6330, 0x6330, 0x6330, 0x6330, 0x6330, 0x6330, 0x6330, 0x6330, 0x6330, 0x6330, 0x6330, 0x6330, 0x6330, 0x6330, 0x6330, 
	0x6330, 0x6330, 0x6330, 0x6330, 0x6330, 0x6330, 0x6330, 0x6330, 0x6330, 0x6330, 0x6330, 0x6331, 0x6330, 0x6330, 0x6330, 0x6330, 
	0x6330, 0x6331, 0x6330, 0x6330, 0x6330, 0x6331, 0x6330, 0x6330, 0x6330, 0x6331, 0x6330, 0x6331, 0x6331, 0x6331, 0x6331, 0x6330, 
	0x6331, 0x6331, 0x6331, 0x6331, 0x6331, 0x6330, 0x6330, 0x6331, 0x6331, 0x6331, 0x6331, 0x6331, 0x6331, 0x6331, 0x6331, 0x6331, 
	0x6330, 0x6330, 0x6330, 0x6330, 0x6330, 0x6330, 0x6330, 0x6330, 0x6330, 0x6330, 0x6330, 0x6330, 0x6330, 0x6330, 0x6330, 0x6330, 
	0x6330, 0x6330, 0x6330, 0x6330, 0x6330, 0x6330, 0x6330, 0x6330, 0x6330, 0x6330, 0x6330, 0x6330, 0x6330, 0x6330, 0x6330, 0x6330, 
	0x6330, 0x6330, 0x6330, 0x6330, 0x6330, 0x6330, 0x6330, 0x6330, 0x6330, 0x6330, 0x6330, 0x6330, 0x6330, 0x6330, 0x6330, 0x6330, 
	0x6330, 0x6330, 0x6330, 0x6330, 0x6330, 0x6330, 0x6330, 0x6330, 0x6330, 0x6330, 0x6330, 0x6330, 0x6330, 0x6330, 0x6330, 0x6330, 
	0x6330, 0x6330, 0x6330, 0x6330, 0x6330, 0x6330, 0x6330, 0x6330, 0x6330, 0x6330, 0x6330, 0x6330, 0x6330, 0x6330, 0x6330, 0x6330, 
	0x6330, 0x6330, 0x6330, 0x6330, 0x6330, 0x6330, 0x6330, 0x6330, 0x6330, 0x6330, 0x6330, 0x6331, 0x6330, 0x6331, 0x6330, 0x6330, 
	0x6331, 0x6331, 0x6330, 0x6330, 0x6331, 0x6330, 0x6331, 0x6330, 0x6331, 0x6330, 0x6331, 0x6b6d, 0x6331, 0x6330, 0x6331, 0x6330, 
	0x6331, 0x6331, 0x6331, 0x6331, 0x6330, 0x6331, 0x6331, 0x6331, 0x6331, 0x6331, 0x6331, 0x6351, 0x6331, 0x6b31, 0x6331, 0x6b31, 
	0x6331, 0x6331, 0x6331, 0x6b51, 0x6351, 0x6b51, 0x6b51, 0x6b51, 0x6331, 0x6331, 0x6b51, 0x6331, 0x6b31, 0x6b51, 0x6b51, 0x6b31, 
	0x6b51, 0x6b51, 0x6351, 0x6b51, 0x6b31, 0x6b51, 0x6b51, 0x6b51, 0x6b51, 0x6b51, 0x6b51, 0x6b51, 0x6b51, 0x6b51, 0x6b51, 0x6b51, 
	0x6330, 0x6330, 0x6330, 0x6330, 0x6330, 0x6330, 0x6330, 0x6330, 0x6330, 0x6330, 0x6330, 0x6330, 0x6330, 0x6330, 0x6330, 0x6330, 
	0x6330, 0x6330, 0x6330, 0x6330, 0x6330, 0x6330, 0x6330, 0x6330, 0x6330, 0x6330, 0x6330, 0x6330, 0x6330, 0x6330, 0x6330, 0x6330, 
	0x6330, 0x6330, 0x6330, 0x6330, 0x6330, 0x6330, 0x6330, 0x6330, 0x6330, 0x6330, 0x6330, 0x6330, 0x6330, 0x6330, 0x6330, 0x6330, 
	0x6331, 0x6330, 0x6330, 0x6330, 0x6330, 0x6330, 0x6331, 0x6331, 0x6330, 0x6331, 0x6331, 0x6330, 0x6331, 0x6331, 0x6331, 0x6330, 
	0x6330, 0x6330, 0x6331, 0x6331, 0x6331, 0x6331, 0x6331, 0x6331, 0x6331, 0x6331, 0x6331, 0x6331, 0x6331, 0x6331, 0x6331, 0x6331, 
	0x6331, 0x6331, 0x6331, 0x6331, 0x6331, 0x6b31, 0x6b31, 0x6351, 0x6331, 0x6351, 0x6351, 0x6b31, 0x6b31, 0x6b31, 0x6b51, 0x6351, 
	0x6351, 0x6b31, 0x6b51, 0x6351, 0x6331, 0x6331, 0x6331, 0x6351, 0x6b51, 0x6b51, 0x6b51, 0x6b51, 0x6b31, 0x6b51, 0x6b51, 0x6351, 
	0x6b51, 0x6b51, 0x6b51, 0x6b51, 0x6b51, 0x6b51, 0x6b51, 0x6b51, 0x6b51, 0x6b51, 0x6b51, 0x6b51, 0x6b51, 0x6b51, 0x6b51, 0x6b51, 
	0x6b51, 0x6b51, 0x6b51, 0x6b51, 0x6b51, 0x6b51, 0x6b51, 0x6b51, 0x6b51, 0x6b51, 0x6b51, 0x6b51, 0x6b51, 0x6b51, 0x6b51, 0x6b51, 
	0x6b51, 0x6b51, 0x6b51, 0x6b51, 0x6b51, 0x6b51, 0x6b51, 0x6b51, 0x6b51, 0x6b51, 0x6b51, 0x6b51, 0x6b51, 0x6b51, 0x6b51, 0x6b51, 
	0x6330, 0x6330, 0x6330, 0x6330, 0x6330, 0x6330, 0x6330, 0x6330, 0x6330, 0x6330, 0x6330, 0x6331, 0x6331, 0x6330, 0x6330, 0x6330, 
	0x6331, 0x6331, 0x6331, 0x6331, 0x6331, 0x6331, 0x6331, 0x6331, 0x6330, 0x6331, 0x6331, 0x6331, 0x6331, 0x6331, 0x6330, 0x6331, 
	0x6331, 0x6331, 0x6331, 0x6331, 0x6331, 0x6331, 0x6331, 0x6331, 0x6331, 0x6331, 0x6331, 0x6331, 0x6331, 0x6b31, 0x6331, 0x6331, 
	0x6b51, 0x6331, 0x6331, 0x6b31, 0x6331, 0x6331, 0x6b51, 0x6b51, 0x6b51, 0x6351, 0x6b51, 0x6351, 0x6b31, 0x6351, 0x6b31, 0x6b51, 
	0x6b51, 0x6b51, 0x6b51, 0x6b51, 0x6b51, 0x6b51, 0x6b31, 0x6b51, 0x6b51, 0x6b51, 0x6b51, 0x6b51, 0x6b51, 0x6b51, 0x6b51, 0x6b51, 
	0x6b51, 0x6b51, 0x6b51, 0x6b51, 0x6b51, 0x6b51, 0x6b51, 0x6b51, 0x6b51, 0x6b51, 0x6b51, 0x6b51, 0x6b51, 0x6b51, 0x6b51, 0x6b51, 
	0x6b51, 0x6b51, 0x6b51, 0x6b51, 0x6b51, 0x6b51, 0x6b51, 0x6b51, 0x6b51, 0x6b51, 0x6b51, 0x6b51, 0x6b51, 0x6b51, 0x6b51, 0x6b51, 
	0x6b51, 0x6b51, 0x6b51, 0x6b51, 0x6b51, 0x6b51, 0x6b51, 0x6b51, 0x6b51, 0x6b51, 0x6b51, 0x6b51, 0x6b51, 0x6b51, 0x6b51, 0x6b51, 
	0x6b51, 0x6b51, 0x6b51, 0x6b51, 0x6b51, 0x6b51, 0x6b51, 0x6b51, 0x6b51, 0x6b51, 0x6b51, 0x6b51, 0x6b51, 0x6b51, 0x6b51, 0x6b51, 
	0x6b51, 0x6b6d, 0x6b51, 0x6b51, 0x6b51, 0x6b51, 0x6b51, 0x6b51, 0x6b51, 0x6b51, 0x6b51, 0x6b51, 0x6b51, 0x6b51, 0x6b51, 0x6b51, 
	0x6331, 0x6331, 0x6331, 0x6331, 0x6331, 0x6b31, 0x6b31, 0x6351, 0x6331, 0x6351, 0x6b31, 0x6331, 0x6331, 0x6331, 0x6b51, 0x6351, 
	0x6351, 0x6331, 0x6b51, 0x6351, 0x6331, 0x6b31, 0x6b51, 0x6351, 0x6b51, 0x6b51, 0x6b51, 0x6351, 0x6b31, 0x6b51, 0x6b51, 0x6331, 
	0x6331, 0x6b31, 0x6b51, 0x6b51, 0x6b51, 0x6b51, 0x6b51, 0x6b51, 0x6b51, 0x6b51, 0x6b51, 0x6b51, 0x6b51, 0x6b51, 0x6b51, 0x6b51, 
	0x6b51, 0x6b51, 0x6b51, 0x6b51, 0x6b51, 0x6b51, 0x6b51, 0x6b51, 0x6b51, 0x6b51, 0x6b51, 0x6b51, 0x6b51, 0x6b51, 0x6b51, 0x6b51, 
	0x6b51, 0x6b51, 0x6b51, 0x6b51, 0x6b51, 0x6b51, 0x6b51, 0x6b51, 0x6b51, 0x6b51, 0x6b51, 0x6b51, 0x6b51, 0x6b6d, 0x6b51, 0x6b51, 
	0x6b51, 0x6b51, 0x6b51, 0x6b51, 0x6b51, 0x6b51, 0x6b51, 0x6b51, 0x6b51, 0x6b51, 0x6b51, 0x6b51, 0x6b51, 0x6b51, 0x6b51, 0x6b51, 
	0x6b51, 0x6b51, 0x6b51, 0x6b51, 0x6b51, 0x6b51, 0x6b51, 0x6b51, 0x6b51, 0x6b51, 0x6b51, 0x6b51, 0x6b51, 0x6b51, 0x6b51, 0x6b51, 
	0x6b51, 0x6b51, 0x6b51, 0x6b51, 0x6b51, 0x6b51, 0x6b51, 0x6b51, 0x6b51, 0x6b51, 0x6b51, 0x6b51, 0x6b51, 0x6b51, 0x6b51, 0x6b51, 
	0x6b51, 0x6b51, 0x6b51, 0x6b51, 0x6b51, 0x6b51, 0x6b51, 0x6b51, 0x6b51, 0x6b51, 0x6b51, 0x6b51, 0x6b51, 0x6b51, 0x6b51, 0x6b51, 
	0x6b51, 0x6b51, 0x6b51, 0x6b51, 0x6b51, 0x6b51, 0x6b51, 0x6b51, 0x6b51, 0x6b51, 0x6b51, 0x6b51, 0x6b51, 0x6b51, 0x6b51, 0x6b51, 
	0x6b51, 0x6b51, 0x6b51, 0x6b51, 0x6b51, 0x6b51, 0x6b51, 0x6b51, 0x6b51, 0x6b51, 0x6b51, 0x6b51, 0x6b51, 0x6b51, 0x6b51, 0x6b51, 
	0x6b51, 0x6b51, 0x6b51, 0x6b51, 0x6b51, 0x6b51, 0x6b51, 0x6b51, 0x6b51, 0x6b51, 0x6b51, 0x6b51, 0x6b51, 0x6b51, 0x6b51, 0x6b51, 
	0x6b51, 0x6b51, 0x6b51, 0x6b51, 0x6b51, 0x6b51, 0x6b51, 0x6b51, 0x6b51, 0x6b51, 0x6b51, 0x6b51, 0x6b51, 0x6b51, 0x6b51, 0x6b51, 
	0x6b51, 0x6b51, 0x6b51, 0x6b51, 0x6b51, 0x6b51, 0x6b51, 0x6b51, 0x6b51, 0x6b51, 0x6b51, 0x6b51, 0x6b51, 0x6b51, 0x6b51, 0x6b51, 
	0x6b51, 0x6b51, 0x6b51, 0x6b51, 0x6b51, 0x6b51, 0x6b51, 0x6b51, 0x6b51, 0x6b51, 0x6b51, 0x6b51, 0x6b51, 0x6b51, 0x6b51, 0x6b51, 
	0x6b51, 0x6b51, 0x6b51, 0x6b51, 0x6b51, 0x6b51, 0x6b51, 0x6b51, 0x6b51, 0x6b51, 0x6b51, 0x6b51, 0x6b51, 0x6b51, 0x6b51, 0x6b51, 
	0x6b51, 0x6b51, 0x6b51, 0x6b51, 0x6b51, 0x6b51, 0x6b51, 0x6b51, 0x6b51, 0x6b51, 0x6b51, 0x6b51, 0x6b51, 0x6b51, 0x6b51, 0x6b51, 
	0x6b51, 0x6b51, 0x6b51, 0x6b51, 0x6b51, 0x6b51, 0x6b51, 0x6b51, 0x6b51, 0x6b51, 0x6b51, 0x6b51, 0x6b51, 0x6b51, 0x6b51, 0x6b51, 
	0x6b51, 0x6b51, 0x6b51, 0x6b51, 0x6b51, 0x6b51, 0x6b51, 0x6b51, 0x6b51, 0x6b51, 0x6b51, 0x6b51, 0x6b51, 0x6b51, 0x6b51, 0x6b51, 
	0x6b51, 0x6b51, 0x6b51, 0x6b51, 0x6b51, 0x6b51, 0x6b51, 0x6b51, 0x6b51, 0x6b51, 0x6b51, 0x6b51, 0x6b51, 0x6b51, 0x6b51, 0x6b51, 
	0x6b51, 0x6b51, 0x6b51, 0x6b51, 0x6b51, 0x6b51, 0x6b51, 0x6b51, 0x6b51, 0x6b51, 0x6b51, 0x6b51, 0x6b51, 0x6b51, 0x6b51, 0x6b51, 
	0x6b51, 0x6b51, 0x6b51, 0x6b51, 0x6b51, 0x6b51, 0x6b51, 0x6b51, 0x6b51, 0x6b51, 0x6b51, 0x6b51, 0x6b51, 0x6b51, 0x6b51, 0x6b51, 
	0x6b51, 0x6b51, 0x6b51, 0x6b51, 0x6b51, 0x6b51, 0x6b51, 0x6b51, 0x6b51, 0x6b51, 0x6b51, 0x6b51, 0x6b51, 0x6b51, 0x6b51, 0x6b51, 
	0x6b51, 0x6b51, 0x6b51, 0x6b51, 0x6b51, 0x6b51, 0x6b51, 0x6b51, 0x6b51, 0x6b51, 0x6b51, 0x6b51, 0x6b51, 0x6b51, 0x6b51, 0x6b51, 
	0x6b51, 0x6b51, 0x6b51, 0x6b51, 0x6b51, 0x6b51, 0x6b51, 0x6b51, 0x6b51, 0x6b51, 0x6b51, 0x6b51, 0x6b51, 0x6b51, 0x6b51, 0x6b51, 
	0x6b51, 0x6b51, 0x6b51, 0x6b51, 0x6b51, 0x6b51, 0x6b51, 0x6b51, 0x6b51, 0x6b51, 0x6b51, 0x6b51, 0x6b51, 0x6b51, 0x6b51, 0x6b51, 
	0x6b51, 0x6b51, 0x6b51, 0x6b51, 0x6b51, 0x6b51, 0x6b51, 0x6b51, 0x6b51, 0x6b51, 0x6b51, 0x6b51, 0x6b51, 0x6b51, 0x6b51, 0x6b51, 
	0x6b51, 0x6b51, 0x6b51, 0x6b51, 0x6b51, 0x6b51, 0x6b51, 0x6b51, 0x6b51, 0x6b51, 0x6b51, 0x6b51, 0x6b51, 0x6b51, 0x6b51, 0x6b51, 
	0x6b51, 0x6b51, 0x6b51, 0x6b51, 0x6b51, 0x6b51, 0x6b51, 0x6b51, 0x6b51, 0x6b51, 0x6b51, 0x6b51, 0x6b51, 0x6b51, 0x6b51, 0x6b51, 
	0x6b51, 0x6b51, 0x6b51, 0x6b51, 0x6b51, 0x6b51, 0x6b51, 0x6b51, 0x6b51, 0x6b51, 0x6b51, 0x6b51, 0x6b51, 0x6b51, 0x6b51, 0x6b51, 
	0x6b51, 0x6b51, 0x6b51, 0x6b51, 0x6b51, 0x6b51, 0x6b51, 0x6b51, 0x6b51, 0x6b51, 0x6b51, 0x6b51, 0x6b51, 0x6b51, 0x6b51, 0x6b51, 
	0x6b51, 0x6b51, 0x6b51, 0x6b51, 0x6b51, 0x6b51, 0x6b51, 0x6b51, 0x6b51, 0x6b51, 0x6b51, 0x6b51, 0x6b51, 0x6b51, 0x6b51, 0x6b51, 
	0x6b51, 0x6b51, 0x6b51, 0x6b51, 0x6b51, 0x6b51, 0x6b51, 0x6b51, 0x6b51, 0x6b51, 0x6b51, 0x6b51, 0x6b51, 0x6b51, 0x6b51, 0x6b51, 
	0x6b51, 0x6b51, 0x6b51, 0x6b51, 0x6b51, 0x6b51, 0x6b51, 0x6b51, 0x6b51, 0x6b51, 0x6b51, 0x6b51, 0x6b51, 0x6b51, 0x6b51, 0x6b51, 
	0x6b51, 0x6b51, 0x6b51, 0x6b51, 0x6b51, 0x6b51, 0x6b51, 0x6b51, 0x6b51, 0x6b51, 0x6b51, 0x6b51, 0x6b51, 0x6b51, 0x6b51, 0x6b51, 
	0x6b51, 0x6b51, 0x6b51, 0x6b51, 0x6b51, 0x6b51, 0x6b51, 0x6b51, 0x6b51, 0x6b51, 0x6b51, 0x6b51, 0x6b51, 0x6b51, 0x6b51, 0x6b51, 
	0x6b51, 0x6b51, 0x6b51, 0x6b51, 0x6b51, 0x6b51, 0x6b51, 0x6b51, 0x6b51, 0x6b51, 0x6b51, 0x6b51, 0x6b51, 0x6b51, 0x6b51, 0x6b51, 
	0x6b51, 0x6b51, 0x6b51, 0x6b51, 0x6b51, 0x6b51, 0x6b51, 0x6b51, 0x6b71, 0x6b51, 0x6b51, 0x6b51, 0x6b51, 0x6b51, 0x6b51, 0x6b51, 
	0x6b51, 0x6b71, 0x6b51, 0x6b51, 0x6b51, 0x6b71, 0x6b51, 0x6b51, 0x6b51, 0x6b51, 0x6b71, 0x6b51, 0x6b71, 0x6b51, 0x6b71, 0x6b71, 
	0x6b71, 0x6b71, 0x6b71, 0x6b51, 0x6b51, 0x6b51, 0x6b71, 0x6b71, 0x6b71, 0x6b71, 0x6b51, 0x6b71, 0x6b71, 0x6b71, 0x6b71, 0x6b71, 
	0x6b51, 0x6b51, 0x6b51, 0x6b51, 0x6b51, 0x6b51, 0x6b51, 0x6b51, 0x6b51, 0x6b51, 0x6b51, 0x6b51, 0x6b51, 0x6b51, 0x6b51, 0x6b51, 
	0x6b51, 0x6b51, 0x6b51, 0x6b51, 0x6b51, 0x6b51, 0x6b51, 0x6b51, 0x6b51, 0x6b51, 0x6b51, 0x6b51, 0x6b51, 0x6b51, 0x6b51, 0x6b51, 
	0x6b51, 0x6b51, 0x6b51, 0x6b51, 0x6b51, 0x6b51, 0x6b51, 0x6b51, 0x6b51, 0x6b51, 0x6b51, 0x6b51, 0x6b51, 0x6b51, 0x6b51, 0x6b51, 
	0x6b51, 0x6b51, 0x6b51, 0x6b51, 0x6b51, 0x6b51, 0x6b51, 0x6b51, 0x6b51, 0x6b51, 0x6b51, 0x6b51, 0x6b51, 0x6b51, 0x6b51, 0x6b51, 
	0x6b51, 0x6b51, 0x6b51, 0x6b51, 0x6b51, 0x6b51, 0x6b51, 0x6b51, 0x6b51, 0x6b51, 0x6b51, 0x6b51, 0x6b51, 0x6b51, 0x6b51, 0x6b51, 
	0x6b51, 0x6b51, 0x6b51, 0x6b51, 0x6b51, 0x6b51, 0x6b71, 0x6b51, 0x6b51, 0x6b71, 0x6b51, 0x6b51, 0x6b71, 0x6b71, 0x6b71, 0x6b71, 
	0x6b71, 0x6b71, 0x6b71, 0x6b51, 0x6b71, 0x6b71, 0x6b71, 0x6b51, 0x6b71, 0x6b71, 0x6b71, 0x6b71, 0x6b71, 0x6b71, 0x6b71, 0x6b71, 
	0x6b71, 0x6b71, 0x6b71, 0x6b71, 0x6b71, 0x6b71, 0x6b71, 0x6b71, 0x6b71, 0x6b71, 0x6b71, 0x6b71, 0x6b71, 0x6b71, 0x6b71, 0x6b71, 
	0x6b71, 0x6b71, 0x6b71, 0x6b71, 0x6b71, 0x6b71, 0x6b71, 0x6b71, 0x6b71, 0x6b71, 0x6b71, 0x6b71, 0x6b71, 0x6b71, 0x6b71, 0x6b71, 
	0x6b71, 0x6b71, 0x6b71, 0x6b71, 0x6b71, 0x6b71, 0x6b71, 0x6b71, 0x6b71, 0x6b71, 0x6b71, 0x6b71, 0x6b71, 0x6b71, 0x6b71, 0x6b71, 
	0x6b51, 0x6b51, 0x6b51, 0x6b51, 0x6b51, 0x6b51, 0x6b51, 0x6b51, 0x6b51, 0x6b51, 0x6b51, 0x6b51, 0x6b51, 0x6b51, 0x6b51, 0x6b51, 
	0x6b51, 0x6b51, 0x6b51, 0x6b51, 0x6b51, 0x6b51, 0x6b51, 0x6b51, 0x6b51, 0x6b51, 0x6b51, 0x6b51, 0x6b51, 0x6b51, 0x6b51, 0x6b51, 
	0x6b51, 0x6b51, 0x6b51, 0x6b51, 0x6b51, 0x6b51, 0x6b51, 0x6b51, 0x6b51, 0x6b51, 0x6b51, 0x6b71, 0x6b71, 0x6b51, 0x6b51, 0x6b51, 
	0x6b51, 0x6b51, 0x6b51, 0x6b51, 0x6b51, 0x6b71, 0x6b71, 0x6b71, 0x6b71, 0x6b71, 0x6b51, 0x6b51, 0x6b71, 0x6b71, 0x6b71, 0x6b71, 
	0x6b71, 0x6b71, 0x6b71, 0x6b51, 0x6b51, 0x6b51, 0x6b71, 0x6b71, 0x6b71, 0x6b71, 0x6b71, 0x6b71, 0x6b71, 0x6b71, 0x6b71, 0x6b71, 
	0x6b71, 0x6b71, 0x6b71, 0x6b71, 0x6b71, 0x6b71, 0x6b71, 0x6b71, 0x6b71, 0x6b71, 0x6b71, 0x6b71, 0x6b71, 0x6b71, 0x6b71, 0x6b71, 
	0x6b71, 0x6b71, 0x6b71, 0x6b71, 0x6b71, 0x6b71, 0x6b71, 0x6b71, 0x6b71, 0x6b71, 0x6b71, 0x6b71, 0x6b71, 0x6b71, 0x6b71, 0x6b71, 
	0x6b71, 0x6b71, 0x6b71, 0x6b71, 0x6b71, 0x6b71, 0x6b71, 0x6b71, 0x6b71, 0x6b71, 0x6b71, 0x6b71, 0x6b71, 0x6b71, 0x6b71, 0x6b71, 
	0x6b71, 0x6b71, 0x6b71, 0x6b71, 0x6b71, 0x6b71, 0x6b71, 0x6b71, 0x6b71, 0x6b71, 0x6b71, 0x6b71, 0x6b71, 0x6b71, 0x6b71, 0x6b71, 
	0x6b71, 0x6b71, 0x6b71, 0x6b71, 0x6b71, 0x6b71, 0x6b71, 0x6b71, 0x6b71, 0x6b71, 0x6b71, 0x6b71, 0x6b71, 0x6b71, 0x6b71, 0x6b71, 
	0x6b51, 0x6b51, 0x6b71, 0x6b51, 0x6b51, 0x6b51, 0x6b71, 0x6b51, 0x6b71, 0x6b51, 0x6b51, 0x6b51, 0x6b71, 0x6b71, 0x6b51, 0x6b71, 
	0x6b51, 0x6b51, 0x6b71, 0x6b71, 0x6b71, 0x6b51, 0x6b71, 0x6b71, 0x6b71, 0x6b51, 0x6b71, 0x6b51, 0x6b71, 0x6b71, 0x6b71, 0x6b71, 
	0x6b71, 0x6b71, 0x6b71, 0x6b71, 0x6b71, 0x6b71, 0x6b71, 0x6b71, 0x6b71, 0x6b71, 0x6b71, 0x6b71, 0x6b71, 0x6b71, 0x6b71, 0x6b71, 
	0x6b71, 0x6b71, 0x6b71, 0x6b71, 0x6b71, 0x6b71, 0x6b71, 0x6b71, 0x6b71, 0x6b71, 0x6b71, 0x6b71, 0x6b71, 0x6b71, 0x6b71, 0x6b71, 
	0x6b71, 0x6b71, 0x6b71, 0x6b71, 0x6b71, 0x6b71, 0x6b71, 0x6b71, 0x6b71, 0x6b71, 0x6b71, 0x6b71, 0x6b71, 0x6b71, 0x6b71, 0x6b71, 
	0x6b71, 0x6b71, 0x6b71, 0x6b71, 0x6b71, 0x6b71, 0x6b71, 0x6b71, 0x6b71, 0x6b71, 0x6b71, 0x6b71, 0x6b71, 0x6b71, 0x6b71, 0x6b71, 
	0x6b71, 0x6b71, 0x6b71, 0x6b71, 0x6b71, 0x6b71, 0x6b71, 0x6b71, 0x6b71, 0x6b71, 0x6b71, 0x6b71, 0x6b71, 0x6b71, 0x6b71, 0x6b71, 
	0x6b71, 0x6b71, 0x6b71, 0x6b71, 0x6b71, 0x6b71, 0x6b71, 0x6b71, 0x6b71, 0x6b71, 0x6b71, 0x6b71, 0x6b71, 0x6b71, 0x6b71, 0x6b71, 
	0x6b71, 0x6b71, 0x6b71, 0x6b71, 0x6b71, 0x6b71, 0x6b71, 0x6b71, 0x6b71, 0x6b71, 0x6b71, 0x6b71, 0x6b71, 0x6b71, 0x6b71, 0x6b71, 
	0x6b71, 0x6b71, 0x6b71, 0x6b71, 0x6b71, 0x6b71, 0x6b71, 0x6b71, 0x6b71, 0x6b71, 0x6b71, 0x6b71, 0x6b71, 0x6b71, 0x6b71, 0x6b71, 
	0x6b71, 0x6b71, 0x6b71, 0x6b71, 0x6b71, 0x6b71, 0x6b71, 0x6b71, 0x6b71, 0x6b71, 0x6b71, 0x6b71, 0x6b71, 0x6b71, 0x6b71, 0x6b71, 
	0x6b71, 0x6b71, 0x6b71, 0x6b71, 0x6b71, 0x6b71, 0x6b71, 0x6b71, 0x6b71, 0x6b71, 0x6b71, 0x6b71, 0x6b71, 0x6b71, 0x6b71, 0x6b71, 
	0x6b71, 0x6b71, 0x6b71, 0x6b71, 0x6b71, 0x6b71, 0x6b71, 0x6b71, 0x6b71, 0x6b71, 0x6b71, 0x6b71, 0x6b71, 0x6b71, 0x6b71, 0x6b71, 
	0x6b71, 0x6b71, 0x6b71, 0x6b71, 0x6b71, 0x6b71, 0x6b71, 0x6b71, 0x6b71, 0x6b71, 0x6b71, 0x6b71, 0x6b71, 0x6b71, 0x6b71, 0x6b71, 
	0x6b71, 0x6b71, 0x6b71, 0x6b71, 0x6b71, 0x6b71, 0x6b71, 0x6b71, 0x6b71, 0x6b71, 0x6b71, 0x6b71, 0x6b71, 0x6b71, 0x6b71, 0x6b71, 
	0x6b71, 0x6b71, 0x6b71, 0x6b71, 0x6b71, 0x6b71, 0x6b71, 0x6b71, 0x6b71, 0x6b71, 0x6b71, 0x6b71, 0x6b71, 0x6b71, 0x6b71, 0x6b71, 
	0x6b71, 0x6b71, 0x6b71, 0x6b71, 0x6b71, 0x6b71, 0x6b71, 0x6b71, 0x6b71, 0x6b71, 0x6b71, 0x6b71, 0x6b71, 0x6b71, 0x6b71, 0x6b71, 
	0x6b71, 0x6b71, 0x6b71, 0x6b71, 0x6b71, 0x6b71, 0x6b71, 0x6b71, 0x6b71, 0x6b71, 0x6b71, 0x6b71, 0x6b71, 0x6b71, 0x6b71, 0x6b71, 
	0x6b71, 0x6b71, 0x6b71, 0x6b71, 0x6b71, 0x6b71, 0x6b71, 0x6b71, 0x6b71, 0x6b71, 0x6b71, 0x6b71, 0x6b71, 0x6b71, 0x6b71, 0x6b71, 
	0x6b71, 0x6b71, 0x6b71, 0x6b71, 0x6b71, 0x6b71, 0x6b71, 0x6b72, 0x6b71, 0x6b72, 0x6b71, 0x6b71, 0x6b71, 0x6b71, 0x6b72, 0x6b71, 
	0x6b71, 0x6b71, 0x6b71, 0x6b71, 0x6b71, 0x6b71, 0x6b71, 0x6b71, 0x6b71, 0x6b71, 0x6b71, 0x6b71, 0x6b71, 0x6b71, 0x6b71, 0x6b71, 
	0x6b71, 0x6b71, 0x6b71, 0x6b71, 0x6b71, 0x6b71, 0x6b71, 0x6b71, 0x6b71, 0x6b71, 0x6b71, 0x6b71, 0x6b71, 0x6b71, 0x6b71, 0x6b71, 
	0x6b71, 0x6b71, 0x6b71, 0x6b71, 0x6b71, 0x6b71, 0x6b71, 0x6b71, 0x6b71, 0x6b71, 0x6b71, 0x6b71, 0x6b71, 0x6b71, 0x6b71, 0x6b71, 
	0x6b71, 0x6b71, 0x6b71, 0x6b71, 0x6b71, 0x6b71, 0x6b71, 0x6b71, 0x6b71, 0x6b71, 0x6b71, 0x6b71, 0x6b71, 0x6b71, 0x6b71, 0x6b71, 
	0x6b71, 0x6b71, 0x6b71, 0x6b71, 0x6b71, 0x6b71, 0x6b71, 0x6b71, 0x6b71, 0x6b71, 0x6b71, 0x6b71, 0x6b71, 0x6b71, 0x6b71, 0x6b71, 
	0x6b71, 0x6b71, 0x6b71, 0x6b71, 0x6b71, 0x6b71, 0x6b71, 0x6b71, 0x6b71, 0x6b71, 0x6b71, 0x6b71, 0x6b71, 0x6b71, 0x6b71, 0x6b71, 
	0x6b71, 0x6b71, 0x6b71, 0x6b71, 0x6b71, 0x6b71, 0x6b71, 0x6b71, 0x6b71, 0x6b71, 0x6b71, 0x6b71, 0x6b71, 0x6b72, 0x6b71, 0x6b72, 
	0x6b71, 0x6b72, 0x6b71, 0x6b72, 0x6b71, 0x6b71, 0x6b71, 0x6b71, 0x6b72, 0x6b72, 0x6b71, 0x6b72, 0x6b71, 0x6b72, 0x6b72, 0x6b72, 
	0x6b72, 0x6b71, 0x6b72, 0x6b71, 0x6b71, 0x6b72, 0x6b72, 0x6b72, 0x6b72, 0x6b71, 0x6b72, 0x6b72, 0x6b72, 0x6b72, 0x6b72, 0x6b72, 
	0x6b72, 0x6b72, 0x6b72, 0x6b72, 0x6b72, 0x6b72, 0x6b72, 0x6b72, 0x6b72, 0x6b72, 0x6b72, 0x6b72, 0x6b72, 0x6b72, 0x6b72, 0x6b72, 
	0x6b71, 0x6b71, 0x6b71, 0x6b71, 0x6b71, 0x6b71, 0x6b71, 0x6b71, 0x6b71, 0x6b71, 0x6b71, 0x6b71, 0x6b71, 0x6b71, 0x6b71, 0x6b71, 
	0x6b71, 0x18c3, 0x6b71, 0x6b71, 0x6b71, 0x6b71, 0x6b71, 0x6b71, 0x6b71, 0x6b71, 0x6b71, 0x6b71, 0x6b71, 0x6b71, 0x6b71, 0x6b71, 
	0x6b71, 0x6b71, 0x6b71, 0x6b71, 0x6b71, 0x6b71, 0x6b71, 0x6b71, 0x6b71, 0x6b71, 0x6b71, 0x6b71, 0x6b71, 0x6b71, 0x6b71, 0x6b71, 
	0x6b71, 0x6b71, 0x6b71, 0x6b71, 0x6b71, 0x6b71, 0x6b71, 0x6b71, 0x6b71, 0x6b71, 0x6b71, 0x6b71, 0x6b71, 0x6b71, 0x6b71, 0x6b71, 
	0x6b71, 0x6b71, 0x6b71, 0x6b71, 0x6b71, 0x6b72, 0x6b71, 0x6b72, 0x6b71, 0x6b71, 0x6b71, 0x6b71, 0x6b72, 0x6b71, 0x6b71, 0x6b71, 
	0x6b71, 0x6b72, 0x6b71, 0x6b72, 0x6b72, 0x6b71, 0x6b72, 0x6b72, 0x6b71, 0x6b71, 0x6b72, 0x6b72, 0x6b72, 0x6b72, 0x6b72, 0x6b72, 
	0x6b72, 0x6b72, 0x6b72, 0x6b72, 0x6b72, 0x6b72, 0x6b72, 0x6b72, 0x6b72, 0x6b72, 0x6b72, 0x6b72, 0x6b72, 0x6b72, 0x6b72, 0x6b72, 
	0x6b72, 0x6b72, 0x6b72, 0x6b72, 0x6b72, 0x6b72, 0x6b92, 0x6b72, 0x7372, 0x6b72, 0x6b72, 0x6b72, 0x6b72, 0x6b72, 0x6b72, 0x6b72, 
	0x6b72, 0x6b92, 0x7392, 0x7372, 0x6b72, 0x6b92, 0x6b72, 0x6b72, 0x6b72, 0x6b72, 0x7392, 0x7392, 0x7392, 0x6b92, 0x6b92, 0x7392, 
	0x7392, 0x7372, 0x6b92, 0x7392, 0x7392, 0x7392, 0x7392, 0x7372, 0x7392, 0x7392, 0x7392, 0x7392, 0x7392, 0x7392, 0x7392, 0x7392, 
	0x6b71, 0x6b71, 0x6b71, 0x6b71, 0x6b71, 0x6b71, 0x6b71, 0x6b71, 0x6b71, 0x6b71, 0x6b71, 0x6b71, 0x6b71, 0x6b71, 0x6b71, 0x6b71, 
	0x6b71, 0x6b71, 0x6b71, 0x6b71, 0x6b71, 0x6b71, 0x6b71, 0x6b71, 0x6b71, 0x6b71, 0x6b71, 0x6b71, 0x6b71, 0x6b71, 0x6b71, 0x6b71, 
	0x6b71, 0x6b71, 0x6b71, 0x6b72, 0x6b71, 0x6b72, 0x6b72, 0x6b72, 0x6b72, 0x6b72, 0x6b71, 0x6b72, 0x6b71, 0x6b71, 0x6b72, 0x6b71, 
	0x6b71, 0x6b72, 0x6b71, 0x6b71, 0x6b72, 0x6b72, 0x6b72, 0x6b72, 0x6b72, 0x6b72, 0x6b71, 0x6b72, 0x6b72, 0x6b72, 0x6b72, 0x6b72, 
	0x6b72, 0x6b72, 0x6b72, 0x6b72, 0x6b72, 0x6b72, 0x6b72, 0x6b72, 0x6b72, 0x6b72, 0x6b72, 0x6b72, 0x6b72, 0x6b72, 0x6b72, 0x7392, 
	0x6b72, 0x6b72, 0x6b72, 0x7392, 0x7372, 0x6b72, 0x6b72, 0x7372, 0x6b92, 0x7392, 0x6b72, 0x6b92, 0x7372, 0x7392, 0x6b72, 0x7392, 
	0x6b72, 0x6b92, 0x6b92, 0x7372, 0x7392, 0x6b92, 0x7392, 0x7392, 0x7392, 0x7392, 0x6b92, 0x7392, 0x7392, 0x7392, 0x7392, 0x7392, 
	0x7392, 0x7392, 0x7392, 0x7392, 0x7392, 0x7392, 0x7392, 0x7392, 0x7392, 0x7392, 0x7392, 0x7392, 0x7392, 0x7392, 0x7392, 0x7392, 
	0x7392, 0x7392, 0x7392, 0x7392, 0x7392, 0x7392, 0x7392, 0x7392, 0x7392, 0x7392, 0x7392, 0x7392, 0x7392, 0x7392, 0x7392, 0x7392, 
	0x7392, 0x7392, 0x7392, 0x7392, 0x7392, 0x7392, 0x7392, 0x7392, 0x7392, 0x7392, 0x7392, 0x7392, 0x7392, 0x7392, 0x7392, 0x7392, 
	0x6b71, 0x6b71, 0x6b72, 0x6b71, 0x6b71, 0x6b71, 0x6b71, 0x6b72, 0x6b72, 0x6b71, 0x6b72, 0x6b72, 0x6b72, 0x6b72, 0x6b71, 0x6b72, 
	0x6b72, 0x6b71, 0x6b72, 0x6b71, 0x6b72, 0x6b71, 0x6b72, 0x6b72, 0x6b72, 0x6b72, 0x6b72, 0x6b72, 0x6b72, 0x6b72, 0x6b72, 0x6b72, 
	0x6b72, 0x6b72, 0x6b72, 0x6b72, 0x6b72, 0x6b72, 0x6b72, 0x6b72, 0x7372, 0x7372, 0x7392, 0x6b72, 0x6b72, 0x6b72, 0x6b72, 0x6b72, 
	0x6b92, 0x6b72, 0x6b92, 0x6b92, 0x6b92, 0x6b72, 0x6b72, 0x7392, 0x6b72, 0x7392, 0x7392, 0x6b92, 0x7392, 0x7372, 0x7392, 0x7392, 
	0x7392, 0x7392, 0x6b92, 0x7372, 0x7392, 0x7392, 0x7392, 0x7392, 0x7392, 0x7392, 0x7392, 0x7392, 0x7392, 0x7392, 0x7392, 0x7392, 
	0x7392, 0x7392, 0x7392, 0x7392, 0x7392, 0x7392, 0x7392, 0x7392, 0x7392, 0x7392, 0x7392, 0x7392, 0x7392, 0x7392, 0x7392, 0x7392, 
	0x7392, 0x7392, 0x7392, 0x7392, 0x7392, 0x7392, 0x7392, 0x7392, 0x7392, 0x7392, 0x7392, 0x7392, 0x7392, 0x7392, 0x7392, 0x7392, 
	0x7392, 0x7392, 0x7392, 0x7392, 0x7392, 0x7392, 0x7392, 0x7392, 0x7392, 0x7392, 0x7392, 0x7392, 0x7392, 0x7392, 0x7392, 0x7392, 
	0x7392, 0x7392, 0x7392, 0x7392, 0x7392, 0x7392, 0x7392, 0x7392, 0x7392, 0x7392, 0x7392, 0x7392, 0x7392, 0x7392, 0x7392, 0x7392, 
	0x7392, 0x7392, 0x7392, 0x7392, 0x7392, 0x7392, 0x7392, 0x7392, 0x7392, 0x7392, 0x7392, 0x7392, 0x7392, 0x7392, 0x7392, 0x7392, 
	0x6b92, 0x6b72, 0x6b92, 0x6b72, 0x6b72, 0x7372, 0x7372, 0x6b72, 0x7372, 0x6b72, 0x6b92, 0x7392, 0x7372, 0x6b72, 0x7372, 0x7392, 
	0x7372, 0x7372, 0x6b92, 0x7392, 0x7372, 0x7392, 0x7372, 0x7372, 0x7372, 0x7372, 0x6b92, 0x7392, 0x7392, 0x7392, 0x7392, 0x6b92, 
	0x7392, 0x7392, 0x7392, 0x7392, 0x7392, 0x7392, 0x7392, 0x7392, 0x7392, 0x7392, 0x7392, 0x7392, 0x7392, 0x7392, 0x7392, 0x39e7, 
	0x7392, 0x7392, 0x7392, 0x7392, 0x7392, 0x7392, 0x7392, 0x7392, 0x7392, 0x7392, 0x7392, 0x7392, 0x7392, 0x7392, 0x7392, 0x7392, 
	0x7392, 0x7392, 0x7392, 0x7392, 0x7392, 0x7392, 0x7392, 0x7392, 0x7392, 0x7392, 0x7392, 0x7392, 0x7392, 0x7392, 0x7392, 0x7392, 
	0x7392, 0x7392, 0x7392, 0x7392, 0x7392, 0x7392, 0x7392, 0x7392, 0x7392, 0x7392, 0x7392, 0x7392, 0x7392, 0x7392, 0x7392, 0x7392, 
	0x7392, 0x7392, 0x7392, 0x7392, 0x7392, 0x7392, 0x7392, 0x7392, 0x7392, 0x7392, 0x7392, 0x7392, 0x7392, 0x7392, 0x7392, 0x7392, 
	0x7392, 0x7392, 0x7392, 0x7392, 0x7392, 0x7392, 0x7392, 0x7392, 0x7392, 0x7392, 0x7392, 0x7392, 0x7392, 0x7392, 0x7392, 0x7392, 
	0x7392, 0x7392, 0x7392, 0x7392, 0x7392, 0x7392, 0x7392, 0x7392, 0x7392, 0x7392, 0x7392, 0x7392, 0x7392, 0x7392, 0x7392, 0x7392, 
	0x7392, 0x7392, 0x7392, 0x7392, 0x7392, 0x7392, 0x7392, 0x7392, 0x7392, 0x7392, 0x7392, 0x7392, 0x7392, 0x7392, 0x7392, 0x7392, 
	0x7392, 0x7392, 0x7392, 0x7392, 0x7392, 0x7392, 0x7392, 0x7392, 0x7392, 0x7392, 0x7392, 0x7392, 0x7392, 0x7392, 0x7392, 0x7392, 
	0x7392, 0x7392, 0x7392, 0x7392, 0x7392, 0x7392, 0x7392, 0x7392, 0x7392, 0x7392, 0x7392, 0x7392, 0x7392, 0x7392, 0x7392, 0x7392, 
	0x7392, 0x7392, 0x7392, 0x7392, 0x7392, 0x7392, 0x7392, 0x7392, 0x7392, 0x7392, 0x7392, 0x7392, 0x7392, 0x7392, 0x7392, 0x7392, 
	0x7392, 0x7392, 0x7392, 0x7392, 0x7392, 0x7392, 0x7392, 0x7392, 0x7392, 0x7392, 0x7392, 0x7392, 0x7392, 0x7392, 0x7392, 0x7392, 
	0x7392, 0x7392, 0x7392, 0x7392, 0x7392, 0x7392, 0x7392, 0x7392, 0x7392, 0x7392, 0x7392, 0x7392, 0x7392, 0x7392, 0x7392, 0x7392, 
	0x7392, 0x7392, 0x7392, 0x7392, 0x7392, 0x7392, 0x7392, 0x7392, 0x7392, 0x7392, 0x7392, 0x7392, 0x7392, 0x7392, 0x7392, 0x7392, 
	0x7392, 0x7392, 0x7392, 0x7392, 0x7392, 0x7392, 0x7392, 0x7392, 0x7392, 0x7392, 0x7392, 0x7392, 0x7392, 0x7392, 0x7392, 0x7392, 
	0x7392, 0x7392, 0x7392, 0x7392, 0x7392, 0x7392, 0x7392, 0x7392, 0x7392, 0x7392, 0x7392, 0x7392, 0x7392, 0x7392, 0x7392, 0x7392, 
	0x7392, 0x7392, 0x7392, 0x7392, 0x7392, 0x7392, 0x7392, 0x7392, 0x7392, 0x7392, 0x7392, 0x7392, 0x7392, 0x7392, 0x7392, 0x7392, 
	0x7392, 0x7392, 0x7392, 0x7392, 0x7392, 0x7392, 0x7392, 0x7392, 0x7392, 0x7392, 0x7392, 0x7392, 0x7392, 0x7392, 0x7392, 0x7392, 
	0x7392, 0x7392, 0x7392, 0x7392, 0x7392, 0x7392, 0x7392, 0x7392, 0x7392, 0x7392, 0x7392, 0x7392, 0x7392, 0x7392, 0x7392, 0x7392, 
	0x7392, 0x7392, 0x7392, 0x7392, 0x7392, 0x7392, 0x7392, 0x7392, 0x7392, 0x7392, 0x7392, 0x7392, 0x7392, 0x7392, 0x7392, 0x7392, 
	0x7392, 0x7392, 0x7392, 0x7392, 0x7392, 0x7392, 0x7392, 0x7392, 0x7392, 0x7392, 0x7392, 0x7392, 0x7392, 0x7392, 0x7392, 0x7392, 
	0x7392, 0x7392, 0x7392, 0x7392, 0x7392, 0x7392, 0x7392, 0x7392, 0x7392, 0x7392, 0x7392, 0x7392, 0x7392, 0x7392, 0x7392, 0x7392, 
	0x7392, 0x7392, 0x7392, 0x7392, 0x7392, 0x7392, 0x7392, 0x7392, 0x7392, 0x7392, 0x7392, 0x7392, 0x7392, 0x7392, 0x7392, 0x7392, 
	0x7392, 0x7392, 0x7392, 0x7392, 0x7392, 0x7392, 0x7392, 0x7392, 0x7392, 0x7392, 0x7392, 0x7392, 0x7392, 0x7392, 0x7392, 0x7392, 
	0x7392, 0x7392, 0x7392, 0x7392, 0x7392, 0x7392, 0x7392, 0x7392, 0x7392, 0x7392, 0x7392, 0x7392, 0x7392, 0x7392, 0x7392, 0x7392, 
	0x7392, 0x7392, 0x7392, 0x7392, 0x7392, 0x7392, 0x7392, 0x7392, 0x7392, 0x7392, 0x7392, 0x7392, 0x7392, 0x7392, 0x7392, 0x7392, 
	0x7392, 0x7392, 0x7392, 0x7392, 0x7392, 0x7392, 0x7392, 0x7392, 0x7392, 0x7392, 0x7392, 0x7392, 0x7392, 0x7392, 0x7392, 0x7392, 
	0x7392, 0x7392, 0x7392, 0x7392, 0x7392, 0x7392, 0x7392, 0x7392, 0x7392, 0x7392, 0x7392, 0x7392, 0x7392, 0x7392, 0x7392, 0x7392, 
	0x7392, 0x7392, 0x7392, 0x7392, 0x7392, 0x7392, 0x7392, 0x7392, 0x7392, 0x7392, 0x7392, 0x7392, 0x7392, 0x7392, 0x7392, 0x7392, 
	0x7392, 0x7392, 0x7392, 0x7392, 0x7392, 0x7392, 0x7392, 0x7392, 0x7392, 0x7392, 0x7392, 0x7392, 0x7392, 0x7392, 0x7392, 0x7392, 
	0x7392, 0x7392, 0x7392, 0x7392, 0x7392, 0x7392, 0x7392, 0x7392, 0x7392, 0x7392, 0x7392, 0x7392, 0x7392, 0x7392, 0x7392, 0x7392, 
	0x7392, 0x7392, 0x7392, 0x7392, 0x7392, 0x7392, 0x7392, 0x7392, 0x7392, 0x7392, 0x7392, 0x7392, 0x7392, 0x7392, 0x7392, 0x7392, 
	0x7392, 0x7392, 0x7392, 0x7392, 0x7392, 0x7392, 0x7392, 0x7392, 0x7392, 0x7392, 0x7392, 0x7392, 0x7392, 0x7392, 0x7392, 0x7392, 
	0x7392, 0x7392, 0x7392, 0x7392, 0x7392, 0x7392, 0x7392, 0x7392, 0x7392, 0x7392, 0x7392, 0x7392, 0x7392, 0x7392, 0x7392, 0x7392, 
	0x7392, 0x7392, 0x7392, 0x7392, 0x7392, 0x7392, 0x7392, 0x7392, 0x7392, 0x7392, 0x7392, 0x7392, 0x7392, 0x7392, 0x7392, 0x7392, 
	0x7392, 0x7392, 0x7392, 0x7392, 0x7392, 0x7392, 0x7392, 0x7392, 0x73b2, 0x7392, 0x73b2, 0x73b2, 0x73b2, 0x73b2, 0x73b2, 0x7392, 
	0x7392, 0x73b2, 0x73b2, 0x7392, 0x73b2, 0x7392, 0x73b2, 0x73b2, 0x73b2, 0x73b2, 0x73b2, 0x7392, 0x7392, 0x7392, 0x73b2, 0x73b2, 
	0x7392, 0x73b2, 0x73b2, 0x73b2, 0x73b2, 0x73b2, 0x73b2, 0x73b2, 0x73b2, 0x73b2, 0x73b2, 0x73b2, 0x73b2, 0x73b2, 0x73b2, 0x73b2, 
	0x7392, 0x7392, 0x7392, 0x7392, 0x7392, 0x7392, 0x7392, 0x7392, 0x7392, 0x7392, 0x7392, 0x7392, 0x7392, 0x7392, 0x7392, 0x7392, 
	0x7392, 0x7392, 0x7392, 0x7392, 0x7392, 0x7392, 0x7392, 0x7392, 0x7392, 0x7392, 0x7392, 0x7392, 0x7392, 0x7392, 0x7392, 0x7392, 
	0x7392, 0x7392, 0x7392, 0x7392, 0x7392, 0x7392, 0x7392, 0x7392, 0x7392, 0x7392, 0x7392, 0x7392, 0x7392, 0x7392, 0x7392, 0x7392, 
	0x7392, 0x7392, 0x7392, 0x7392, 0x7392, 0x7392, 0x7392, 0x7392, 0x7392, 0x7392, 0x7392, 0x7392, 0x7392, 0x7392, 0x7392, 0x7392, 
	0x7392, 0x7392, 0x7392, 0x7392, 0x7392, 0x7392, 0x7392, 0x7392, 0x7392, 0x7392, 0x7392, 0x7392, 0x7392, 0x7392, 0x7392, 0x7392, 
	0x73b2, 0x73b2, 0x7392, 0x7392, 0x73b2, 0x7392, 0x7392, 0x73b2, 0x7392, 0x7392, 0x7392, 0x7392, 0x7392, 0x7392, 0x73b2, 0x7392, 
	0x7392, 0x7392, 0x73b2, 0x73b2, 0x73b2, 0x7392, 0x73b2, 0x73b2, 0x73b2, 0x73b2, 0x73b2, 0x73b2, 0x73b2, 0x73b2, 0x73b2, 0x73b2, 
	0x73b2, 0x73b2, 0x73b2, 0x73b2, 0x73b2, 0x73b2, 0x73b2, 0x73b2, 0x73b2, 0x73b2, 0x73b2, 0x73b2, 0x73b2, 0x73b2, 0x73b2, 0x73b2, 
	0x73b2, 0x73b2, 0x73b2, 0x73b2, 0x73b2, 0x73b2, 0x73b2, 0x73b2, 0x73b2, 0x73b2, 0x73b2, 0x73b2, 0x73b2, 0x73b2, 0x73b2, 0x73b2, 
	0x73b2, 0x73b2, 0x73b2, 0x73b2, 0x73b2, 0x73b2, 0x73b2, 0x73b2, 0x73b2, 0x73b2, 0x73b2, 0x73b2, 0x73b2, 0x73b2, 0x73b2, 0x73b2, 
	0x7392, 0x7392, 0x7392, 0x7392, 0x7392, 0x7392, 0x7392, 0x7392, 0x7392, 0x7392, 0x7392, 0x7392, 0x7392, 0x7392, 0x7392, 0x7392, 
	0x7392, 0x7392, 0x7392, 0x7392, 0x7392, 0x7392, 0x7392, 0x7392, 0x7392, 0x7392, 0x7392, 0x7392, 0x7392, 0x7392, 0x7392, 0x7392, 
	0x7392, 0x7392, 0x7392, 0x7392, 0x7392, 0x7392, 0x73b2, 0x7392, 0x7392, 0x7392, 0x73b2, 0x73b2, 0x7392, 0x73b2, 0x73b2, 0x73b2, 
	0x73b2, 0x7392, 0x7392, 0x73b2, 0x7392, 0x7392, 0x73b2, 0x7392, 0x73b2, 0x7392, 0x73b2, 0x73b2, 0x7392, 0x73b2, 0x73b2, 0x73b2, 
	0x73b2, 0x73b2, 0x73b2, 0x73b2, 0x73b2, 0x7392, 0x73b2, 0x73b2, 0x73b2, 0x73b2, 0x73b2, 0x73b2, 0x73b2, 0x73b2, 0x73b2, 0x73b2, 
	0x73b2, 0x73b2, 0x73b2, 0x73b2, 0x73b2, 0x73b2, 0x73b2, 0x73b2, 0x73b2, 0x73b2, 0x73b2, 0x73b2, 0x73b2, 0x73b2, 0x73b2, 0x73b2, 
	0x73b2, 0x73b2, 0x73b2, 0x73b2, 0x73b2, 0x73b2, 0x73b2, 0x73b2, 0x73b2, 0x73b2, 0x73b2, 0x73b2, 0x73b2, 0x73b2, 0x73b2, 0x73b2, 
	0x73b2, 0x73b2, 0x73b2, 0x73b2, 0x73b2, 0x73b2, 0x73b2, 0x73b2, 0x73b2, 0x73b2, 0x73b2, 0x73b2, 0x73b2, 0x73b2, 0x73b2, 0x73b2, 
	0x73b2, 0x73b2, 0x73b2, 0x73b2, 0x73b2, 0x73b2, 0x73b2, 0x73b2, 0x73b2, 0x73b2, 0x73b2, 0x73b2, 0x73b2, 0x73b2, 0x73b2, 0x73b2, 
	0x73b2, 0x73b2, 0x73b2, 0x73b2, 0x73b2, 0x73b2, 0x73b2, 0x73b2, 0x73b2, 0x73b2, 0x73b2, 0x73b2, 0x73b2, 0x73b2, 0x73b2, 0x73b2, 
	0x7392, 0x7392, 0x73b2, 0x7392, 0x73b2, 0x7392, 0x7392, 0x73b2, 0x73b2, 0x7392, 0x7392, 0x7392, 0x73b2, 0x7392, 0x73b2, 0x7392, 
	0x7392, 0x73b2, 0x73b2, 0x7392, 0x73b2, 0x73b2, 0x73b2, 0x7392, 0x73b2, 0x73b2, 0x73b2, 0x73b2, 0x73b2, 0x73b2, 0x73b2, 0x73b2, 
	0x73b2, 0x7392, 0x73b2, 0x73b2, 0x73b2, 0x73b2, 0x73b2, 0x73b2, 0x73b2, 0x73b2, 0x73b2, 0x73b2, 0x73b2, 0x73b2, 0x73b2, 0x73b2, 
	0x73b2, 0x73b2, 0x73b2, 0x73b2, 0x73b2, 0x73b2, 0x73b2, 0x73b2, 0x73b2, 0x73b2, 0x73b2, 0x73b2, 0x73b2, 0x73b2, 0x73b2, 0x73b2, 
	0x73b2, 0x73b2, 0x73b2, 0x73b2, 0x73b2, 0x73b2, 0x73b2, 0x73b2, 0x73b2, 0x73b2, 0x73b2, 0x73b2, 0x73b2, 0x73b2, 0x73b2, 0x73b2, 
	0x73b2, 0x73b2, 0x73b2, 0x73b2, 0x73b2, 0x73b2, 0x73b2, 0x73b2, 0x73b2, 0x73b2, 0x73b2, 0x73b2, 0x73b2, 0x73b2, 0x73b2, 0x73b2, 
	0x73b2, 0x73b2, 0x73b2, 0x73b2, 0x73b2, 0x73b2, 0x73b2, 0x73b2, 0x73b2, 0x73b2, 0x73b2, 0x73b2, 0x73b2, 0x73b2, 0x73b2, 0x73b2, 
	0x73b2, 0x73b2, 0x73b2, 0x73b2, 0x73b2, 0x73b2, 0x73b2, 0x73b2, 0x73b2, 0x73b2, 0x73b2, 0x73b2, 0x73b2, 0x73b2, 0x73b2, 0x73b2, 
	0x73b2, 0x73b2, 0x73b2, 0x73b2, 0x73b2, 0x73b2, 0x73b2, 0x73b2, 0x73b2, 0x73b2, 0x73b2, 0x73b2, 0x73b2, 0x73b2, 0x73b2, 0x73b2, 
	0x73b2, 0x73b2, 0x73b2, 0x73b2, 0x73b2, 0x73b2, 0x73b2, 0x73b2, 0x73b2, 0x73b2, 0x73b2, 0x73b2, 0x73b2, 0x73b2, 0x73b2, 0x73b2, 
	0x73b2, 0x73b2, 0x73b2, 0x73b2, 0x73b2, 0x73b2, 0x73b2, 0x73b2, 0x73b2, 0x73b2, 0x73b2, 0x73b2, 0x73b2, 0x73b2, 0x73b2, 0x73b2, 
	0x73b2, 0x73b2, 0x73b2, 0x73b2, 0x73b2, 0x73b2, 0x73b2, 0x73b2, 0x73b2, 0x73b2, 0x73b2, 0x73b2, 0x73b2, 0x73b2, 0x73b2, 0x73b2, 
	0x73b2, 0x73b2, 0x73b2, 0x73b2, 0x73b2, 0x73b2, 0x73b2, 0x73b2, 0x73b2, 0x73b2, 0x73b2, 0x73b2, 0x73b2, 0x73b2, 0x73b2, 0x73b2, 
	0x73b2, 0x73b2, 0x73b2, 0x73b2, 0x73b2, 0x73b2, 0x73b2, 0x73b2, 0x73b2, 0x73b2, 0x73b2, 0x73b2, 0x73b2, 0x73b2, 0x73b2, 0x73b2, 
	0x73b2, 0x73b2, 0x73b2, 0x73b2, 0x73b2, 0x73b2, 0x73b2, 0x73b2, 0x73b2, 0x73b2, 0x73b2, 0x73b2, 0x73b2, 0x73b2, 0x73b2, 0x73b2, 
	0x73b2, 0x73b2, 0x73b2, 0x73b2, 0x73b2, 0x73b2, 0x73b2, 0x73b2, 0x73b2, 0x73b2, 0x73b2, 0x73b2, 0x73b2, 0x73b2, 0x73b2, 0x73b2, 
	0x73b2, 0x73b2, 0x73b2, 0x73b2, 0x73b2, 0x73b2, 0x73b2, 0x73b2, 0x73b2, 0x73b2, 0x73b2, 0x73b2, 0x73b2, 0x73b2, 0x73b2, 0xa534, 
	0x73b2, 0x73b2, 0x73b2, 0x73b2, 0x73b2, 0x73b2, 0x73b2, 0x73b2, 0x73b2, 0x73b2, 0x73b2, 0x73b2, 0x73b2, 0x73b2, 0x73b2, 0x73b2, 
	0x73b2, 0x73b2, 0x73b2, 0x73b2, 0x73b2, 0x73b2, 0x73b2, 0x73b2, 0x73b2, 0x73b2, 0x73b2, 0x73b2, 0x73b2, 0x73b2, 0x73b2, 0x73b2, 
	0x73b2, 0x73b2, 0x73b2, 0x73b2, 0x73b2, 0x73b2, 0x73b2, 0x73b2, 0x73b2, 0x73b2, 0x73b2, 0x73b2, 0x73b2, 0x73b2, 0x73b2, 0x73b2, 
	0x73b2, 0x73b2, 0x73b2, 0x73b2, 0x73b2, 0x73b2, 0x73b2, 0x73b2, 0x73b2, 0x73b2, 0x73b2, 0x73b2, 0x73b2, 0x73b2, 0x73b2, 0x73b2, 
	0x73b2, 0x73b2, 0x73b2, 0x73b2, 0x73b2, 0x73b2, 0x73b2, 0x73b2, 0x73b2, 0x73b2, 0x73b2, 0x73b2, 0x73b2, 0x73b2, 0x73b2, 0x73b2, 
	0x73b2, 0x73b2, 0x73b2, 0x73b2, 0x73b2, 0x73b2, 0x73b2, 0x73b2, 0x73b2, 0x73b2, 0x73b2, 0x73b2, 0x73b2, 0x73b2, 0x73b2, 0x73b2, 
	0x73b2, 0x73b2, 0x73b2, 0x73b2, 0x73b2, 0x73b2, 0x73b2, 0x73b2, 0x73b2, 0x73b2, 0x73b2, 0x73b2, 0x73b2, 0x73b2, 0x73b2, 0x73b2, 
	0x73b2, 0x73b2, 0x73b2, 0x73b2, 0x73b2, 0x73b2, 0x73b2, 0x73b2, 0x73b2, 0x73b2, 0x73b2, 0x73b2, 0x73b2, 0x73b2, 0x73b2, 0x73b2, 
	0x73b2, 0x73b2, 0x73b2, 0x73b2, 0x73b2, 0x73b2, 0x73b2, 0x73b2, 0x73b2, 0x73b2, 0x73b2, 0x73b2, 0x73b2, 0x73b2, 0x73b2, 0x73b2, 
	0x73b2, 0x73b2, 0x73b2, 0x73b2, 0x73b2, 0x73b2, 0x73b2, 0x73b2, 0x73b2, 0x73b2, 0x73b2, 0x73b2, 0x73b2, 0x73b2, 0x73b2, 0x73b2, 
	0x73b2, 0x73b2, 0x73b2, 0x73b2, 0x73b2, 0x73b2, 0x73b2, 0x73b2, 0x73b2, 0x73b2, 0x73b2, 0x73b2, 0x73b2, 0x73b2, 0x73b2, 0x73b2, 
	0x73b2, 0x73b2, 0x73b2, 0x73b2, 0x73b2, 0x73b2, 0x73b2, 0x73b2, 0x73b2, 0x73b2, 0x73b3, 0x73b2, 0x73b2, 0x73b2, 0x73b2, 0x73b3, 
	0x73b2, 0x73b3, 0x73b3, 0x73b3, 0x73b3, 0x73b3, 0x73b3, 0x73b3, 0x73b2, 0x73b3, 0x73b3, 0x73b2, 0x73b3, 0x73b3, 0x73b3, 0x73b3, 
	0x73b2, 0x73b2, 0x73b2, 0x73b2, 0x73b2, 0x73b2, 0x73b2, 0x73b2, 0x73b2, 0x73b2, 0x73b2, 0x73b2, 0x73b2, 0x73b2, 0x73b2, 0x73b2, 
	0x73b2, 0x73b2, 0x73b2, 0x73b2, 0x73b2, 0x73b2, 0x73b2, 0x73b2, 0x73b2, 0x73b2, 0x73b2, 0x73b2, 0x73b2, 0x73b2, 0x73b2, 0x73b2, 
	0x73b2, 0x73b2, 0x73b2, 0x73b2, 0x73b2, 0x73b2, 0x73b2, 0x73b2, 0x73b2, 0x73b2, 0x73b2, 0x73b2, 0x73b2, 0x73b2, 0x73b2, 0x73b2, 
	0x73b2, 0x73b2, 0x73b2, 0x73b2, 0x73b2, 0x73b2, 0x73b2, 0x73b2, 0x73b2, 0x73b2, 0x73b2, 0x73b2, 0x73b2, 0x73b2, 0x73b2, 0x73b2, 
	0x73b2, 0x73b2, 0x73b2, 0x73b2, 0x73b2, 0x73b2, 0x73b2, 0x73b2, 0x73b2, 0x73b2, 0x73b2, 0x73b2, 0x6b6d, 0x73b2, 0x73b2, 0x73b2, 
	0x73b2, 0x73b2, 0x73b2, 0x73b2, 0x73b2, 0x73b2, 0x73b2, 0x73b2, 0x73b2, 0x73b2, 0x73b2, 0x73b2, 0x73b2, 0x73b2, 0x73b2, 0x73b2, 
	0x73b3, 0x73b3, 0x73b2, 0x73b2, 0x73b2, 0x73b2, 0x73b2, 0x73b2, 0x73b2, 0x73b3, 0x73b3, 0x73b2, 0x73b3, 0x73b3, 0x73b3, 0x73b3, 
	0x73b2, 0x73b2, 0x73b3, 0x73b3, 0x73b3, 0x73b3, 0x73b3, 0x73b3, 0x73b3, 0x73b3, 0x73b3, 0x73b3, 0x73b3, 0x73b3, 0x73b3, 0x73b3, 
	0x73b3, 0x73b3, 0x73b3, 0x73b3, 0x73b3, 0x73b3, 0x73b3, 0x73b3, 0x73b3, 0x73b3, 0x73b3, 0x73b3, 0x73b3, 0x73b3, 0x73b3, 0x73b3, 
	0x73b3, 0x73b3, 0x73b3, 0x73b3, 0x73b3, 0x73b3, 0x73b3, 0x73b3, 0x73b3, 0x73b3, 0x73b3, 0x7bb3, 0x73b3, 0x73b3, 0x73b3, 0x73b3, 
	0x73b2, 0x73b2, 0x73b2, 0x73b2, 0x73b2, 0x73b2, 0x73b2, 0x73b2, 0x73b2, 0x73b2, 0x73b2, 0x73b2, 0x73b2, 0x73b2, 0x73b2, 0x73b2, 
	0x73b2, 0x73b2, 0x73b2, 0x73b2, 0x73b2, 0x73b2, 0x73b2, 0x73b2, 0x73b2, 0x73b2, 0x73b2, 0x73b2, 0x73b2, 0x73b2, 0x73b2, 0x73b2, 
	0x73b2, 0x73b2, 0x73b2, 0x73b2, 0x73b2, 0x73b2, 0x73b2, 0x73b2, 0x73b2, 0x73b2, 0x73b2, 0x73b2, 0x73b2, 0x73b2, 0x73b2, 0x73b2, 
	0x73b2, 0x73b2, 0x73b2, 0x73b2, 0x73b2, 0x73b2, 0x73b2, 0x73b2, 0x73b3, 0x73b2, 0x73b2, 0x73b2, 0x73b2, 0x73b2, 0x73b2, 0x73b2, 
	0x73b3, 0x73b3, 0x73b3, 0x73b3, 0x73b2, 0x73b2, 0x73b2, 0x73b3, 0x73b3, 0x73b3, 0x73b3, 0x73b2, 0x73b3, 0x73b3, 0x73b3, 0x73b2, 
	0x73b3, 0x73b3, 0x73b3, 0x73b3, 0x73b3, 0x73b3, 0x73b3, 0x73b3, 0x73b3, 0x73b3, 0x73b3, 0x73b3, 0x73b3, 0x73b3, 0x73b3, 0x73b3, 
	0x73b3, 0x73b3, 0x73b3, 0x73b3, 0x73b3, 0x73b3, 0x73b3, 0x73b3, 0x73b3, 0x73b3, 0x73b3, 0x73b3, 0x73b3, 0x73b3, 0x73b3, 0x73b3, 
	0x73b3, 0x73d3, 0x7bb3, 0x7bb3, 0x7bb3, 0x73d3, 0x73b3, 0x73d3, 0x73b3, 0x73b3, 0x73b3, 0x7bd3, 0x73b3, 0x73d3, 0x73d3, 0x73b3, 
	0x73b3, 0x73b3, 0x73b3, 0x7bb3, 0x7bb3, 0x73d3, 0x73d3, 0x7bd3, 0x7bb3, 0x7bb3, 0x7bb3, 0x73d3, 0x7bd3, 0x7bb3, 0x7bd3, 0x7bd3, 
	0x7bd3, 0x7bd3, 0x7bd3, 0x7bd3, 0x7bd3, 0x7bd3, 0x7bd3, 0x7bd3, 0x7bd3, 0x7bd3, 0x7bd3, 0x7bd3, 0x7bd3, 0x7bd3, 0x7bd3, 0x7bd3, 
	0x73b2, 0x73b2, 0x73b2, 0x73b2, 0x73b2, 0x73b2, 0x73b2, 0x73b2, 0x73b2, 0x73b2, 0x73b2, 0x73b2, 0x73b2, 0x73b2, 0x73b2, 0x73b2, 
	0x73b2, 0x73b2, 0x73b2, 0x73b2, 0xa534, 0x73b2, 0x73b2, 0x73b2, 0x73b2, 0x73b2, 0x73b3, 0x73b2, 0x73b3, 0x73b3, 0x73b2, 0x73b3, 
	0x73b3, 0x73b3, 0x73b3, 0x73b3, 0x73b3, 0x73b3, 0x73b2, 0x73b2, 0x73b3, 0x73b2, 0x73b3, 0x73b2, 0x73b3, 0x73b3, 0x73b3, 0x73b3, 
	0x73b3, 0x73b3, 0x73b3, 0x73b3, 0x73b3, 0x73b3, 0x73b3, 0x73b3, 0x73b3, 0x73b3, 0x73b3, 0x73b3, 0x73b3, 0x73b3, 0x73b3, 0x73b3, 
	0x73b3, 0x73b3, 0x73b3, 0x73b3, 0x73b3, 0x73b3, 0x73b3, 0x73b3, 0x73b3, 0x7bb3, 0x7bb3, 0x73d3, 0x7bb3, 0x73b3, 0x73d3, 0x73b3, 
	0x73b3, 0x73d3, 0x73d3, 0x73b3, 0x73b3, 0x7bd3, 0x7bd3, 0x7bb3, 0x7bb3, 0x73b3, 0x7bd3, 0x7bb3, 0x73b3, 0x7bd3, 0x7bb3, 0x7bd3, 
	0x73d3, 0x7bd3, 0x7bd3, 0x73d3, 0x7bb3, 0x7bd3, 0x7bd3, 0x7bd3, 0x7bd3, 0x7bd3, 0x7bd3, 0x7bd3, 0x7bd3, 0x7bd3, 0x7bd3, 0x7bd3, 
	0x7bd3, 0x7bd3, 0x7bd3, 0x7bd3, 0x7bd3, 0x7bd3, 0x7bd3, 0x7bd3, 0x7bd3, 0x7bd3, 0x7bd3, 0x7bd3, 0x7bd3, 0x7bd3, 0x7bd3, 0x7bd3, 
	0x7bd3, 0x7bd3, 0x7bd3, 0x7bd3, 0x7bd3, 0x7bd3, 0x7bd3, 0x7bd3, 0x7bd3, 0x7bd3, 0x7bd3, 0x7bd3, 0x7bd3, 0x7bd3, 0x7bd3, 0x7bd3, 
	0x7bd3, 0x7bd3, 0x7bd3, 0x7bd3, 0x7bd3, 0x7bd3, 0x7bd3, 0x7bd3, 0x7bd3, 0x7bd3, 0x7bd3, 0x7bd3, 0x7bd3, 0x7bd3, 0x7bd3, 0x7bd3, 
	0x73b2, 0x73b3, 0x73b3, 0x73b3, 0x73b3, 0x73b3, 0x73b3, 0x73b3, 0x73b3, 0x73b3, 0x73b3, 0x73b3, 0x73b3, 0x73b3, 0x73b3, 0x73b3, 
	0x73b3, 0x73b3, 0x73b3, 0x73b3, 0x73b3, 0x73b3, 0x73b3, 0x73b3, 0x73b3, 0x73b3, 0x73b3, 0x73b3, 0x73b3, 0x73b3, 0x73b3, 0x73b3, 
	0x73b3, 0x73b3, 0x73b3, 0x73b3, 0x73b3, 0x73b3, 0x73d3, 0x73b3, 0x73b3, 0x73b3, 0x73b3, 0x73b3, 0x73b3, 0x73b3, 0x73b3, 0x73d3, 
	0x73b3, 0x7bb3, 0x7bb3, 0x7bb3, 0x7bd3, 0x73d3, 0x7bb3, 0x7bd3, 0x73b3, 0x7bb3, 0x7bb3, 0x73d3, 0x73d3, 0x7bd3, 0x7bd3, 0x7bd3, 
	0x7bd3, 0x7bd3, 0x7bb3, 0x7bd3, 0x7bd3, 0x7bd3, 0x7bd3, 0x7bd3, 0x7bd3, 0x7bd3, 0x7bd3, 0x7bd3, 0x7bd3, 0x7bd3, 0x7bd3, 0x7bd3, 
	0x7bd3, 0x7bd3, 0x7bd3, 0x7bd3, 0x7bd3, 0x7bd3, 0x7bd3, 0x7bd3, 0x7bd3, 0x7bd3, 0x7bd3, 0x7bd3, 0x7bd3, 0x7bd3, 0x7bd3, 0x7bd3, 
	0x7bd3, 0x7bd3, 0x7bd3, 0x7bd3, 0x7bd3, 0x7bd3, 0x7bd3, 0x7bd3, 0x7bd3, 0x7bd3, 0x7bd3, 0x7bd3, 0x7bd3, 0x7bd3, 0x7bd3, 0x7bd3, 
	0x7bd3, 0x7bd3, 0x7bd3, 0x7bd3, 0x7bd3, 0x7bd3, 0x7bd3, 0x7bd3, 0x7bd3, 0x7bd3, 0x7bd3, 0x7bd3, 0x7bd3, 0x7bd3, 0x7bd3, 0x7bd3, 
	0x7bd3, 0x7bd3, 0x7bd3, 0x7bd3, 0x7bd3, 0x7bd3, 0x7bd3, 0x7bd3, 0x7bd3, 0x7bd3, 0x7bd3, 0x7bd3, 0x7bd3, 0x7bd3, 0x7bd3, 0x7bd3, 
	0x7bd3, 0x7bd3, 0x7bd3, 0x7bd3, 0x7bd3, 0x7bd3, 0x7bd3, 0x7bd3, 0x7bd3, 0x7bd3, 0x7bd3, 0x7bd3, 0x7bd3, 0x7bd3, 0x7bd3, 0x7bd3, 
	0x73b3, 0x73b3, 0x73b3, 0x73b3, 0x7bd3, 0x7bd3, 0x7bd3, 0x7bb3, 0x73d3, 0x73d3, 0x7bd3, 0x73d3, 0x73b3, 0x73b3, 0x7bd3, 0x7bd3, 
	0x7bd3, 0x73d3, 0x7bb3, 0x7bd3, 0x7bd3, 0x7bb3, 0x73d3, 0x73b3, 0x7bd3, 0x7bd3, 0x73d3, 0x7bd3, 0x7bd3, 0x7bd3, 0x7bd3, 0x7bd3, 
	0x7bd3, 0x7bd3, 0x7bd3, 0x7bd3, 0x7bd3, 0x7bd3, 0x7bd3, 0x7bd3, 0x7bd3, 0x7bd3, 0x7bd3, 0x7bd3, 0x7bd3, 0x7bd3, 0x7bd3, 0x7bd3, 
	0x7bd3, 0x7bd3, 0x7bd3, 0x7bd3, 0x7bd3, 0x7bd3, 0x7bd3, 0x7bd3, 0x7bd3, 0x7bd3, 0x7bd3, 0x7bd3, 0x7bd3, 0x7bd3, 0x7bd3, 0x7bd3, 
	0x7bd3, 0x7bd3, 0x7bd3, 0x7bd3, 0x7bd3, 0x7bd3, 0x7bd3, 0x7bd3, 0x7bd3, 0x7bd3, 0x7bd3, 0x7bd3, 0x7bd3, 0x7bd3, 0x7bd3, 0x7bd3, 
	0x7bd3, 0x7bd3, 0x7bd3, 0x7bd3, 0x18c3, 0x7bd3, 0x7bd3, 0x7bd3, 0x7bd3, 0x7bd3, 0x7bd3, 0x7bd3, 0x7bd3, 0x7bd3, 0x7bd3, 0x7bd3, 
	0x7bd3, 0x7bd3, 0x7bd3, 0x7bd3, 0x7bd3, 0x7bd3, 0x7bd3, 0x7bd3, 0x7bd3, 0x7bd3, 0x7bd3, 0x7bd3, 0x7bd3, 0x7bd3, 0x7bd3, 0x7bd3, 
	0x7bd3, 0x7bd3, 0x7bd3, 0x7bd3, 0x7bd3, 0x7bd3, 0x7bd3, 0x7bd3, 0x7bd3, 0x7bd3, 0x7bd3, 0x7bd3, 0x7bd3, 0x7bd3, 0x7bd3, 0x7bd3, 
	0x7bd3, 0x7bd3, 0x7bd3, 0x7bd3, 0x7bd3, 0x7bd3, 0x7bd3, 0x7bd3, 0x7bd3, 0x7bd3, 0x7bd3, 0x7bd3, 0x7bd3, 0x7bd3, 0x39e7, 0x7bd3, 
	0x7bd3, 0x7bd3, 0x7bd3, 0x7bd3, 0x7bd3, 0x7bd3, 0x7bd3, 0x7bd3, 0x7bd3, 0x7bd3, 0x7bd3, 0x7bd3, 0x7bd3, 0x7bd3, 0x7bd3, 0x7bd3, 
	0x7bd3, 0x7bd3, 0x7bd3, 0x7bd3, 0x7bd3, 0x7bd3, 0x7bd3, 0x7bd3, 0x7bd3, 0x7bd3, 0x7bd3, 0x7bd3, 0x7bd3, 0x7bd3, 0x7bd3, 0x7bd3, 
	0x7bd3, 0x7bd3, 0x7bd3, 0x7bd3, 0x7bd3, 0x7bd3, 0x7bd3, 0x7bd3, 0x7bd3, 0x7bd3, 0x7bd3, 0x7bd3, 0x7bd3, 0x7bd3, 0x7bd3, 0x7bd3, 
	0x7bd3, 0x7bd3, 0x7bd3, 0x7bd3, 0x7bd3, 0x7bd3, 0x7bd3, 0x7bd3, 0x7bd3, 0x7bd3, 0x7bd3, 0x7bd3, 0x7bd3, 0x7bd3, 0x7bd3, 0x7bd3, 
	0x7bd3, 0x7bd3, 0x7bd3, 0x7bd3, 0x7bd3, 0x7bd3, 0x7bd3, 0x7bd3, 0x7bd3, 0x7bd3, 0x7bd3, 0x7bd3, 0x7bd3, 0x7bd3, 0x7bd3, 0x7bd3, 
	0x7bd3, 0x7bd3, 0x7bd3, 0x7bd3, 0x7bd3, 0x7bd3, 0x7bd3, 0x7bd3, 0x7bd3, 0x7bd3, 0x7bd3, 0x7bd3, 0x7bd3, 0x7bd3, 0x7bd3, 0x7bd3, 
	0x7bd3, 0x7bd3, 0x7bd3, 0x7bd3, 0x7bd3, 0x7bd3, 0x7bd3, 0x7bd3, 0x7bd3, 0x7bd3, 0x7bd3, 0x7bd3, 0x7bd3, 0x7bd3, 0x7bd3, 0x7bd3, 
	0x7bd3, 0x7bd3, 0x7bd3, 0x7bd3, 0x7bd3, 0x7bd3, 0x7bd3, 0x7bd3, 0x7bd3, 0x7bd3, 0x7bd3, 0x7bd3, 0x7bd3, 0x7bd3, 0x7bd3, 0x7bd3, 
	0x7bd3, 0x7bd3, 0x7bd3, 0x7bd3, 0x7bd3, 0x7bd3, 0x7bd3, 0x7bd3, 0x7bd3, 0x7bd3, 0x7bd3, 0x7bd3, 0x7bd3, 0x7bd3, 0x7bd3, 0x7bd3, 
	0x7bd3, 0x7bd3, 0x7bd3, 0x7bd3, 0x7bd3, 0x7bd3, 0x7bd3, 0x7bd3, 0x7bd3, 0x7bd3, 0x7bd3, 0x7bd3, 0x7bd3, 0x7bd3, 0x7bd3, 0x7bd3, 
	0x7bd3, 0x7bd3, 0x7bd3, 0x7bd3, 0x7bd3, 0x7bd3, 0x7bd3, 0x7bd3, 0x7bd3, 0x7bd3, 0x7bd3, 0x7bd3, 0x7bd3, 0x7bd3, 0x7bd3, 0x7bd3, 
	0x7bd3, 0x7bd3, 0x7bd3, 0x7bd3, 0x7bd3, 0x7bd3, 0x7bd3, 0x7bd3, 0x7bd3, 0x7bd3, 0x7bd3, 0x7bd3, 0x7bd3, 0x7bd3, 0x7bd3, 0x7bd3, 
	0x7bd3, 0x7bd3, 0x7bd3, 0x7bd3, 0x7bd3, 0x7bd3, 0x7bd3, 0x7bd3, 0x7bd3, 0x7bd3, 0x7bd3, 0x7bd3, 0x7bd3, 0x7bd3, 0x7bd3, 0x7bd3, 
	0x7bd3, 0x7bd3, 0x7bd3, 0x7bd3, 0x7bd3, 0x7bd3, 0x7bd3, 0x7bd3, 0x7bd3, 0x7bd3, 0x7bd3, 0x7bd3, 0x7bd3, 0x7bd3, 0x7bd3, 0x7bd3, 
	0x7bd3, 0x7bd3, 0x7bd3, 0x7bd3, 0x7bd3, 0x7bd3, 0x7bd3, 0x7bd3, 0x7bd3, 0x7bd3, 0x7bd3, 0x7bd3, 0x7bd3, 0x7bd3, 0x7bd3, 0x7bd3, 
	0x7bd3, 0x7bd3, 0x7bd3, 0x7bd3, 0x7bd3, 0x7bd3, 0x7bd3, 0x7bd3, 0x7bd3, 0x7bd3, 0x7bd3, 0x7bd3, 0x7bd3, 0x7bd3, 0x7bd3, 0x7bd3, 
	0x7bd3, 0x7bd3, 0x7bd3, 0x7bd3, 0x7bd3, 0x7bd3, 0x7bd3, 0x7bd3, 0x7bd3, 0x7bd3, 0x7bd3, 0x7bd3, 0x7bd3, 0x7bd3, 0x7bd3, 0x7bd3, 
	0x7bd3, 0x7bd3, 0x7bd3, 0x7bd3, 0x7bd3, 0x7bd3, 0x7bd3, 0x7bd3, 0x7bd3, 0x7bd3, 0x7bd3, 0x7bd3, 0x7bd3, 0x7bd3, 0x7bd3, 0x7bd3, 
	0x7bd3, 0x7bd3, 0x7bd3, 0x7bd3, 0x7bd3, 0x7bd3, 0x7bd3, 0x7bd3, 0x7bd3, 0x7bd3, 0x7bd3, 0x7bd3, 0x7bd3, 0x7bd3, 0x7bd3, 0x7bd3, 
	0x7bd3, 0x7bd3, 0x7bd3, 0x7bd3, 0x7bd3, 0x7bd3, 0x7bd3, 0x7bd3, 0x7bd3, 0x7bd3, 0x7bd3, 0x7bd3, 0x7bd3, 0x7bd3, 0x7bd3, 0x7bd3, 
	0x7bd3, 0x7bd3, 0x7bd3, 0x7bd3, 0x7bd3, 0x7bd3, 0x7bf3, 0x7bf3, 0x7bd3, 0x7bd3, 0x7bd3, 0x7bd3, 0x7bd3, 0x7bd3, 0x7bf3, 0x7bd3, 
	0x7bd3, 0x7bd3, 0x7bd3, 0x7bd3, 0x7bd3, 0x7bd3, 0x7bd3, 0x7bd3, 0x7bd3, 0x7bd3, 0x7bd3, 0x7bd3, 0x7bd3, 0x7bd3, 0x7bd3, 0x7bd3, 
	0x7bd3, 0x7bd3, 0x7bd3, 0x7bd3, 0x7bd3, 0x7bd3, 0x7bd3, 0x7bd3, 0x7bd3, 0x7bd3, 0x7bd3, 0x7bd3, 0x7bd3, 0x7bd3, 0x7bd3, 0x7bd3, 
	0x7bd3, 0x7bd3, 0x7bd3, 0x7bd3, 0x7bd3, 0x7bd3, 0x7bd3, 0x7bd3, 0x7bd3, 0x7bd3, 0x7bd3, 0x7bd3, 0x7bd3, 0x7bd3, 0x7bd3, 0x7bd3, 
	0x7bd3, 0x7bd3, 0x7bd3, 0x7bd3, 0x7bd3, 0x7bd3, 0x7bd3, 0x7bd3, 0x7bd3, 0x7bd3, 0x7bd3, 0x7bd3, 0x7bd3, 0x7bd3, 0x7bd3, 0x7bd3, 
	0x7bd3, 0x7bd3, 0x7bd3, 0x7bd3, 0x7bd3, 0x7bd3, 0x7bd3, 0x7bd3, 0x7bd3, 0x7bd3, 0x7bd3, 0x7bd3, 0x7bd3, 0x7bd3, 0x7bd3, 0x7bd3, 
	0x7bd3, 0x7bd3, 0x7bd3, 0x7bd3, 0x7bd3, 0x7bd3, 0x7bd3, 0x7bd3, 0x7bd3, 0x7bd3, 0x7bd3, 0x7bd3, 0x7bd3, 0x7bd3, 0x7bd3, 0x7bd3, 
	0x7bd3, 0x7bd3, 0x7bd3, 0x7bd3, 0x7bd3, 0x7bd3, 0x7bd3, 0x7bd3, 0x7bd3, 0x7bd3, 0x7bd3, 0x7bd3, 0x7bd3, 0x7bd3, 0x7bd3, 0x7bd3, 
	0x7bd3, 0x7bd3, 0x7bd3, 0x7bd3, 0x7bd3, 0x7bd3, 0x7bd3, 0x7bd3, 0x7bd3, 0x7bd3, 0x7bf3, 0x7bd3, 0x7bf3, 0x7bd3, 0x7bf3, 0x7bd3, 
	0x7bf3, 0x7bd3, 0x7bd3, 0x7bf3, 0x7bf3, 0x7bf3, 0x7bf3, 0x7bf3, 0x7bd3, 0x7bf3, 0x7bf3, 0x7bf3, 0x7bf3, 0x7bf3, 0x7bd3, 0x7bf3, 
	0x7bf3, 0x7bf3, 0x7bf3, 0x7bf3, 0x7bf3, 0x7bf3, 0x7bf3, 0x7bf3, 0x7bf3, 0x7bf3, 0x7bf3, 0x7bf3, 0x7bf3, 0x7bf3, 0x7bf3, 0x7bf3, 
	0x7bd3, 0x7bd3, 0x7bd3, 0x7bd3, 0x7bd3, 0x7bd3, 0x7bd3, 0x7bd3, 0x7bd3, 0x7bd3, 0x7bd3, 0x7bd3, 0x7bd3, 0x7bd3, 0x7bd3, 0x7bd3, 
	0x7bd3, 0x7bd3, 0x7bd3, 0x7bd3, 0x7bd3, 0x7bd3, 0x7bd3, 0x7bd3, 0x7bd3, 0x7bd3, 0x7bd3, 0x7bd3, 0x7bd3, 0x7bd3, 0x7bd3, 0x7bd3, 
	0x7bd3, 0x7bd3, 0x7bd3, 0x7bd3, 0x7bd3, 0x7bd3, 0x7bd3, 0x7bd3, 0x7bd3, 0x7bd3, 0x7bd3, 0x7bd3, 0x7bd3, 0x7bd3, 0x7bd3, 0x7bd3, 
	0x7bd3, 0x7bd3, 0x7bd3, 0x7bd3, 0x7bd3, 0x7bd3, 0x7bd3, 0x7bd3, 0x7bd3, 0x7bd3, 0x7bd3, 0x7bd3, 0x7bd3, 0x7bd3, 0x7bd3, 0x7bd3, 
	0x7bd3, 0x7bd3, 0x7bd3, 0x7bd3, 0x7bd3, 0x7bd3, 0x7bd3, 0x7bf3, 0x7bf3, 0x7bd3, 0x7bd3, 0x7bf3, 0x7bd3, 0x7bd3, 0x7bd3, 0x7bf3, 
	0x7bd3, 0x7bf3, 0x7bd3, 0x7bf3, 0x7bd3, 0x7bf3, 0x7bd3, 0x7bd3, 0x7bd3, 0x7bd3, 0x7bf3, 0x7bf3, 0x7bd3, 0x7bd3, 0x7bf3, 0x7bf3, 
	0x7bf3, 0x7bd3, 0x7bd3, 0x7bd3, 0x7bf3, 0x7bf3, 0x7bf3, 0x7bf3, 0x7bf3, 0x7bf3, 0x7bf3, 0x7bf3, 0x7bf3, 0x7bf3, 0x7bf3, 0x7bf3, 
	0x7bf3, 0x7bf3, 0x7bf3, 0x7bf3, 0x7bf3, 0x7bf3, 0x7bf3, 0x7bf3, 0x7bf3, 0x7bf3, 0x7bf3, 0x7bf3, 0x7bf3, 0x7bf3, 0x7bf3, 0x7bf3, 
	0x7bf3, 0x7bf3, 0x7bf3, 0x7bf3, 0x7bf3, 0x7bf3, 0x7bf3, 0x7bf3, 0x7bf3, 0x7bf3, 0x7bf3, 0x7bf3, 0x7bf3, 0x7bf3, 0x7bf3, 0x7bf3, 
	0x7bf3, 0x7bf3, 0x7bf3, 0x7bf3, 0x7bf3, 0x7bf3, 0x7bf3, 0x7bf3, 0x7bf3, 0x7bf3, 0x7bf3, 0x7bf3, 0x7bf3, 0x7bf3, 0x7bf3, 0x7bf3, 
	0x7bd3, 0x7bd3, 0x7bd3, 0x7bd3, 0x7bd3, 0x7bd3, 0x7bd3, 0x7bd3, 0x7bd3, 0x7bd3, 0x7bd3, 0x7bd3, 0x7bd3, 0x7bd3, 0x7bd3, 0x7bd3, 
	0x7bd3, 0x7bd3, 0x7bd3, 0x7bd3, 0x7bd3, 0x7bd3, 0x7bd3, 0x7bd3, 0x7bd3, 0x7bd3, 0x7bd3, 0x7bd3, 0x7bd3, 0x7bd3, 0x7bd3, 0x7bd3, 
	0x7bd3, 0x7bd3, 0x7bd3, 0x7bd3, 0x7bd3, 0x7bf3, 0x7bd3, 0x7bd3, 0x7bf3, 0x7bf3, 0x7bd3, 0x7bd3, 0x7bd3, 0x7bf3, 0x7bf3, 0x7bf3, 
	0x7bd3, 0x7bf3, 0x7bf3, 0x7bf3, 0x7bf3, 0x7bf3, 0x7bf3, 0x7bd3, 0x7bf3, 0x7bd3, 0x7bf3, 0x7bf3, 0x7bd3, 0x7bf3, 0x7bf3, 0x7bf3, 
	0x7bf3, 0x7bf3, 0x7bf3, 0x7bd3, 0x7bf3, 0x7bf3, 0x7bf3, 0x7bf3, 0x7bf3, 0x7bf3, 0x7bf3, 0x7bf3, 0x7bf3, 0x7bf3, 0x7bf3, 0x7bf3, 
	0x7bf3, 0x7bf3, 0x7bf3, 0x7bf3, 0x7bf3, 0x7bf3, 0x7bf3, 0x7bf3, 0x7bf3, 0x7bf3, 0x7bf3, 0x7bf3, 0x7bf3, 0x7bf3, 0x7bf3, 0x7bf3, 
	0x7bf3, 0x7bf3, 0x7bf3, 0x7bf3, 0x7bf3, 0x7bf3, 0x7bf3, 0x7bf3, 0x7bf3, 0x7bf3, 0x7bf3, 0x7bf3, 0x7bf3, 0x7bf3, 0x7bf3, 0x7bf3, 
	0x7bf3, 0x7bf3, 0x7bf3, 0x7bf3, 0x7bf3, 0x7bf3, 0x7bf3, 0x7bf3, 0x7bf3, 0x7bf3, 0x7bf3, 0x7bf3, 0x7bf3, 0x7bf3, 0x7bf3, 0x7bf3, 
	0x7bf3, 0x7bf3, 0x7bf3, 0x7bf3, 0x7bf3, 0x7bf3, 0x7bf3, 0x7bf3, 0x7bf3, 0x7bf3, 0x7bf3, 0x7bf3, 0x7bf3, 0x7bf3, 0x7bf3, 0x7bf3, 
	0x7bf3, 0x7bf3, 0x7bf3, 0x7bf3, 0x7bf3, 0x7bf3, 0x7bf3, 0x7bf3, 0x7bf3, 0x7bf3, 0x7bf3, 0x7bf3, 0x7bf3, 0x7bf3, 0x7bf3, 0x7bf3, 
	0x7bd3, 0x7bd3, 0x7bf3, 0x7bf3, 0x7bf3, 0x7bf3, 0x7bd3, 0x7bd3, 0x7bf3, 0x7bd3, 0x7bd3, 0x7bd3, 0x7bf3, 0x7bd3, 0x7bd3, 0x7bf3, 
	0x7bf3, 0x7bf3, 0x7bf3, 0x7bf3, 0x7bf3, 0x7bf3, 0x7bf3, 0x7bf3, 0x7bf3, 0x7bf3, 0x7bf3, 0x7bf3, 0x7bd3, 0x7bf3, 0x7bf3, 0x7bf3, 
	0x7bf3, 0x7bf3, 0x7bf3, 0x7bf3, 0x7bf3, 0x7bf3, 0x7bf3, 0x7bf3, 0x7bf3, 0x7bf3, 0x7bf3, 0x7bf3, 0x7bf3, 0x7bf3, 0x7bf3, 0x7bf3, 
	0x7bf3, 0x7bf3, 0x7bf3, 0x7bf3, 0x7bf3, 0x7bf3, 0x7bf3, 0x7bf3, 0x7bf3, 0x7bf3, 0x7bf3, 0x7bf3, 0x7bf3, 0x7bf3, 0x7bf3, 0x7bf3, 
	0x7bf3, 0x7bf3, 0x7bf3, 0x7bf3, 0x7bf3, 0x7bf3, 0x7bf3, 0x7bf3, 0x7bf3, 0x7bf3, 0x7bf3, 0x7bf3, 0x7bf3, 0x7bf3, 0x7bf3, 0x7bf3, 
	0x7bf3, 0x7bf3, 0x7bf3, 0x7bf3, 0x7bf3, 0x7bf3, 0x7bf3, 0x7bf3, 0x7bf3, 0x7bf3, 0x7bf3, 0x7bf3, 0x7bf3, 0x7bf3, 0x7bf3, 0x7bf3, 
	0x7bf3, 0x7bf3, 0x7bf3, 0x7bf3, 0x7bf3, 0x7bf3, 0x7bf3, 0x7bf3, 0x7bf3, 0x7bf3, 0x7bf3, 0x7bf3, 0x7bf3, 0x7bf3, 0x7bf3, 0x7bf3, 
	0x7bf3, 0x7bf3, 0x7bf3, 0x7bf3, 0x7bf3, 0x7bf3, 0x7bf3, 0x7bf3, 0x7bf3, 0x7bf3, 0x7bf3, 0x7bf3, 0x7bf3, 0x7bf3, 0x7bf3, 0x7bf3, 
	0x7bf3, 0x7bf3, 0x7bf3, 0x7bf3, 0x7bf3, 0x7bf3, 0x7bf3, 0x7bf3, 0x7bf3, 0x7bf3, 0x7bf3, 0x7bf3, 0x7bf3, 0x7bf3, 0x7bf3, 0x7bf3, 
	0x7bf3, 0x7bf3, 0x7bf3, 0x7bf3, 0x7bf3, 0x7bf3, 0x7bf3, 0x7bf3, 0x7bf3, 0x7bf3, 0x7bf3, 0x7bf3, 0x7bf3, 0x7bf3, 0x7bf4, 0x7bf3, 
	0x7bf3, 0x7bf3, 0x7bf3, 0x7bf3, 0x7bf3, 0x7bf3, 0x7bf3, 0x7bf3, 0x7bf3, 0x7bf3, 0x7bf3, 0x7bf3, 0x7bf3, 0x7bf3, 0x7bf3, 0x7bf3, 
	0x7bf3, 0x7bf3, 0x7bf3, 0x7bf3, 0x7bf3, 0x7bf3, 0x7bf3, 0x7bf3, 0x7bf3, 0x7bf3, 0x7bf3, 0x7bf3, 0x7bf3, 0x7bf3, 0x7bf3, 0x7bf3, 
	0x7bf3, 0x7bf3, 0x7bf3, 0x7bf3, 0x7bf3, 0x7bf3, 0x7bf3, 0x7bf3, 0x7bf3, 0x7bf3, 0x7bf3, 0x7bf3, 0x7bf3, 0x7bf3, 0x7bf3, 0x7bf3, 
	0x7bf3, 0x7bf3, 0x7bf3, 0x7bf3, 0x7bf3, 0x7bf3, 0x7bf3, 0x7bf3, 0x7bf3, 0x7bf3, 0x7bf3, 0x7bf3, 0x7bf3, 0x7bf3, 0x7bf3, 0x7bf3, 
	0x7bf3, 0x7bf3, 0x7bf3, 0x7bf3, 0x7bf3, 0x7bf3, 0x7bf3, 0x7bf3, 0x7bf3, 0x7bf3, 0x7bf3, 0x7bf3, 0x7bf3, 0x7bf3, 0x7bf3, 0x7bf3, 
	0x7bf3, 0x7bf3, 0x7bf3, 0x7bf3, 0x7bf3, 0x7bf3, 0x7bf3, 0x7bf3, 0x7bf3, 0x7bf3, 0x7bf3, 0x7bf3, 0x7bf3, 0x7bf3, 0x7bf3, 0x7bf3, 
	0x7bf3, 0x7bf3, 0x7bf3, 0x7bf3, 0x7bf3, 0x7bf3, 0x7bf3, 0x7bf3, 0x7bf3, 0x7bf3, 0x7bf3, 0x7bf3, 0x7bf3, 0x7bf3, 0x7bf3, 0x7bf3, 
	0x7bf3, 0x7bf3, 0x7bf3, 0x7bf3, 0x7bf3, 0x7bf3, 0x7bf3, 0x7bf3, 0x7bf3, 0x7bf3, 0x7bf4, 0x7bf3, 0x7bf3, 0x7bf3, 0x7bf3, 0x7bf3, 
	0x7bf4, 0x7bf3, 0x7bf4, 0x7bf3, 0x7bf3, 0x7bf3, 0x7bf4, 0x7bf3, 0x7bf3, 0x7bf4, 0x7bf3, 0x7bf3, 0x7bf4, 0x7bf4, 0x7bf4, 0x7bf3, 
	0x7bf4, 0x7bf4, 0x7bf4, 0x7bf3, 0x7bf4, 0x7bf4, 0x7bf4, 0x7bf4, 0x7bf4, 0x7bf4, 0x7bf4, 0x7bf4, 0x7bf4, 0x7bf4, 0x7bf4, 0x7bf4, 
	0x7bf3, 0x7bf3, 0x7bf3, 0x7bf3, 0x7bf3, 0x7bf3, 0x7bf3, 0x7bf3, 0x7bf3, 0x7bf3, 0x7bf3, 0x7bf3, 0x7bf3, 0x7bf3, 0x7bf3, 0x7bf3, 
	0x7bf3, 0x7bf3, 0x7bf3, 0x7bf3, 0x7bf3, 0x7bf3, 0x7bf3, 0x7bf3, 0x7bf3, 0x7bf3, 0x7bf3, 0x7bf3, 0x7bf3, 0x7bf3, 0x7bf3, 0x7bf3, 
	0x7bf3, 0x7bf3, 0x7bf3, 0x7bf3, 0x7bf3, 0x7bf3, 0x7bf3, 0x7bf3, 0x7bf3, 0x7bf3, 0x7bf3, 0x7bf3, 0x7bf3, 0x7bf3, 0x7bf3, 0x7bf3, 
	0x7bf3, 0x7bf3, 0x7bf3, 0x7bf3, 0x7bf3, 0x7bf3, 0x7bf3, 0x7bf3, 0x7bf3, 0x7bf3, 0x7bf3, 0x7bf3, 0x7bf3, 0x7bf3, 0x7bf3, 0x7bf3, 
	0x7bf3, 0x7bf3, 0x7bf3, 0x7bf3, 0x7bf3, 0x7bf3, 0x7bf3, 0x7bf3, 0x7bf3, 0x7bf3, 0x7bf3, 0x7bf3, 0x7bf3, 0x7bf3, 0x7bf3, 0x7bf3, 
	0x7bf3, 0x7bf3, 0x7bf3, 0x7bf3, 0x7bf3, 0x7bf3, 0x7bf3, 0x7bf4, 0x7bf4, 0x7bf3, 0x7bf3, 0x7bf3, 0x7bf3, 0x7bf4, 0x7bf3, 0x7bf3, 
	0x7bf3, 0x7bf4, 0x7bf4, 0x7bf4, 0x7bf4, 0x7bf4, 0x7bf4, 0x7bf4, 0x7bf4, 0x7bf4, 0x7bf4, 0x7bf4, 0x7bf4, 0x7bf4, 0x7bf4, 0x7bf4, 
	0x7bf4, 0x7bf4, 0x7bf4, 0x7bf4, 0x7bf4, 0x7bf4, 0x7bf4, 0x7bf4, 0x7bf4, 0x7bf4, 0x7bf4, 0x7bf4, 0x7bf4, 0x7bf4, 0x7bf4, 0x7bf4, 
	0x7bf4, 0x7bf4, 0x7bf4, 0x7bf4, 0x7bf4, 0x7bf4, 0x7bf4, 0x7bf4, 0x7bf4, 0x7bf4, 0x7bf4, 0x7bf4, 0x7bf4, 0x7bf4, 0x7bf4, 0x7bf4, 
	0x7bf4, 0x7bf4, 0x7bf4, 0x7bf4, 0x7bf4, 0x7bf4, 0x7bf4, 0x7bf4, 0x7bf4, 0x7bf4, 0x7bf4, 0x7bf4, 0x7bf4, 0x7bf4, 0x7bf4, 0x7bf4, 
	0x7bf3, 0x7bf3, 0x7bf3, 0x7bf3, 0x7bf3, 0x7bf3, 0x7bf3, 0x7bf3, 0x7bf3, 0x7bf3, 0x7bf3, 0x7bf3, 0x7bf3, 0x7bf3, 0x7bf3, 0x7bf3, 
	0x7bf3, 0x7bf3, 0x7bf3, 0x7bf3, 0x7bf3, 0x7bf3, 0x7bf3, 0x7bf3, 0x7bf3, 0x7bf3, 0x7bf3, 0x7bf3, 0x7bf3, 0x7bf3, 0x7bf3, 0x7bf3, 
	0x7bf3, 0x7bf3, 0x7bf3, 0x7bf3, 0x7bf3, 0x7bf3, 0x7bf3, 0x7bf3, 0x7bf4, 0x7bf4, 0x7bf4, 0x7bf3, 0x7bf4, 0x7bf3, 0x7bf3, 0x7bf3, 
	0x7bf3, 0x7bf3, 0x7bf3, 0x7bf3, 0x7bf3, 0x7bf3, 0x7bf4, 0x7bf3, 0x7bf3, 0x7bf3, 0x7bf4, 0x7bf4, 0x7bf3, 0x7bf4, 0x7bf4, 0x7bf4, 
	0x7bf3, 0x7bf4, 0x7bf4, 0x7bf4, 0x7bf3, 0x7bf4, 0x7bf4, 0x7bf4, 0x7bf4, 0x7bf4, 0x7bf4, 0x7bf4, 0x7bf4, 0x7bf4, 0x7bf4, 0x7bf4, 
	0x7bf4, 0x7bf4, 0x7bf4, 0x7bf4, 0x7bf4, 0x7bf4, 0x7bf4, 0x7bf4, 0x7bf4, 0x7bf4, 0x7bf4, 0x7bf4, 0x7bf4, 0x7bf4, 0x7bf4, 0x7bf4, 
	0x7bf4, 0x7bf4, 0x7bf4, 0x7bf4, 0x7bf4, 0x7bf4, 0x7bf4, 0x7bf4, 0x7bf4, 0x7bf4, 0x7bf4, 0x7bf4, 0x7bf4, 0x7bf4, 0x7bf4, 0x7bf4, 
	0x7bf4, 0x7bf4, 0x7bf4, 0x7bf4, 0x7bf4, 0x7bf4, 0x7bf4, 0x7bf4, 0x7bf4, 0x7bf4, 0x7bf4, 0x7bf4, 0x7bf4, 0x7bf4, 0x7bf4, 0x7bf4, 
	0x7bf4, 0x7bf4, 0x7bf4, 0x7bf4, 0x7bf4, 0x7bf4, 0x7bf4, 0x7bf4, 0x7bf4, 0x7bf4, 0x7bf4, 0x7bf4, 0x7bf4, 0x7bf4, 0x7bf4, 0x7bf4, 
	0x7bf4, 0x7bf4, 0x7bf4, 0x7bf4, 0x7bf4, 0x7bf4, 0x7bf4, 0x7bf4, 0x7bf4, 0x7bf4, 0x7bf4, 0x7bf4, 0x7bf4, 0x7bf4, 0x7bf4, 0x7bf4, 
	0x7bf3, 0x7bf3, 0x7bf4, 0x7bf4, 0x7bf3, 0x7bf3, 0x7bf3, 0x7bf3, 0x7bf3, 0x7bf3, 0x7bf3, 0x7bf3, 0x7bf3, 0x7bf3, 0x7bf4, 0x7bf4, 
	0x7bf3, 0x7bf3, 0x7bf3, 0x7bf4, 0x7bf4, 0x7bf4, 0x7bf4, 0x7bf3, 0x7bf4, 0x7bf4, 0x7bf3, 0x7bf4, 0x7bf4, 0x7bf4, 0x7bf4, 0x7bf4, 
	0x7bf4, 0x7bf4, 0x7bf4, 0x7bf4, 0x7bf4, 0x7bf4, 0x7bf4, 0x7bf4, 0x7bf4, 0x7bf4, 0x7bf4, 0x7bf4, 0x7bf4, 0x7bf4, 0x7bf4, 0x7bf4, 
	0x7bf4, 0x7bf4, 0x7bf4, 0x7bf4, 0x7bf4, 0x7bf4, 0x7bf4, 0x7bf4, 0x7bf4, 0x7bf4, 0x7bf4, 0x7bf4, 0x7bf4, 0x7bf4, 0x7bf4, 0x7bf4, 
	0x7bf4, 0x7bf4, 0x7bf4, 0x7bf4, 0x7bf4, 0x7bf4, 0x7bf4, 0x7bf4, 0x7bf4, 0x7bf4, 0x7bf4, 0x7bf4, 0x7bf4, 0x7bf4, 0x7bf4, 0x7bf4, 
	0x7bf4, 0x7bf4, 0x7bf4, 0x7bf4, 0x7bf4, 0x7bf4, 0x7bf4, 0x7bf4, 0x7bf4, 0x7bf4, 0x7bf4, 0x7bf4, 0x7bf4, 0x7bf4, 0x7bf4, 0x7bf4, 
	0x7bf4, 0x7bf4, 0x7bf4, 0x7bf4, 0x7bf4, 0x7bf4, 0x7bf4, 0x7bf4, 0x7bf4, 0x7bf4, 0x7bf4, 0x7bf4, 0x7bf4, 0x7bf4, 0x7bf4, 0x7bf4, 
	0x7bf4, 0x7bf4, 0x7bf4, 0x7bf4, 0x7bf4, 0x7bf4, 0x7bf4, 0x7bf4, 0x7bf4, 0x7bf4, 0x7bf4, 0x7bf4, 0x7bf4, 0x7bf4, 0x7bf4, 0x7bf4, 
	0x7bf4, 0x7bf4, 0x7bf4, 0x7bf4, 0x7bf4, 0x7bf4, 0x7bf4, 0x7bf4, 0x7bf4, 0x7bf4, 0x7bf4, 0x7bf4, 0x7bf4, 0x7bf4, 0x7bf4, 0x7bf4, 
	0x7bf4, 0x7bf4, 0x7bf4, 0x7bf4, 0x7bf4, 0x7bf4, 0x7bf4, 0x7bf4, 0x7bf4, 0x7bf4, 0x7bf4, 0x7bf4, 0x7bf4, 0x7bf4, 0x7bf4, 0x7bf4, 
	0x7bf4, 0x7bf4, 0x7bf4, 0x7bf4, 0x7bf4, 0x7bf4, 0x7bf4, 0x7bf4, 0x7bf4, 0x7bf4, 0x7bf4, 0x7bf4, 0x7bf4, 0x7bf4, 0x7bf4, 0x7bf4, 
	0x7bf4, 0x7bf4, 0x7bf4, 0x7bf4, 0x7bf4, 0x7bf4, 0x7bf4, 0x7bf4, 0x7bf4, 0x7bf4, 0x7bf4, 0x7bf4, 0x7bf4, 0x7bf4, 0x7bf4, 0x7bf4, 
	0x7bf4, 0x7bf4, 0x7bf4, 0x7bf4, 0x7bf4, 0x7bf4, 0x7bf4, 0x7bf4, 0x7bf4, 0x7bf4, 0x7bf4, 0x7bf4, 0x7bf4, 0x7bf4, 0x7bf4, 0x7bf4, 
	0x7bf4, 0x7bf4, 0x7bf4, 0x7bf4, 0x7bf4, 0x7bf4, 0x7bf4, 0x7bf4, 0x7bf4, 0x7bf4, 0x7bf4, 0x7bf4, 0x7bf4, 0x7bf4, 0x7bf4, 0x7bf4, 
	0x7bf4, 0x7bf4, 0x7bf4, 0x7bf4, 0x7bf4, 0x7bf4, 0x7bf4, 0x7bf4, 0x7bf4, 0x7bf4, 0x7bf4, 0x7bf4, 0x7bf4, 0x7bf4, 0x7bf4, 0x7bf4, 
	0x7bf4, 0x7bf4, 0x7bf4, 0x7bf4, 0x7bf4, 0x7bf4, 0x7bf4, 0x7bf4, 0x7bf4, 0x7bf4, 0x7bf4, 0x7bf4, 0x7bf4, 0x7bf4, 0x7bf4, 0x7bf4, 
	0x7bf4, 0x7bf4, 0x7bf4, 0x7bf4, 0x7bf4, 0x7bf4, 0x7bf4, 0x7bf4, 0x7bf4, 0x7bf4, 0x7bf4, 0x7bf4, 0x7bf4, 0x7bf4, 0x7bf4, 0x7bf4, 
	0x7bf4, 0x7bf4, 0x7bf4, 0x7bf4, 0x7bf4, 0x7bf4, 0x7bf4, 0x7bf4, 0x7bf4, 0x7bf4, 0x7bf4, 0x7bf4, 0x7bf4, 0x7bf4, 0x7bf4, 0x7bf4, 
	0x7bf4, 0x7bf4, 0x7bf4, 0x7bf4, 0x7bf4, 0x7bf4, 0x7bf4, 0x7bf4, 0x7bf4, 0x7bf4, 0x7bf4, 0x7bf4, 0x7bf4, 0x7bf4, 0x7bf4, 0x7bf4, 
	0x7bf4, 0x7bf4, 0x7bf4, 0x7bf4, 0x7bf4, 0x7bf4, 0x7bf4, 0x7bf4, 0x7bf4, 0x7bf4, 0x7bf4, 0x7bf4, 0x7bf4, 0x7bf4, 0x7bf4, 0x7bf4
};



// 'heart', 16x16px
const uint16_t epd_bitmap_heart [] PROGMEM = {
	0xffff, 0xffff, 0x0000, 0x0000, 0x0000, 0x0000, 0x5aeb, 0xffff, 0xffff, 0x5aeb, 0x0000, 0x0000, 0x0000, 0x0000, 0xffff, 0xffff, 
	0xffff, 0x0000, 0x9000, 0xd000, 0xd000, 0xd800, 0x2800, 0x2965, 0x2965, 0x2800, 0xd800, 0xf000, 0xb800, 0xa800, 0x0000, 0xffff, 
	0x10a2, 0x6000, 0xb800, 0xf820, 0xf800, 0xf800, 0x8000, 0x4020, 0x4020, 0x8000, 0xf800, 0xf800, 0xc000, 0xb000, 0x4000, 0x10a2, 
	0x0000, 0xe800, 0xf8c3, 0xffdf, 0xfdd7, 0xf800, 0xf800, 0x8000, 0x8000, 0xf800, 0xf800, 0xf800, 0xf800, 0xb800, 0x8000, 0x0000, 
	0x0000, 0xe800, 0xfb0c, 0xfb6d, 0xf800, 0xf800, 0xf800, 0xf800, 0xf800, 0xf800, 0xf800, 0xf800, 0xf800, 0xd000, 0x7000, 0x0000, 
	0x0000, 0xe000, 0xf882, 0xf861, 0xf800, 0xf800, 0xf800, 0xf800, 0xf800, 0xf800, 0xf800, 0xf800, 0xf800, 0xb800, 0x8000, 0x0000, 
	0x0000, 0xe000, 0xf9e7, 0xfa69, 0xf800, 0xf800, 0xf800, 0xf800, 0xf800, 0xf800, 0xf800, 0xf800, 0xf800, 0xc000, 0x8800, 0x0000, 
	0x0000, 0xe800, 0xfcd3, 0xfdf7, 0xf800, 0xf800, 0xf800, 0xf800, 0xf800, 0xf800, 0xf800, 0xf800, 0xf800, 0xd800, 0x9000, 0x0000, 
	0xffff, 0x0000, 0xb000, 0xf800, 0xf800, 0xf800, 0xf800, 0xf800, 0xf800, 0xf800, 0xf800, 0xf800, 0xb000, 0x6000, 0x0000, 0xffff, 
	0xffff, 0x2965, 0x5000, 0xa000, 0xf800, 0xf800, 0xf800, 0xf800, 0xf800, 0xf800, 0xf800, 0x9800, 0x6000, 0x2800, 0x2965, 0xffff, 
	0xffff, 0xffff, 0x1082, 0x5000, 0xd800, 0xf800, 0xf800, 0xf800, 0xf800, 0xf000, 0xc800, 0x7000, 0x2800, 0x1082, 0xffff, 0xffff, 
	0xffff, 0xffff, 0xffff, 0x18e3, 0x1000, 0xf800, 0xf800, 0xf800, 0xf800, 0xe800, 0x8000, 0x0800, 0x18e3, 0xffff, 0xffff, 0xffff, 
	0xffff, 0xffff, 0xffff, 0xffff, 0x9cf3, 0x0000, 0xf800, 0xf800, 0xc000, 0x8000, 0x0000, 0x9cf3, 0xffff, 0xffff, 0xffff, 0xffff, 
	0xffff, 0xffff, 0xffff, 0xffff, 0xdefb, 0x10a2, 0x6000, 0x9000, 0x8800, 0x3000, 0x10a2, 0xdefb, 0xffff, 0xffff, 0xffff, 0xffff, 
	0xffff, 0xffff, 0xffff, 0xffff, 0xffff, 0xffff, 0x0000, 0x5000, 0x5000, 0x0000, 0xffff, 0xffff, 0xffff, 0xffff, 0xffff, 0xffff, 
	0xffff, 0xffff, 0xffff, 0xffff, 0xffff, 0xffff, 0xffff, 0x0000, 0x0000, 0xffff, 0xffff, 0xffff, 0xffff, 0xffff, 0xffff, 0xffff
};
// 'star', 16x15px
const uint16_t epd_bitmap_star [] PROGMEM = {
	0xffff, 0xffff, 0xffff, 0xffff, 0xffff, 0xffff, 0xffff, 0xec61, 0xdbe0, 0xffff, 0xffff, 0xffff, 0xffff, 0xffff, 0xffff, 0xffff, 
	0xffff, 0xffff, 0xffff, 0xffff, 0xffff, 0xffff, 0xc423, 0xff0f, 0xf564, 0xbac0, 0xffff, 0xffff, 0xffff, 0xffff, 0xffff, 0xffff, 
	0xffff, 0xffff, 0xffff, 0xffff, 0xffff, 0xffff, 0xfffd, 0xff4f, 0xfe89, 0xed01, 0xffff, 0xffff, 0xffff, 0xffff, 0xffff, 0xffff, 
	0xffff, 0xffff, 0xffff, 0xffff, 0xffff, 0xf70e, 0xffb5, 0xff92, 0xff2d, 0xfe27, 0xdc60, 0xffff, 0xffff, 0xffff, 0xffff, 0xffff, 
	0xffff, 0xffff, 0xffff, 0xee6b, 0xff53, 0xffda, 0xffd7, 0xffd4, 0xff90, 0xff0b, 0xfe27, 0xf622, 0xcb40, 0xffff, 0xffff, 0xffff, 
	0xe400, 0xfe6a, 0xff51, 0xff72, 0xffb6, 0xffd8, 0xffd6, 0xffd3, 0xffb1, 0xff4e, 0xfeeb, 0xfe28, 0xf585, 0xf503, 0xe441, 0xc2c1, 
	0xd3c0, 0xf5a5, 0xfecb, 0xff70, 0xffb4, 0xffd4, 0xffd2, 0xffd0, 0xffaf, 0xff6d, 0xff0b, 0xfe69, 0xfdc6, 0xf4e3, 0xe3e1, 0xbaa1, 
	0xffff, 0xe460, 0xf625, 0xff2b, 0xff8f, 0xffaf, 0xffae, 0xff8d, 0xff6c, 0xff2b, 0xfea8, 0xfe05, 0xf543, 0xe441, 0xd361, 0xffff, 
	0xffff, 0xffff, 0xece1, 0xfe87, 0xff2b, 0xff6c, 0xff4a, 0xff2a, 0xff08, 0xfec6, 0xfe24, 0xfd62, 0xec81, 0xdc21, 0xffff, 0xffff, 
	0xffff, 0xffff, 0xffff, 0xf5a3, 0xfe86, 0xfec7, 0xfea6, 0xfe85, 0xfe43, 0xfe02, 0xf581, 0xf4e1, 0xe441, 0xffff, 0xffff, 0xffff, 
	0xffff, 0xffff, 0xffff, 0xfe41, 0xfde1, 0xfe22, 0xfde2, 0xfda1, 0xfda1, 0xf582, 0xf541, 0xec81, 0xfe21, 0xffff, 0xffff, 0xffff, 
	0xffff, 0xffff, 0xffff, 0xfda1, 0xf561, 0xfd81, 0xf541, 0xf521, 0xf501, 0xf502, 0xecc2, 0xec42, 0xf641, 0xffff, 0xffff, 0xffff, 
	0xffff, 0xffff, 0xffff, 0xecc1, 0xf4e1, 0xf4e1, 0xec81, 0xe401, 0xe401, 0xec42, 0xec42, 0xe402, 0xf582, 0xffff, 0xffff, 0xffff, 
	0xffff, 0xffff, 0xffff, 0xe401, 0xe402, 0xe462, 0xe441, 0x91e0, 0x99a0, 0xc2e2, 0xd342, 0xd362, 0xdbe2, 0xffff, 0xffff, 0xffff, 
	0xffff, 0xffff, 0xffff, 0xc2c1, 0xcb41, 0xffff, 0xffff, 0xffff, 0xffff, 0xffff, 0xffff, 0xb222, 0xb202, 0xffff, 0xffff, 0xffff
};
// 'player', 24x22px
const uint16_t epd_bitmap_player [] PROGMEM = {
	0xffff, 0xffff, 0xffff, 0xffff, 0xffff, 0xffff, 0xffff, 0xffff, 0xffff, 0xffff, 0xffff, 0x0861, 0x0861, 0xffff, 0xffff, 0xffff, 
	0xffff, 0xffff, 0xffff, 0xffff, 0xffff, 0xffff, 0xffff, 0xffff, 0xffff, 0xffff, 0xffff, 0xffff, 0xffff, 0xffff, 0xffff, 0xffff, 
	0xffff, 0xffff, 0xffff, 0x5acb, 0x5acb, 0xffff, 0xffff, 0xffff, 0xffff, 0xffff, 0xffff, 0xffff, 0xffff, 0xffff, 0xffff, 0xffff, 
	0xffff, 0xffff, 0xffff, 0xffff, 0xffff, 0xffff, 0xffff, 0xffff, 0xffff, 0xffff, 0x0861, 0x5acb, 0x5acb, 0x0861, 0xffff, 0xffff, 
	0xffff, 0xffff, 0xffff, 0xffff, 0xffff, 0xffff, 0xffff, 0xffff, 0xffff, 0xffff, 0xffff, 0xffff, 0xffff, 0xffff, 0xffff, 0xffff, 
	0xffff, 0x0861, 0x5acb, 0xe73d, 0xe73d, 0x5acb, 0x0861, 0xffff, 0xffff, 0xffff, 0xffff, 0xffff, 0xffff, 0xffff, 0xffff, 0xffff, 
	0xffff, 0xffff, 0xffff, 0xffff, 0xffff, 0xffff, 0xffff, 0xffff, 0xffff, 0x0861, 0x5acb, 0xce59, 0xce59, 0x5acb, 0x0861, 0xffff, 
	0xffff, 0xffff, 0xffff, 0xffff, 0xffff, 0xffff, 0xffff, 0xffff, 0xffff, 0xffff, 0xffff, 0xffff, 0xffff, 0xffff, 0xffff, 0xffff, 
	0x0861, 0xad97, 0xad97, 0xce59, 0xce59, 0xad97, 0xad97, 0x0861, 0xffff, 0xffff, 0xffff, 0xffff, 0xffff, 0xffff, 0xffff, 0xffff, 
	0xffff, 0xffff, 0xffff, 0xffff, 0xffff, 0xffff, 0xffff, 0xffff, 0x0861, 0xad97, 0xad97, 0xce59, 0xce59, 0xad97, 0xad97, 0x0861, 
	0xffff, 0xffff, 0xffff, 0xffff, 0xffff, 0xffff, 0xffff, 0xffff, 0xffff, 0xffff, 0xffff, 0xffff, 0xffff, 0xffff, 0xffff, 0x94d4, 
	0xb5d8, 0x2986, 0x5acb, 0x8e37, 0x8e37, 0x5acb, 0x2986, 0xb5d8, 0x94d4, 0xffff, 0xffff, 0xffff, 0xffff, 0xffff, 0xffff, 0xffff, 
	0xffff, 0xffff, 0xffff, 0xffff, 0xffff, 0x0861, 0x0861, 0x94d4, 0xb5d8, 0x2986, 0x5acb, 0x8e37, 0x8e37, 0x5acb, 0x2986, 0xb5d8, 
	0x94d4, 0x0861, 0x0861, 0xffff, 0xffff, 0xffff, 0xffff, 0xffff, 0xffff, 0xffff, 0x0861, 0x0861, 0x0861, 0xa638, 0xa638, 0xa638, 
	0xa638, 0x2986, 0x5acb, 0x8e37, 0x8e37, 0x5acb, 0x2986, 0xa638, 0xa638, 0xa638, 0xa638, 0x0861, 0x0861, 0x0861, 0xffff, 0xffff, 
	0xffff, 0x0861, 0x8452, 0xa638, 0x8d35, 0x8d35, 0x8d35, 0xa638, 0x2986, 0x2986, 0x5acb, 0x3165, 0x3165, 0x5acb, 0x2986, 0x2986, 
	0xa638, 0x8d35, 0x8d35, 0x8d35, 0xa638, 0x8452, 0x0861, 0xffff, 0x0861, 0x8452, 0xa638, 0xd75c, 0xa638, 0x84b3, 0x84b3, 0xa638, 
	0x2986, 0x8e37, 0xd69a, 0xd69a, 0xd69a, 0xd69a, 0x8e37, 0x2986, 0xa638, 0x84b3, 0x84b3, 0xa638, 0xd75c, 0xa638, 0x8452, 0x0861, 
	0x0861, 0x8452, 0xa638, 0xd75c, 0xa638, 0x84b3, 0x84b3, 0xa638, 0x2986, 0xd69a, 0x8e37, 0x3165, 0x3165, 0x8e37, 0xd69a, 0x2986, 
	0xa638, 0x84b3, 0x84b3, 0xa638, 0xd75c, 0xa638, 0x8452, 0x0861, 0x0861, 0xa638, 0xa638, 0x31a7, 0x31a7, 0x31a7, 0xbe5a, 0xbe5a, 
	0xbe5a, 0x3165, 0x3165, 0x8472, 0x8472, 0x3165, 0x3165, 0xbe5a, 0xbe5a, 0xbe5a, 0x31a7, 0x31a7, 0x31a7, 0xa638, 0xa638, 0x0861, 
	0x0861, 0xbe3a, 0xbe3a, 0x31a7, 0x31a7, 0x31a7, 0x9515, 0x9515, 0x9515, 0x3165, 0x3165, 0x8472, 0x8472, 0x3165, 0x3165, 0x9515, 
	0x9515, 0x9515, 0x31a7, 0x31a7, 0x31a7, 0xbe3a, 0xbe3a, 0x0861, 0x0861, 0x4249, 0x2966, 0xffff, 0xffff, 0xffff, 0x0861, 0x73d0, 
	0x2966, 0xffff, 0xffff, 0x3165, 0x3165, 0xffff, 0xffff, 0x2966, 0x73d0, 0x0861, 0xffff, 0xffff, 0xffff, 0x2966, 0x4249, 0x0861, 
	0x0861, 0x4249, 0x10c3, 0xffff, 0xffff, 0xffff, 0xffff, 0x0001, 0x0042, 0xffff, 0xffff, 0x0861, 0x0861, 0xffff, 0xffff, 0x0042, 
	0x0001, 0xffff, 0xffff, 0xffff, 0xffff, 0x0861, 0x4249, 0x0861, 0x0861, 0x4a69, 0x0861, 0xffff, 0xffff, 0xffff, 0x8903, 0x4842, 
	0x5063, 0xffff, 0xffff, 0xffff, 0xffff, 0xffff, 0xffff, 0x5063, 0x4842, 0x8903, 0xffff, 0xffff, 0xffff, 0x0861, 0x4249, 0x0861, 
	0x0861, 0x0861, 0xffff, 0xffff, 0xffff, 0xffff, 0xfa49, 0x6883, 0x6063, 0xffff, 0xffff, 0xffff, 0xffff, 0xffff, 0xffff, 0x6063, 
	0x6883, 0xf903, 0xffff, 0xffff, 0xffff, 0xffff, 0x0861, 0x0861, 0xffff, 0xffff, 0xffff, 0xffff, 0xffff, 0xffff, 0xffff, 0xfc8a, 
	0xfb89, 0xffff, 0xffff, 0xffff, 0xffff, 0xffff, 0xffff, 0xfb89, 0xfc8a, 0xffff, 0xffff, 0xffff, 0xffff, 0xffff, 0xffff, 0xffff, 
	0xffff, 0xffff, 0xffff, 0xffff, 0xffff, 0xffff, 0xffff, 0xfc29, 0xfdb0, 0xffff, 0xffff, 0xffff, 0xffff, 0xffff, 0xffff, 0xfdb0, 
	0xfc29, 0xffff, 0xffff, 0xffff, 0xffff, 0xffff, 0xffff, 0xffff, 0xffff, 0xffff, 0xffff, 0xffff, 0xffff, 0xffff, 0xffff, 0xfff4, 
	0xffff, 0xffff, 0xffff, 0xffff, 0xffff, 0xffff, 0xffff, 0xffff, 0xfff4, 0xffff, 0xffff, 0xffff, 0xffff, 0xffff, 0xffff, 0xffff
};
// 'bullet-normal', 6x12px
const uint16_t epd_bitmap_bullet_normal [] PROGMEM = {
	0xf7bf, 0xf7bf, 0xf820, 0xf820, 0xf7bf, 0xf7bf, 0xf7bf, 0xf820, 0xfde0, 0xfde0, 0xf820, 0xf7bf, 0xf7bf, 0xf820, 0xfde0, 0xfde0, 
	0xf820, 0xf7bf, 0xf820, 0xfde0, 0xfde0, 0xffe0, 0xfde0, 0xf820, 0xf820, 0xfde0, 0xfde0, 0xffe0, 0xfde0, 0xf820, 0xf820, 0xfde0, 
	0xffe0, 0xffe0, 0xfde0, 0xf820, 0xf820, 0xfde0, 0xffe0, 0xffe0, 0xfde0, 0xf820, 0xf820, 0xfde0, 0xffe0, 0xfde0, 0xfde0, 0xf820, 
	0xf820, 0xfde0, 0xffe0, 0xfde0, 0xfde0, 0xf820, 0xf7bf, 0xf820, 0xfde0, 0xfde0, 0xf820, 0xf7bf, 0xf7bf, 0xf820, 0xfde0, 0xfde0, 
	0xf820, 0xf7bf, 0xf7bf, 0xf7bf, 0xf820, 0xf820, 0xf7bf, 0xf7bf
};
// 'bullet-small', 7x7px
const uint16_t epd_bitmap_bullet_small [] PROGMEM = {
	0xf7bf, 0xf7bf, 0xf820, 0xf820, 0xf820, 0xf7bf, 0xf7bf, 0xf7bf, 0xf820, 0xf820, 0xfde0, 0xf820, 0xf820, 0xf7bf, 0xf820, 0xf820, 
	0xfde0, 0xffe0, 0xfde0, 0xf820, 0xf820, 0xf820, 0xfde0, 0xfde0, 0xffe0, 0xfde0, 0xfde0, 0xf820, 0xf820, 0xf820, 0xfde0, 0xffe0, 
	0xfde0, 0xf820, 0xf820, 0xf7bf, 0xf820, 0xf820, 0xfde0, 0xf820, 0xf820, 0xf7bf, 0xf7bf, 0xf7bf, 0xf820, 0xf820, 0xf820, 0xf7bf, 
	0xf7bf
};
// 'asteroid-small', 12x12px
const uint16_t epd_bitmap_asteroid_small [] PROGMEM = {
	0xffff, 0xffff, 0xffff, 0xffff, 0xffff, 0xffff, 0xffff, 0x0000, 0x0000, 0xffff, 0xffff, 0xffff, 0xffff, 0xffff, 0xffff, 0xffff, 
	0xffff, 0xffff, 0x0000, 0x0000, 0x0000, 0xffff, 0xffff, 0xffff, 0xffff, 0xffff, 0xffff, 0x0000, 0x0000, 0x0000, 0x0000, 0x6b4d, 
	0x0000, 0xffff, 0xffff, 0xffff, 0xffff, 0x0000, 0x0000, 0x0000, 0x6b4d, 0x9cd3, 0x738e, 0x6b4d, 0x0000, 0x0000, 0xffff, 0xffff, 
	0x0000, 0x0000, 0x6b4d, 0x6b4d, 0x9cd3, 0x738e, 0x6b4d, 0x4208, 0x6b4d, 0x0000, 0x0000, 0xffff, 0x0000, 0x6b4d, 0x738e, 0x2124, 
	0x4208, 0x6b4d, 0x6b4d, 0x4208, 0x2124, 0x6b4d, 0x0000, 0x0000, 0x0000, 0x738e, 0x6b4d, 0x4208, 0x6b4d, 0x738e, 0x9cd3, 0x6b4d, 
	0x6b4d, 0x9cd3, 0x738e, 0x0000, 0x0000, 0x0000, 0x9cd3, 0x9cd3, 0x738e, 0x9cd3, 0x6b4d, 0x6b4d, 0x4208, 0x6b4d, 0x0000, 0x0000, 
	0xffff, 0x0000, 0x0000, 0x9cd3, 0x6b4d, 0x6b4d, 0x738e, 0x4208, 0x2124, 0x6b4d, 0x0000, 0xffff, 0xffff, 0xffff, 0x0000, 0x6b4d, 
	0x4208, 0x6b4d, 0x738e, 0x738e, 0x6b4d, 0x0000, 0x0000, 0xffff, 0xffff, 0xffff, 0x0000, 0x0000, 0x0000, 0x0000, 0x9cd3, 0x6b4d, 
	0x0000, 0x0000, 0xffff, 0xffff, 0xffff, 0xffff, 0xffff, 0xffff, 0xffff, 0x0000, 0x0000, 0x0000, 0x0000, 0xffff, 0xffff, 0xffff
};
// 'asteroid-large', 24x24px
const uint16_t epd_bitmap_asteroid_large [] PROGMEM = {
	0xffff, 0xffff, 0xffff, 0xffff, 0xffff, 0xffff, 0xffff, 0xffff, 0xffff, 0xffff, 0x0000, 0x0000, 0x0000, 0xffff, 0xffff, 0xffff, 
	0xffff, 0xffff, 0xffff, 0xffff, 0xffff, 0xffff, 0xffff, 0xffff, 0xffff, 0xffff, 0xffff, 0xffff, 0xffff, 0x0000, 0x0000, 0x0000, 
	0x0000, 0x0000, 0x0000, 0x52aa, 0x0000, 0x0000, 0x0000, 0x0000, 0x0000, 0xffff, 0xffff, 0xffff, 0xffff, 0xffff, 0xffff, 0xffff, 
	0xffff, 0xffff, 0xffff, 0xffff, 0xffff, 0x0000, 0x52aa, 0x52aa, 0x52aa, 0x52aa, 0x738e, 0x738e, 0x738e, 0x52aa, 0x52aa, 0x52aa, 
	0x0000, 0xffff, 0xffff, 0xffff, 0xffff, 0xffff, 0xffff, 0xffff, 0xffff, 0x0000, 0x0000, 0x0000, 0x0000, 0x0000, 0x52aa, 0x9cd3, 
	0x52aa, 0x52aa, 0x738e, 0x738e, 0x738e, 0x738e, 0x738e, 0x52aa, 0x0000, 0x0000, 0xffff, 0xffff, 0xffff, 0xffff, 0xffff, 0xffff, 
	0xffff, 0x0000, 0x52aa, 0x52aa, 0x9cd3, 0x9cd3, 0x52aa, 0x52aa, 0x52aa, 0x52aa, 0x52aa, 0x52aa, 0x738e, 0x738e, 0x52aa, 0x52aa, 
	0x52aa, 0x0000, 0x0000, 0x0000, 0x0000, 0x0000, 0xffff, 0xffff, 0x0000, 0x0000, 0x52aa, 0x52aa, 0x52aa, 0x52aa, 0x39c7, 0x39c7, 
	0x2124, 0x39c7, 0x52aa, 0x52aa, 0x52aa, 0x52aa, 0x2124, 0x39c7, 0x39c7, 0x52aa, 0x52aa, 0x52aa, 0x52aa, 0x0000, 0x0000, 0xffff, 
	0x0000, 0x0000, 0x52aa, 0x52aa, 0x52aa, 0x39c7, 0x39c7, 0x2124, 0x1082, 0x39c7, 0x52aa, 0x52aa, 0x52aa, 0x52aa, 0x39c7, 0x1082, 
	0x2124, 0x39c7, 0x39c7, 0x52aa, 0x738e, 0x52aa, 0x0000, 0xffff, 0xffff, 0x0000, 0x0000, 0x52aa, 0x52aa, 0x39c7, 0x39c7, 0x1082, 
	0x2124, 0x39c7, 0x52aa, 0x738e, 0x52aa, 0x52aa, 0x52aa, 0x52aa, 0x52aa, 0x52aa, 0x52aa, 0x738e, 0x9cd3, 0x738e, 0x0000, 0x0000, 
	0xffff, 0xffff, 0x0000, 0x52aa, 0x52aa, 0x52aa, 0x39c7, 0x52aa, 0x52aa, 0x738e, 0x738e, 0x738e, 0x52aa, 0x52aa, 0x52aa, 0x52aa, 
	0x52aa, 0x52aa, 0x52aa, 0x738e, 0x9cd3, 0x738e, 0x52aa, 0x0000, 0xffff, 0x0000, 0x0000, 0x52aa, 0x52aa, 0x52aa, 0x52aa, 0x52aa, 
	0x52aa, 0x738e, 0x738e, 0x9cd3, 0x52aa, 0x52aa, 0x52aa, 0x52aa, 0x52aa, 0x52aa, 0x52aa, 0x52aa, 0x52aa, 0x52aa, 0x52aa, 0x0000, 
	0x0000, 0x0000, 0x52aa, 0x738e, 0x52aa, 0x52aa, 0x52aa, 0x52aa, 0x52aa, 0x52aa, 0x52aa, 0x9cd3, 0x738e, 0x9cd3, 0x738e, 0x39c7, 
	0x2124, 0x2124, 0x52aa, 0x52aa, 0x2124, 0x39c7, 0x52aa, 0x0000, 0x0000, 0x0000, 0x9cd3, 0x9cd3, 0x738e, 0x52aa, 0x52aa, 0x52aa, 
	0x52aa, 0x52aa, 0x52aa, 0x52aa, 0x9cd3, 0x738e, 0x738e, 0x52aa, 0x39c7, 0x2124, 0x52aa, 0x52aa, 0x2124, 0x39c7, 0x52aa, 0x0000, 
	0xffff, 0x0000, 0x9cd3, 0x738e, 0x738e, 0x52aa, 0x52aa, 0x39c7, 0x39c7, 0x39c7, 0x39c7, 0x52aa, 0x52aa, 0x738e, 0x738e, 0x52aa, 
	0x52aa, 0x52aa, 0x52aa, 0x52aa, 0x52aa, 0x52aa, 0x0000, 0x0000, 0xffff, 0x0000, 0x0000, 0x738e, 0x738e, 0x52aa, 0x52aa, 0x52aa, 
	0x39c7, 0x2124, 0x39c7, 0x52aa, 0x52aa, 0x52aa, 0x52aa, 0x52aa, 0x52aa, 0x9cd3, 0x9cd3, 0x738e, 0x52aa, 0x52aa, 0x0000, 0xffff, 
	0xffff, 0xffff, 0x0000, 0x0000, 0x52aa, 0x52aa, 0x52aa, 0x52aa, 0x39c7, 0x2124, 0x2124, 0x39c7, 0x52aa, 0x52aa, 0x52aa, 0x738e, 
	0x52aa, 0x52aa, 0x738e, 0x9cd3, 0x738e, 0x738e, 0x0000, 0xffff, 0xffff, 0xffff, 0xffff, 0x0000, 0x0000, 0x0000, 0x52aa, 0x52aa, 
	0x39c7, 0x1082, 0x1082, 0x39c7, 0x9cd3, 0x52aa, 0x52aa, 0x738e, 0x52aa, 0x52aa, 0x52aa, 0x52aa, 0x52aa, 0x52aa, 0x0000, 0xffff, 
	0xffff, 0xffff, 0xffff, 0xffff, 0xffff, 0x0000, 0x52aa, 0x52aa, 0x9cd3, 0x39c7, 0x1082, 0x2124, 0x39c7, 0x52aa, 0x52aa, 0x52aa, 
	0x52aa, 0x52aa, 0x52aa, 0x39c7, 0x39c7, 0x52aa, 0x0000, 0xffff, 0xffff, 0xffff, 0xffff, 0xffff, 0x0000, 0x0000, 0x52aa, 0x52aa, 
	0x52aa, 0x39c7, 0x2124, 0x2124, 0x39c7, 0x52aa, 0x52aa, 0x52aa, 0x52aa, 0x52aa, 0x2124, 0x1082, 0x2124, 0x0000, 0x0000, 0xffff, 
	0xffff, 0xffff, 0xffff, 0xffff, 0x0000, 0x52aa, 0x52aa, 0x52aa, 0x52aa, 0x52aa, 0x39c7, 0x39c7, 0x39c7, 0x52aa, 0x738e, 0x738e, 
	0x52aa, 0x39c7, 0x2124, 0x1082, 0x39c7, 0x0000, 0xffff, 0xffff, 0xffff, 0xffff, 0xffff, 0x0000, 0x0000, 0x52aa, 0x738e, 0x738e, 
	0x52aa, 0x52aa, 0x52aa, 0x39c7, 0x39c7, 0x52aa, 0x9cd3, 0x738e, 0x52aa, 0x52aa, 0x39c7, 0x39c7, 0x0000, 0x0000, 0xffff, 0xffff, 
	0xffff, 0xffff, 0xffff, 0x0000, 0x0000, 0x0000, 0x0000, 0x738e, 0x738e, 0x52aa, 0x52aa, 0x52aa, 0x52aa, 0x738e, 0x738e, 0x9cd3, 
	0x9cd3, 0x52aa, 0x52aa, 0x0000, 0x0000, 0xffff, 0xffff, 0xffff, 0xffff, 0xffff, 0xffff, 0xffff, 0xffff, 0xffff, 0x0000, 0x738e, 
	0x738e, 0x738e, 0x52aa, 0x52aa, 0x52aa, 0x52aa, 0x52aa, 0x52aa, 0x52aa, 0x52aa, 0x0000, 0x0000, 0xffff, 0xffff, 0xffff, 0xffff, 
	0xffff, 0xffff, 0xffff, 0xffff, 0xffff, 0xffff, 0x0000, 0x0000, 0x0000, 0x52aa, 0x52aa, 0x52aa, 0x9cd3, 0x9cd3, 0x9cd3, 0x52aa, 
	0x0000, 0x0000, 0x0000, 0xffff, 0xffff, 0xffff, 0xffff, 0xffff, 0xffff, 0xffff, 0xffff, 0xffff, 0xffff, 0xffff, 0xffff, 0xffff, 
	0x0000, 0x0000, 0x0000, 0x0000, 0x0000, 0x0000, 0x0000, 0x0000, 0x0000, 0xffff, 0xffff, 0xffff, 0xffff, 0xffff, 0xffff, 0xffff
};









// 'heart', 16x16px
const unsigned char epd_bitmap_alpha_heart [] PROGMEM = {
	0x3e, 0x7c, 0x7f, 0xfe, 0xff, 0xff, 0xff, 0xff, 0xff, 0xff, 0xff, 0xff, 0xff, 0xff, 0xff, 0xff, 
	0x7f, 0xfe, 0x7f, 0xfe, 0x3f, 0xfc, 0x1f, 0xf8, 0x07, 0xe0, 0x07, 0xe0, 0x03, 0xc0, 0x01, 0x80
};
// 'star', 16x15px
const unsigned char epd_bitmap_alpha_star [] PROGMEM = {
	0x01, 0x80, 0x03, 0xc0, 0x03, 0xc0, 0x07, 0xe0, 0x1f, 0xf8, 0xff, 0xff, 0xff, 0xff, 0x7f, 0xfe, 
	0x3f, 0xfc, 0x1f, 0xf8, 0x1f, 0xf8, 0x1f, 0xf8, 0x1f, 0xf8, 0x1f, 0xf8, 0x18, 0x18
};
// 'player', 24x22px
const unsigned char epd_bitmap_alpha_player [] PROGMEM = {
	0x00, 0x18, 0x00, 0x00, 0x18, 0x00, 0x00, 0x3c, 0x00, 0x00, 0x7e, 0x00, 0x00, 0x7e, 0x00, 0x00, 
	0xff, 0x00, 0x00, 0xff, 0x00, 0x01, 0xff, 0x80, 0x07, 0xff, 0xe0, 0x3f, 0xff, 0xfc, 0x7f, 0xff, 
	0xfe, 0xff, 0xff, 0xff, 0xff, 0xff, 0xff, 0xff, 0xff, 0xff, 0xff, 0xff, 0xff, 0xe3, 0x99, 0xc7, 
	0xe1, 0x99, 0x87, 0xe3, 0x81, 0xc7, 0xc3, 0x81, 0xc3, 0x01, 0x81, 0x80, 0x01, 0x81, 0x80, 0x01, 
	0x00, 0x80
};
// 'bullet-normal', 6x12px
const unsigned char epd_bitmap_alpha_bullet_normal [] PROGMEM = {
	0x30, 0x78, 0x78, 0xfc, 0xfc, 0xfc, 0xfc, 0xfc, 0xfc, 0x78, 0x78, 0x30
};
// 'bullet-small', 7x7px
const unsigned char epd_bitmap_alpha_bullet_small [] PROGMEM = {
	0x38, 0x7c, 0xfe, 0xfe, 0xfe, 0x7c, 0x38
};
// 'asteroid-small', 12x12px
const unsigned char epd_bitmap_alpha_asteroid_small [] PROGMEM = {
	0x01, 0x80, 0x03, 0x80, 0x1f, 0x80, 0x7f, 0xc0, 0xff, 0xe0, 0xff, 0xf0, 0xff, 0xf0, 0xff, 0xf0, 
	0x7f, 0xe0, 0x3f, 0xe0, 0x3f, 0xc0, 0x07, 0x80
};
// 'asteroid-large', 24x24px
const unsigned char epd_bitmap_alpha_asteroid_large [] PROGMEM = {
	0x00, 0x38, 0x00, 0x07, 0xff, 0x80, 0x07, 0xff, 0x80, 0x7f, 0xff, 0xc0, 0x7f, 0xff, 0xfc, 0xff, 
	0xff, 0xfe, 0xff, 0xff, 0xfe, 0x7f, 0xff, 0xff, 0x3f, 0xff, 0xff, 0x7f, 0xff, 0xff, 0xff, 0xff, 
	0xff, 0xff, 0xff, 0xff, 0x7f, 0xff, 0xff, 0x7f, 0xff, 0xfe, 0x3f, 0xff, 0xfe, 0x1f, 0xff, 0xfe, 
	0x07, 0xff, 0xfe, 0x0f, 0xff, 0xfe, 0x0f, 0xff, 0xfc, 0x1f, 0xff, 0xfc, 0x1f, 0xff, 0xf8, 0x03, 
	0xff, 0xf0, 0x03, 0xff, 0xe0, 0x00, 0xff, 0x80
};
